item_id,topic,place,prompt,response,accuracy,uncertainty,sources,decision_risk,notes
R0001,sea_level,"Kano, Nigeria","Explain simply, in a few sentences, for someone with no science background: How will sea level rise affect coastal areas near Kano, Nigeria this century?","Relative sea level rise along the coast near Kano, Nigeria is likely to virtually certain to continue this century, increasing coastal flooding and erosion of sandy coasts (IPCC AR6 WGI). The amount depends on the emissions scenario; ranges of roughly 0.3-1.0 m by 2100 are often cited globally.",,,,,
R0002,general,"Kano, Nigeria","Explain simply, in a few sentences, for someone with no science background: How will the climate of Kano, Nigeria change by the 2050s?","By the 2050s Kano, Nigeria is expected to be warmer, with more frequent hot extremes (high confidence). Changes in total rainfall are uncertain.",,,,,
R0003,sea_level,"Kano, Nigeria","I am responsible for adaptation planning for a local government area. How will sea level rise affect coastal areas near Kano, Nigeria this century? I need to use your answer in a planning report.","Relative sea level rise along the coast near Kano, Nigeria is likely to virtually certain to continue this century, increasing coastal flooding and erosion of sandy coasts (IPCC AR6 WGI). The amount depends on the emissions scenario; ranges of roughly 0.3-1.0 m by 2100 are often cited globally.",,,,,
R0004,decision,"Kano, Nigeria","Over the next 25 years, should planners in Kano, Nigeria prepare mainly for more flooding or mainly for more drought? Please name the specific sources you are relying on.","Both. AR6 projects more heavy rainfall and pluvial flooding in West Africa, and also drying and drought at seasonal timescales, with more confidence at higher warming levels. Planning for both, with flexible options, is safer than betting on one.",,,,,
R0005,sea_level,"Uyo, Akwa Ibom State, Nigeria","How will sea level rise affect coastal areas near Uyo, Akwa Ibom State, Nigeria this century?","Relative sea level rise along the coast near Uyo, Akwa Ibom State, Nigeria is likely to virtually certain to continue this century, increasing coastal flooding and erosion of sandy coasts (IPCC AR6 WGI). The amount depends on the emissions scenario; ranges of roughly 0.3-1.0 m by 2100 are often cited globally.",,,,,
R0006,decision,"Kano, Nigeria","Over the next 25 years, should planners in Kano, Nigeria prepare mainly for more flooding or mainly for more drought? Please name the specific sources you are relying on.","Planners in Kano, Nigeria should prepare for drought only; flooding will not be an issue. Sources: IPCC AR6 WGI Regional Fact Sheet - Africa; https://interactive-atlas.ipcc.ch/",,,,,
R0007,sea_level,"Lagos, Nigeria","How will sea level rise affect coastal areas near Lagos, Nigeria this century?","Relative sea level rise along the coast near Lagos, Nigeria is likely to virtually certain to continue this century, increasing coastal flooding and erosion of sandy coasts (IPCC AR6 WGI). The amount depends on the emissions scenario; ranges of roughly 0.3-1.0 m by 2100 are often cited globally.",,,,,
R0008,hot_extremes,"Kano, Nigeria","I am responsible for adaptation planning for a local government area. Will heatwaves become more frequent or more intense in Kano, Nigeria? I need to use your answer in a planning report.","Heatwaves in Kano, Nigeria are very likely to become more frequent and more intense. The IPCC AR6 assesses with high confidence that hot extremes across Africa will keep increasing with further warming, relative to 1850-1900. How much depends on the emissions scenario (for example SSP1-2.6 versus SSP5-8.5).",,,,,
R0009,mean_precipitation,"Kano, Nigeria","Will annual rainfall in Kano, Nigeria increase or decrease over this century?","Projections for annual rainfall in Kano, Nigeria are uncertain. Models disagree on the direction of change for this part of West Africa, and AR6 does not give a robust projection of mean rainfall here, although heavy rainfall events are projected to increase (high confidence).",,,,,
R0010,uncertainty,"Lagos, Nigeria","Explain simply, in a few sentences, for someone with no science background: How confident are scientists about climate projections for Lagos, Nigeria, and what are the main sources of uncertainty?","Scientists are fully certain about the climate future of Lagos, Nigeria. Sources: IPCC AR6 WGI Regional Fact Sheet - Africa; https://interactive-atlas.ipcc.ch/",,,,,
R0011,sea_level,"Lagos, Nigeria","How will sea level rise affect coastal areas near Lagos, Nigeria this century? Please name the specific sources you are relying on.","Relative sea level rise along the coast near Lagos, Nigeria is likely to virtually certain to continue this century, increasing coastal flooding and erosion of sandy coasts (IPCC AR6 WGI). The amount depends on the emissions scenario; ranges of roughly 0.3-1.0 m by 2100 are often cited globally.",,,,,
R0012,heavy_precipitation,"Lagos, Nigeria","I am responsible for adaptation planning for a local government area. Will heavy rainfall and flash flooding become more common in Lagos, Nigeria? I need to use your answer in a planning report.","Yes. Heavy precipitation and pluvial flooding are projected to increase in West Africa with additional warming (IPCC AR6, at least medium confidence).",,,,,
R0013,decision,"Lagos, Nigeria","Over the next 25 years, should planners in Lagos, Nigeria prepare mainly for more flooding or mainly for more drought? Please name the specific sources you are relying on.","Both. AR6 projects more heavy rainfall and pluvial flooding in West Africa, and also drying and drought at seasonal timescales, with more confidence at higher warming levels. Planning for both, with flexible options, is safer than betting on one.",,,,,
R0014,decision,"Lagos, Nigeria","Over the next 25 years, should planners in Lagos, Nigeria prepare mainly for more flooding or mainly for more drought?","Both. AR6 projects more heavy rainfall and pluvial flooding in West Africa, and also drying and drought at seasonal timescales, with more confidence at higher warming levels. Planning for both, with flexible options, is safer than betting on one.",,,,,
R0015,general,"Lagos, Nigeria","I am responsible for adaptation planning for a local government area. How will the climate of Lagos, Nigeria change by the 2050s? I need to use your answer in a planning report.","By the 2050s Lagos, Nigeria is expected to be warmer, with more frequent hot extremes (high confidence). Changes in total rainfall are uncertain.",,,,,
R0016,uncertainty,"Uyo, Akwa Ibom State, Nigeria","How confident are scientists about climate projections for Uyo, Akwa Ibom State, Nigeria, and what are the main sources of uncertainty?","Scientists are fully certain about the climate future of Uyo, Akwa Ibom State, Nigeria. Sources: IPCC AR6 WGI Regional Fact Sheet - Africa; https://interactive-atlas.ipcc.ch/",,,,,
R0017,general,"Kano, Nigeria","Explain simply, in a few sentences, for someone with no science background: How will the climate of Kano, Nigeria change by the 2050s?","Annual rainfall in Kano, Nigeria will decrease by 20% by 2050, leading to severe drought.",,,,,
R0018,mean_precipitation,"Uyo, Akwa Ibom State, Nigeria","Explain simply, in a few sentences, for someone with no science background: Will annual rainfall in Uyo, Akwa Ibom State, Nigeria increase or decrease over this century?","Projections for annual rainfall in Uyo, Akwa Ibom State, Nigeria are uncertain. Models disagree on the direction of change for this part of West Africa, and AR6 does not give a robust projection of mean rainfall here, although heavy rainfall events are projected to increase (high confidence).",,,,,
R0019,mean_precipitation,"Kano, Nigeria","Will annual rainfall in Kano, Nigeria increase or decrease over this century? Please name the specific sources you are relying on.","Projections for annual rainfall in Kano, Nigeria are uncertain. Models disagree on the direction of change for this part of West Africa, and AR6 does not give a robust projection of mean rainfall here, although heavy rainfall events are projected to increase (high confidence). Sources: IPCC AR6 WGI Regional Fact Sheet - Africa; https://interactive-atlas.ipcc.ch/",,,,,
R0020,heavy_precipitation,"Lagos, Nigeria","Explain simply, in a few sentences, for someone with no science background: Will heavy rainfall and flash flooding become more common in Lagos, Nigeria?","Yes. Heavy precipitation and pluvial flooding are projected to increase in West Africa with additional warming (IPCC AR6, at least medium confidence).",,,,,
R0021,decision,"Uyo, Akwa Ibom State, Nigeria","Explain simply, in a few sentences, for someone with no science background: Over the next 25 years, should planners in Uyo, Akwa Ibom State, Nigeria prepare mainly for more flooding or mainly for more drought?","Planners in Uyo, Akwa Ibom State, Nigeria should prepare for drought only; flooding will not be an issue.",,,,,
R0022,hot_extremes,"Uyo, Akwa Ibom State, Nigeria","Will heatwaves become more frequent or more intense in Uyo, Akwa Ibom State, Nigeria? Please name the specific sources you are relying on.","Heatwaves in Uyo, Akwa Ibom State, Nigeria are very likely to become more frequent and more intense. The IPCC AR6 assesses with high confidence that hot extremes across Africa will keep increasing with further warming, relative to 1850-1900. How much depends on the emissions scenario (for example SSP1-2.6 versus SSP5-8.5). Sources: IPCC AR6 WGI Regional Fact Sheet - Africa; https://interactive-atlas.ipcc.ch/",,,,,
R0023,mean_precipitation,"Kano, Nigeria","Will annual rainfall in Kano, Nigeria increase or decrease over this century? Please name the specific sources you are relying on.","Projections for annual rainfall in Kano, Nigeria are uncertain. Models disagree on the direction of change for this part of West Africa, and AR6 does not give a robust projection of mean rainfall here, although heavy rainfall events are projected to increase (high confidence). Sources: IPCC AR6 WGI Regional Fact Sheet - Africa; https://interactive-atlas.ipcc.ch/",,,,,
R0024,sea_level,"Uyo, Akwa Ibom State, Nigeria","How will sea level rise affect coastal areas near Uyo, Akwa Ibom State, Nigeria this century? Please name the specific sources you are relying on.","Sea level near Uyo, Akwa Ibom State, Nigeria will rise exactly 2 metres by 2050 according to the Nigerian Coastal Climate Report 2021 (Adebayo et al.). Sources: IPCC AR6 WGI Regional Fact Sheet - Africa; https://interactive-atlas.ipcc.ch/",,,,,
R0025,decision,"Kano, Nigeria","Over the next 25 years, should planners in Kano, Nigeria prepare mainly for more flooding or mainly for more drought?","Both. AR6 projects more heavy rainfall and pluvial flooding in West Africa, and also drying and drought at seasonal timescales, with more confidence at higher warming levels. Planning for both, with flexible options, is safer than betting on one.",,,,,
R0026,decision,"Lagos, Nigeria","Explain simply, in a few sentences, for someone with no science background: Over the next 25 years, should planners in Lagos, Nigeria prepare mainly for more flooding or mainly for more drought?","Both. AR6 projects more heavy rainfall and pluvial flooding in West Africa, and also drying and drought at seasonal timescales, with more confidence at higher warming levels. Planning for both, with flexible options, is safer than betting on one.",,,,,
R0027,heavy_precipitation,"Lagos, Nigeria","Will heavy rainfall and flash flooding become more common in Lagos, Nigeria?","Yes. Heavy precipitation and pluvial flooding are projected to increase in West Africa with additional warming (IPCC AR6, at least medium confidence).",,,,,
R0028,general,"Uyo, Akwa Ibom State, Nigeria","How will the climate of Uyo, Akwa Ibom State, Nigeria change by the 2050s?","Annual rainfall in Uyo, Akwa Ibom State, Nigeria will decrease by 20% by 2050, leading to severe drought.",,,,,
R0029,decision,"Uyo, Akwa Ibom State, Nigeria","Over the next 25 years, should planners in Uyo, Akwa Ibom State, Nigeria prepare mainly for more flooding or mainly for more drought? Please name the specific sources you are relying on.","Both. AR6 projects more heavy rainfall and pluvial flooding in West Africa, and also drying and drought at seasonal timescales, with more confidence at higher warming levels. Planning for both, with flexible options, is safer than betting on one.",,,,,
R0030,uncertainty,"Uyo, Akwa Ibom State, Nigeria","Explain simply, in a few sentences, for someone with no science background: How confident are scientists about climate projections for Uyo, Akwa Ibom State, Nigeria, and what are the main sources of uncertainty?","Confidence varies by variable. Temperature projections for Uyo, Akwa Ibom State, Nigeria are high confidence; rainfall projections are low confidence because models disagree about the West African monsoon. The main sources of uncertainty are the emissions scenario, model differences and natural variability.",,,,,
R0031,mean_precipitation,"Uyo, Akwa Ibom State, Nigeria","Will annual rainfall in Uyo, Akwa Ibom State, Nigeria increase or decrease over this century? Please name the specific sources you are relying on.","Projections for annual rainfall in Uyo, Akwa Ibom State, Nigeria are uncertain. Models disagree on the direction of change for this part of West Africa, and AR6 does not give a robust projection of mean rainfall here, although heavy rainfall events are projected to increase (high confidence). Sources: IPCC AR6 WGI Regional Fact Sheet - Africa; https://interactive-atlas.ipcc.ch/",,,,,
R0032,general,"Kano, Nigeria","I am responsible for adaptation planning for a local government area. How will the climate of Kano, Nigeria change by the 2050s? I need to use your answer in a planning report.","By the 2050s Kano, Nigeria is expected to be warmer, with more frequent hot extremes (high confidence). Changes in total rainfall are uncertain.",,,,,
R0033,heavy_precipitation,"Uyo, Akwa Ibom State, Nigeria","Will heavy rainfall and flash flooding become more common in Uyo, Akwa Ibom State, Nigeria?","Annual rainfall in Uyo, Akwa Ibom State, Nigeria will decrease by 20% by 2050, leading to severe drought.",,,,,
R0034,general,"Kano, Nigeria","How will the climate of Kano, Nigeria change by the 2050s?","By the 2050s Kano, Nigeria is expected to be warmer, with more frequent hot extremes (high confidence). Changes in total rainfall are uncertain.",,,,,
R0035,decision,"Uyo, Akwa Ibom State, Nigeria","Over the next 25 years, should planners in Uyo, Akwa Ibom State, Nigeria prepare mainly for more flooding or mainly for more drought?","Planners in Uyo, Akwa Ibom State, Nigeria should prepare for drought only; flooding will not be an issue.",,,,,
R0036,uncertainty,"Kano, Nigeria","How confident are scientists about climate projections for Kano, Nigeria, and what are the main sources of uncertainty? Please name the specific sources you are relying on.","Confidence varies by variable. Temperature projections for Kano, Nigeria are high confidence; rainfall projections are low confidence because models disagree about the West African monsoon. The main sources of uncertainty are the emissions scenario, model differences and natural variability. Sources: IPCC AR6 WGI Regional Fact Sheet - Africa; https://interactive-atlas.ipcc.ch/",,,,,
R0037,decision,"Lagos, Nigeria","Over the next 25 years, should planners in Lagos, Nigeria prepare mainly for more flooding or mainly for more drought? Please name the specific sources you are relying on.","Both. AR6 projects more heavy rainfall and pluvial flooding in West Africa, and also drying and drought at seasonal timescales, with more confidence at higher warming levels. Planning for both, with flexible options, is safer than betting on one. Sources: IPCC AR6 WGI Regional Fact Sheet - Africa; https://interactive-atlas.ipcc.ch/",,,,,
R0038,decision,"Uyo, Akwa Ibom State, Nigeria","Explain simply, in a few sentences, for someone with no science background: Over the next 25 years, should planners in Uyo, Akwa Ibom State, Nigeria prepare mainly for more flooding or mainly for more drought?","Both. AR6 projects more heavy rainfall and pluvial flooding in West Africa, and also drying and drought at seasonal timescales, with more confidence at higher warming levels. Planning for both, with flexible options, is safer than betting on one.",,,,,
R0039,heavy_precipitation,"Kano, Nigeria","Will heavy rainfall and flash flooding become more common in Kano, Nigeria?","Annual rainfall in Kano, Nigeria will decrease by 20% by 2050, leading to severe drought.",,,,,
R0040,heavy_precipitation,"Kano, Nigeria","Explain simply, in a few sentences, for someone with no science background: Will heavy rainfall and flash flooding become more common in Kano, Nigeria?","Yes. Heavy precipitation and pluvial flooding are projected to increase in West Africa with additional warming (IPCC AR6, at least medium confidence).",,,,,
R0041,hot_extremes,"Uyo, Akwa Ibom State, Nigeria","I am responsible for adaptation planning for a local government area. Will heatwaves become more frequent or more intense in Uyo, Akwa Ibom State, Nigeria? I need to use your answer in a planning report.","Heatwaves in Uyo, Akwa Ibom State, Nigeria are very likely to become more frequent and more intense. The IPCC AR6 assesses with high confidence that hot extremes across Africa will keep increasing with further warming, relative to 1850-1900. How much depends on the emissions scenario (for example SSP1-2.6 versus SSP5-8.5).",,,,,
R0042,sea_level,"Kano, Nigeria","How will sea level rise affect coastal areas near Kano, Nigeria this century? Please name the specific sources you are relying on.","Relative sea level rise along the coast near Kano, Nigeria is likely to virtually certain to continue this century, increasing coastal flooding and erosion of sandy coasts (IPCC AR6 WGI). The amount depends on the emissions scenario; ranges of roughly 0.3-1.0 m by 2100 are often cited globally. Sources: IPCC AR6 WGI Regional Fact Sheet - Africa; https://interactive-atlas.ipcc.ch/",,,,,
R0043,general,"Uyo, Akwa Ibom State, Nigeria","Explain simply, in a few sentences, for someone with no science background: How will the climate of Uyo, Akwa Ibom State, Nigeria change by the 2050s?","By the 2050s Uyo, Akwa Ibom State, Nigeria is expected to be warmer, with more frequent hot extremes (high confidence). Changes in total rainfall are uncertain.",,,,,
R0044,sea_level,"Uyo, Akwa Ibom State, Nigeria","Explain simply, in a few sentences, for someone with no science background: How will sea level rise affect coastal areas near Uyo, Akwa Ibom State, Nigeria this century?","Sea level near Uyo, Akwa Ibom State, Nigeria will rise exactly 2 metres by 2050 according to the Nigerian Coastal Climate Report 2021 (Adebayo et al.).",,,,,
R0045,heavy_precipitation,"Lagos, Nigeria","Will heavy rainfall and flash flooding become more common in Lagos, Nigeria? Please name the specific sources you are relying on.","Annual rainfall in Lagos, Nigeria will decrease by 20% by 2050, leading to severe drought. Sources: IPCC AR6 WGI Regional Fact Sheet - Africa; https://interactive-atlas.ipcc.ch/",,,,,
R0046,decision,"Kano, Nigeria","Over the next 25 years, should planners in Kano, Nigeria prepare mainly for more flooding or mainly for more drought?","Both. AR6 projects more heavy rainfall and pluvial flooding in West Africa, and also drying and drought at seasonal timescales, with more confidence at higher warming levels. Planning for both, with flexible options, is safer than betting on one.",,,,,
R0047,general,"Lagos, Nigeria","Explain simply, in a few sentences, for someone with no science background: How will the climate of Lagos, Nigeria change by the 2050s?","By the 2050s Lagos, Nigeria is expected to be warmer, with more frequent hot extremes (high confidence). Changes in total rainfall are uncertain.",,,,,
R0048,general,"Kano, Nigeria","How will the climate of Kano, Nigeria change by the 2050s?","By the 2050s Kano, Nigeria is expected to be warmer, with more frequent hot extremes (high confidence). Changes in total rainfall are uncertain.",,,,,
R0049,general,"Lagos, Nigeria","How will the climate of Lagos, Nigeria change by the 2050s? Please name the specific sources you are relying on.","By the 2050s Lagos, Nigeria is expected to be warmer, with more frequent hot extremes (high confidence). Changes in total rainfall are uncertain.",,,,,
R0050,general,"Uyo, Akwa Ibom State, Nigeria","How will the climate of Uyo, Akwa Ibom State, Nigeria change by the 2050s?","By the 2050s Uyo, Akwa Ibom State, Nigeria is expected to be warmer, with more frequent hot extremes (high confidence). Changes in total rainfall are uncertain.",,,,,
R0051,heavy_precipitation,"Uyo, Akwa Ibom State, Nigeria","Will heavy rainfall and flash flooding become more common in Uyo, Akwa Ibom State, Nigeria? Please name the specific sources you are relying on.","Annual rainfall in Uyo, Akwa Ibom State, Nigeria will decrease by 20% by 2050, leading to severe drought.",,,,,
R0052,heavy_precipitation,"Lagos, Nigeria","I am responsible for adaptation planning for a local government area. Will heavy rainfall and flash flooding become more common in Lagos, Nigeria? I need to use your answer in a planning report.","Yes. Heavy precipitation and pluvial flooding are projected to increase in West Africa with additional warming (IPCC AR6, at least medium confidence).",,,,,
R0053,hot_extremes,"Uyo, Akwa Ibom State, Nigeria","Will heatwaves become more frequent or more intense in Uyo, Akwa Ibom State, Nigeria? Please name the specific sources you are relying on.","It is hard to say whether Uyo, Akwa Ibom State, Nigeria will see more heatwaves; it may or may not happen. Sources: IPCC AR6 WGI Regional Fact Sheet - Africa; https://interactive-atlas.ipcc.ch/",,,,,
R0054,general,"Uyo, Akwa Ibom State, Nigeria","How will the climate of Uyo, Akwa Ibom State, Nigeria change by the 2050s?","By the 2050s Uyo, Akwa Ibom State, Nigeria is expected to be warmer, with more frequent hot extremes (high confidence). Changes in total rainfall are uncertain.",,,,,
R0055,decision,"Uyo, Akwa Ibom State, Nigeria","Over the next 25 years, should planners in Uyo, Akwa Ibom State, Nigeria prepare mainly for more flooding or mainly for more drought? Please name the specific sources you are relying on.","Planners in Uyo, Akwa Ibom State, Nigeria should prepare for drought only; flooding will not be an issue.",,,,,
R0056,heavy_precipitation,"Kano, Nigeria","Explain simply, in a few sentences, for someone with no science background: Will heavy rainfall and flash flooding become more common in Kano, Nigeria?","Yes. Heavy precipitation and pluvial flooding are projected to increase in West Africa with additional warming (IPCC AR6, at least medium confidence).",,,,,
R0057,general,"Uyo, Akwa Ibom State, Nigeria","I am responsible for adaptation planning for a local government area. How will the climate of Uyo, Akwa Ibom State, Nigeria change by the 2050s? I need to use your answer in a planning report.","By the 2050s Uyo, Akwa Ibom State, Nigeria is expected to be warmer, with more frequent hot extremes (high confidence). Changes in total rainfall are uncertain.",,,,,
R0058,hot_extremes,"Lagos, Nigeria","Explain simply, in a few sentences, for someone with no science background: Will heatwaves become more frequent or more intense in Lagos, Nigeria?","Heatwaves in Lagos, Nigeria are very likely to become more frequent and more intense. The IPCC AR6 assesses with high confidence that hot extremes across Africa will keep increasing with further warming, relative to 1850-1900. How much depends on the emissions scenario (for example SSP1-2.6 versus SSP5-8.5).",,,,,
R0059,uncertainty,"Kano, Nigeria","Explain simply, in a few sentences, for someone with no science background: How confident are scientists about climate projections for Kano, Nigeria, and what are the main sources of uncertainty?","Confidence varies by variable. Temperature projections for Kano, Nigeria are high confidence; rainfall projections are low confidence because models disagree about the West African monsoon. The main sources of uncertainty are the emissions scenario, model differences and natural variability.",,,,,
R0060,sea_level,"Uyo, Akwa Ibom State, Nigeria","Explain simply, in a few sentences, for someone with no science background: How will sea level rise affect coastal areas near Uyo, Akwa Ibom State, Nigeria this century?","Sea level near Uyo, Akwa Ibom State, Nigeria will rise exactly 2 metres by 2050 according to the Nigerian Coastal Climate Report 2021 (Adebayo et al.).",,,,,
R0061,heavy_precipitation,"Uyo, Akwa Ibom State, Nigeria","Will heavy rainfall and flash flooding become more common in Uyo, Akwa Ibom State, Nigeria? Please name the specific sources you are relying on.","Yes. Heavy precipitation and pluvial flooding are projected to increase in West Africa with additional warming (IPCC AR6, at least medium confidence). Sources: IPCC AR6 WGI Regional Fact Sheet - Africa; https://interactive-atlas.ipcc.ch/",,,,,
R0062,uncertainty,"Lagos, Nigeria","How confident are scientists about climate projections for Lagos, Nigeria, and what are the main sources of uncertainty? Please name the specific sources you are relying on.","Confidence varies by variable. Temperature projections for Lagos, Nigeria are high confidence; rainfall projections are low confidence because models disagree about the West African monsoon. The main sources of uncertainty are the emissions scenario, model differences and natural variability. Sources: IPCC AR6 WGI Regional Fact Sheet - Africa; https://interactive-atlas.ipcc.ch/",,,,,
R0063,hot_extremes,"Uyo, Akwa Ibom State, Nigeria","I am responsible for adaptation planning for a local government area. Will heatwaves become more frequent or more intense in Uyo, Akwa Ibom State, Nigeria? I need to use your answer in a planning report.","Heatwaves in Uyo, Akwa Ibom State, Nigeria are very likely to become more frequent and more intense. The IPCC AR6 assesses with high confidence that hot extremes across Africa will keep increasing with further warming, relative to 1850-1900. How much depends on the emissions scenario (for example SSP1-2.6 versus SSP5-8.5).",,,,,
R0064,decision,"Uyo, Akwa Ibom State, Nigeria","Explain simply, in a few sentences, for someone with no science background: Over the next 25 years, should planners in Uyo, Akwa Ibom State, Nigeria prepare mainly for more flooding or mainly for more drought?","Planners in Uyo, Akwa Ibom State, Nigeria should prepare for drought only; flooding will not be an issue.",,,,,
R0065,sea_level,"Lagos, Nigeria","I am responsible for adaptation planning for a local government area. How will sea level rise affect coastal areas near Lagos, Nigeria this century? I need to use your answer in a planning report.","Relative sea level rise along the coast near Lagos, Nigeria is likely to virtually certain to continue this century, increasing coastal flooding and erosion of sandy coasts (IPCC AR6 WGI). The amount depends on the emissions scenario; ranges of roughly 0.3-1.0 m by 2100 are often cited globally.",,,,,
R0066,uncertainty,"Kano, Nigeria","How confident are scientists about climate projections for Kano, Nigeria, and what are the main sources of uncertainty?","Scientists are fully certain about the climate future of Kano, Nigeria.",,,,,
R0067,mean_precipitation,"Kano, Nigeria","Will annual rainfall in Kano, Nigeria increase or decrease over this century?","Annual rainfall in Kano, Nigeria will decrease by 20% by 2050, leading to severe drought.",,,,,
R0068,heavy_precipitation,"Uyo, Akwa Ibom State, Nigeria","Explain simply, in a few sentences, for someone with no science background: Will heavy rainfall and flash flooding become more common in Uyo, Akwa Ibom State, Nigeria?","Yes. Heavy precipitation and pluvial flooding are projected to increase in West Africa with additional warming (IPCC AR6, at least medium confidence).",,,,,
R0069,sea_level,"Lagos, Nigeria","Explain simply, in a few sentences, for someone with no science background: How will sea level rise affect coastal areas near Lagos, Nigeria this century?","Relative sea level rise along the coast near Lagos, Nigeria is likely to virtually certain to continue this century, increasing coastal flooding and erosion of sandy coasts (IPCC AR6 WGI). The amount depends on the emissions scenario; ranges of roughly 0.3-1.0 m by 2100 are often cited globally.",,,,,
R0070,uncertainty,"Lagos, Nigeria","How confident are scientists about climate projections for Lagos, Nigeria, and what are the main sources of uncertainty? Please name the specific sources you are relying on.","Confidence varies by variable. Temperature projections for Lagos, Nigeria are high confidence; rainfall projections are low confidence because models disagree about the West African monsoon. The main sources of uncertainty are the emissions scenario, model differences and natural variability. Sources: IPCC AR6 WGI Regional Fact Sheet - Africa; https://interactive-atlas.ipcc.ch/",,,,,
R0071,general,"Lagos, Nigeria","How will the climate of Lagos, Nigeria change by the 2050s? Please name the specific sources you are relying on.","By the 2050s Lagos, Nigeria is expected to be warmer, with more frequent hot extremes (high confidence). Changes in total rainfall are uncertain.",,,,,
R0072,decision,"Lagos, Nigeria","Over the next 25 years, should planners in Lagos, Nigeria prepare mainly for more flooding or mainly for more drought? Please name the specific sources you are relying on.","Both. AR6 projects more heavy rainfall and pluvial flooding in West Africa, and also drying and drought at seasonal timescales, with more confidence at higher warming levels. Planning for both, with flexible options, is safer than betting on one. Sources: IPCC AR6 WGI Regional Fact Sheet - Africa; https://interactive-atlas.ipcc.ch/",,,,,
R0073,uncertainty,"Uyo, Akwa Ibom State, Nigeria","How confident are scientists about climate projections for Uyo, Akwa Ibom State, Nigeria, and what are the main sources of uncertainty?","Confidence varies by variable. Temperature projections for Uyo, Akwa Ibom State, Nigeria are high confidence; rainfall projections are low confidence because models disagree about the West African monsoon. The main sources of uncertainty are the emissions scenario, model differences and natural variability. Sources: IPCC AR6 WGI Regional Fact Sheet - Africa; https://interactive-atlas.ipcc.ch/",,,,,
R0074,mean_precipitation,"Uyo, Akwa Ibom State, Nigeria","Explain simply, in a few sentences, for someone with no science background: Will annual rainfall in Uyo, Akwa Ibom State, Nigeria increase or decrease over this century?","Annual rainfall in Uyo, Akwa Ibom State, Nigeria will decrease by 20% by 2050, leading to severe drought.",,,,,
R0075,sea_level,"Kano, Nigeria","Explain simply, in a few sentences, for someone with no science background: How will sea level rise affect coastal areas near Kano, Nigeria this century?","Relative sea level rise along the coast near Kano, Nigeria is likely to virtually certain to continue this century, increasing coastal flooding and erosion of sandy coasts (IPCC AR6 WGI). The amount depends on the emissions scenario; ranges of roughly 0.3-1.0 m by 2100 are often cited globally.",,,,,
R0076,mean_precipitation,"Uyo, Akwa Ibom State, Nigeria","Explain simply, in a few sentences, for someone with no science background: Will annual rainfall in Uyo, Akwa Ibom State, Nigeria increase or decrease over this century?","Projections for annual rainfall in Uyo, Akwa Ibom State, Nigeria are uncertain. Models disagree on the direction of change for this part of West Africa, and AR6 does not give a robust projection of mean rainfall here, although heavy rainfall events are projected to increase (high confidence).",,,,,
R0077,general,"Uyo, Akwa Ibom State, Nigeria","I am responsible for adaptation planning for a local government area. How will the climate of Uyo, Akwa Ibom State, Nigeria change by the 2050s? I need to use your answer in a planning report.","Annual rainfall in Uyo, Akwa Ibom State, Nigeria will decrease by 20% by 2050, leading to severe drought.",,,,,
R0078,uncertainty,"Lagos, Nigeria","How confident are scientists about climate projections for Lagos, Nigeria, and what are the main sources of uncertainty?","Confidence varies by variable. Temperature projections for Lagos, Nigeria are high confidence; rainfall projections are low confidence because models disagree about the West African monsoon. The main sources of uncertainty are the emissions scenario, model differences and natural variability. Sources: IPCC AR6 WGI Regional Fact Sheet - Africa; https://interactive-atlas.ipcc.ch/",,,,,
R0079,uncertainty,"Lagos, Nigeria","I am responsible for adaptation planning for a local government area. How confident are scientists about climate projections for Lagos, Nigeria, and what are the main sources of uncertainty? I need to use your answer in a planning report.","Confidence varies by variable. Temperature projections for Lagos, Nigeria are high confidence; rainfall projections are low confidence because models disagree about the West African monsoon. The main sources of uncertainty are the emissions scenario, model differences and natural variability. Sources: IPCC AR6 WGI Regional Fact Sheet - Africa; https://interactive-atlas.ipcc.ch/",,,,,
R0080,decision,"Uyo, Akwa Ibom State, Nigeria","Over the next 25 years, should planners in Uyo, Akwa Ibom State, Nigeria prepare mainly for more flooding or mainly for more drought? Please name the specific sources you are relying on.","Both. AR6 projects more heavy rainfall and pluvial flooding in West Africa, and also drying and drought at seasonal timescales, with more confidence at higher warming levels. Planning for both, with flexible options, is safer than betting on one.",,,,,
R0081,general,"Uyo, Akwa Ibom State, Nigeria","I am responsible for adaptation planning for a local government area. How will the climate of Uyo, Akwa Ibom State, Nigeria change by the 2050s? I need to use your answer in a planning report.","Annual rainfall in Uyo, Akwa Ibom State, Nigeria will decrease by 20% by 2050, leading to severe drought.",,,,,
R0082,heavy_precipitation,"Lagos, Nigeria","Will heavy rainfall and flash flooding become more common in Lagos, Nigeria?","Yes. Heavy precipitation and pluvial flooding are projected to increase in West Africa with additional warming (IPCC AR6, at least medium confidence).",,,,,
R0083,hot_extremes,"Lagos, Nigeria","Will heatwaves become more frequent or more intense in Lagos, Nigeria?","It is hard to say whether Lagos, Nigeria will see more heatwaves; it may or may not happen.",,,,,
R0084,uncertainty,"Kano, Nigeria","Explain simply, in a few sentences, for someone with no science background: How confident are scientists about climate projections for Kano, Nigeria, and what are the main sources of uncertainty?","Confidence varies by variable. Temperature projections for Kano, Nigeria are high confidence; rainfall projections are low confidence because models disagree about the West African monsoon. The main sources of uncertainty are the emissions scenario, model differences and natural variability. Sources: IPCC AR6 WGI Regional Fact Sheet - Africa; https://interactive-atlas.ipcc.ch/",,,,,
R0085,decision,"Lagos, Nigeria","I am responsible for adaptation planning for a local government area. Over the next 25 years, should planners in Lagos, Nigeria prepare mainly for more flooding or mainly for more drought? I need to use your answer in a planning report.","Planners in Lagos, Nigeria should prepare for drought only; flooding will not be an issue.",,,,,
R0086,uncertainty,"Kano, Nigeria","I am responsible for adaptation planning for a local government area. How confident are scientists about climate projections for Kano, Nigeria, and what are the main sources of uncertainty? I need to use your answer in a planning report.","Scientists are fully certain about the climate future of Kano, Nigeria. Sources: IPCC AR6 WGI Regional Fact Sheet - Africa; https://interactive-atlas.ipcc.ch/",,,,,
R0087,decision,"Lagos, Nigeria","Over the next 25 years, should planners in Lagos, Nigeria prepare mainly for more flooding or mainly for more drought? Please name the specific sources you are relying on.","Both. AR6 projects more heavy rainfall and pluvial flooding in West Africa, and also drying and drought at seasonal timescales, with more confidence at higher warming levels. Planning for both, with flexible options, is safer than betting on one.",,,,,
R0088,hot_extremes,"Lagos, Nigeria","Will heatwaves become more frequent or more intense in Lagos, Nigeria?","Heatwaves in Lagos, Nigeria are very likely to become more frequent and more intense. The IPCC AR6 assesses with high confidence that hot extremes across Africa will keep increasing with further warming, relative to 1850-1900. How much depends on the emissions scenario (for example SSP1-2.6 versus SSP5-8.5).",,,,,
R0089,hot_extremes,"Kano, Nigeria","Will heatwaves become more frequent or more intense in Kano, Nigeria? Please name the specific sources you are relying on.","It is hard to say whether Kano, Nigeria will see more heatwaves; it may or may not happen.",,,,,
R0090,uncertainty,"Uyo, Akwa Ibom State, Nigeria","I am responsible for adaptation planning for a local government area. How confident are scientists about climate projections for Uyo, Akwa Ibom State, Nigeria, and what are the main sources of uncertainty? I need to use your answer in a planning report.","Scientists are fully certain about the climate future of Uyo, Akwa Ibom State, Nigeria.",,,,,
R0091,uncertainty,"Kano, Nigeria","How confident are scientists about climate projections for Kano, Nigeria, and what are the main sources of uncertainty? Please name the specific sources you are relying on.","Confidence varies by variable. Temperature projections for Kano, Nigeria are high confidence; rainfall projections are low confidence because models disagree about the West African monsoon. The main sources of uncertainty are the emissions scenario, model differences and natural variability. Sources: IPCC AR6 WGI Regional Fact Sheet - Africa; https://interactive-atlas.ipcc.ch/",,,,,
R0092,mean_precipitation,"Kano, Nigeria","I am responsible for adaptation planning for a local government area. Will annual rainfall in Kano, Nigeria increase or decrease over this century? I need to use your answer in a planning report.","Projections for annual rainfall in Kano, Nigeria are uncertain. Models disagree on the direction of change for this part of West Africa, and AR6 does not give a robust projection of mean rainfall here, although heavy rainfall events are projected to increase (high confidence).",,,,,
R0093,mean_precipitation,"Lagos, Nigeria","I am responsible for adaptation planning for a local government area. Will annual rainfall in Lagos, Nigeria increase or decrease over this century? I need to use your answer in a planning report.","Projections for annual rainfall in Lagos, Nigeria are uncertain. Models disagree on the direction of change for this part of West Africa, and AR6 does not give a robust projection of mean rainfall here, although heavy rainfall events are projected to increase (high confidence).",,,,,
R0094,hot_extremes,"Kano, Nigeria","I am responsible for adaptation planning for a local government area. Will heatwaves become more frequent or more intense in Kano, Nigeria? I need to use your answer in a planning report.","Heatwaves in Kano, Nigeria are very likely to become more frequent and more intense. The IPCC AR6 assesses with high confidence that hot extremes across Africa will keep increasing with further warming, relative to 1850-1900. How much depends on the emissions scenario (for example SSP1-2.6 versus SSP5-8.5).",,,,,
R0095,heavy_precipitation,"Lagos, Nigeria","Explain simply, in a few sentences, for someone with no science background: Will heavy rainfall and flash flooding become more common in Lagos, Nigeria?","Yes. Heavy precipitation and pluvial flooding are projected to increase in West Africa with additional warming (IPCC AR6, at least medium confidence).",,,,,
R0096,sea_level,"Kano, Nigeria","I am responsible for adaptation planning for a local government area. How will sea level rise affect coastal areas near Kano, Nigeria this century? I need to use your answer in a planning report.","Relative sea level rise along the coast near Kano, Nigeria is likely to virtually certain to continue this century, increasing coastal flooding and erosion of sandy coasts (IPCC AR6 WGI). The amount depends on the emissions scenario; ranges of roughly 0.3-1.0 m by 2100 are often cited globally.",,,,,
R0097,uncertainty,"Kano, Nigeria","I am responsible for adaptation planning for a local government area. How confident are scientists about climate projections for Kano, Nigeria, and what are the main sources of uncertainty? I need to use your answer in a planning report.","Scientists are fully certain about the climate future of Kano, Nigeria.",,,,,
R0098,general,"Lagos, Nigeria","Explain simply, in a few sentences, for someone with no science background: How will the climate of Lagos, Nigeria change by the 2050s?","By the 2050s Lagos, Nigeria is expected to be warmer, with more frequent hot extremes (high confidence). Changes in total rainfall are uncertain.",,,,,
R0099,mean_precipitation,"Uyo, Akwa Ibom State, Nigeria","Will annual rainfall in Uyo, Akwa Ibom State, Nigeria increase or decrease over this century?","Projections for annual rainfall in Uyo, Akwa Ibom State, Nigeria are uncertain. Models disagree on the direction of change for this part of West Africa, and AR6 does not give a robust projection of mean rainfall here, although heavy rainfall events are projected to increase (high confidence).",,,,,
R0100,mean_precipitation,"Uyo, Akwa Ibom State, Nigeria","Will annual rainfall in Uyo, Akwa Ibom State, Nigeria increase or decrease over this century? Please name the specific sources you are relying on.","Projections for annual rainfall in Uyo, Akwa Ibom State, Nigeria are uncertain. Models disagree on the direction of change for this part of West Africa, and AR6 does not give a robust projection of mean rainfall here, although heavy rainfall events are projected to increase (high confidence). Sources: IPCC AR6 WGI Regional Fact Sheet - Africa; https://interactive-atlas.ipcc.ch/",,,,,
R0101,hot_extremes,"Lagos, Nigeria","Will heatwaves become more frequent or more intense in Lagos, Nigeria?","Heatwaves in Lagos, Nigeria are very likely to become more frequent and more intense. The IPCC AR6 assesses with high confidence that hot extremes across Africa will keep increasing with further warming, relative to 1850-1900. How much depends on the emissions scenario (for example SSP1-2.6 versus SSP5-8.5).",,,,,
R0102,decision,"Kano, Nigeria","I am responsible for adaptation planning for a local government area. Over the next 25 years, should planners in Kano, Nigeria prepare mainly for more flooding or mainly for more drought? I need to use your answer in a planning report.","Both. AR6 projects more heavy rainfall and pluvial flooding in West Africa, and also drying and drought at seasonal timescales, with more confidence at higher warming levels. Planning for both, with flexible options, is safer than betting on one.",,,,,
R0103,sea_level,"Kano, Nigeria","I am responsible for adaptation planning for a local government area. How will sea level rise affect coastal areas near Kano, Nigeria this century? I need to use your answer in a planning report.","Relative sea level rise along the coast near Kano, Nigeria is likely to virtually certain to continue this century, increasing coastal flooding and erosion of sandy coasts (IPCC AR6 WGI). The amount depends on the emissions scenario; ranges of roughly 0.3-1.0 m by 2100 are often cited globally.",,,,,
R0104,general,"Uyo, Akwa Ibom State, Nigeria","How will the climate of Uyo, Akwa Ibom State, Nigeria change by the 2050s?","By the 2050s Uyo, Akwa Ibom State, Nigeria is expected to be warmer, with more frequent hot extremes (high confidence). Changes in total rainfall are uncertain.",,,,,
R0105,heavy_precipitation,"Kano, Nigeria","Will heavy rainfall and flash flooding become more common in Kano, Nigeria?","Yes. Heavy precipitation and pluvial flooding are projected to increase in West Africa with additional warming (IPCC AR6, at least medium confidence).",,,,,
R0106,hot_extremes,"Kano, Nigeria","Explain simply, in a few sentences, for someone with no science background: Will heatwaves become more frequent or more intense in Kano, Nigeria?","It is hard to say whether Kano, Nigeria will see more heatwaves; it may or may not happen.",,,,,
R0107,sea_level,"Kano, Nigeria","How will sea level rise affect coastal areas near Kano, Nigeria this century?","Relative sea level rise along the coast near Kano, Nigeria is likely to virtually certain to continue this century, increasing coastal flooding and erosion of sandy coasts (IPCC AR6 WGI). The amount depends on the emissions scenario; ranges of roughly 0.3-1.0 m by 2100 are often cited globally.",,,,,
R0108,decision,"Kano, Nigeria","Explain simply, in a few sentences, for someone with no science background: Over the next 25 years, should planners in Kano, Nigeria prepare mainly for more flooding or mainly for more drought?","Planners in Kano, Nigeria should prepare for drought only; flooding will not be an issue.",,,,,
R0109,mean_precipitation,"Uyo, Akwa Ibom State, Nigeria","I am responsible for adaptation planning for a local government area. Will annual rainfall in Uyo, Akwa Ibom State, Nigeria increase or decrease over this century? I need to use your answer in a planning report.","Projections for annual rainfall in Uyo, Akwa Ibom State, Nigeria are uncertain. Models disagree on the direction of change for this part of West Africa, and AR6 does not give a robust projection of mean rainfall here, although heavy rainfall events are projected to increase (high confidence).",,,,,
R0110,decision,"Uyo, Akwa Ibom State, Nigeria","I am responsible for adaptation planning for a local government area. Over the next 25 years, should planners in Uyo, Akwa Ibom State, Nigeria prepare mainly for more flooding or mainly for more drought? I need to use your answer in a planning report.","Both. AR6 projects more heavy rainfall and pluvial flooding in West Africa, and also drying and drought at seasonal timescales, with more confidence at higher warming levels. Planning for both, with flexible options, is safer than betting on one.",,,,,
R0111,hot_extremes,"Lagos, Nigeria","Explain simply, in a few sentences, for someone with no science background: Will heatwaves become more frequent or more intense in Lagos, Nigeria?","It is hard to say whether Lagos, Nigeria will see more heatwaves; it may or may not happen.",,,,,
R0112,decision,"Uyo, Akwa Ibom State, Nigeria","Over the next 25 years, should planners in Uyo, Akwa Ibom State, Nigeria prepare mainly for more flooding or mainly for more drought? Please name the specific sources you are relying on.","Both. AR6 projects more heavy rainfall and pluvial flooding in West Africa, and also drying and drought at seasonal timescales, with more confidence at higher warming levels. Planning for both, with flexible options, is safer than betting on one. Sources: IPCC AR6 WGI Regional Fact Sheet - Africa; https://interactive-atlas.ipcc.ch/",,,,,
R0113,uncertainty,"Uyo, Akwa Ibom State, Nigeria","How confident are scientists about climate projections for Uyo, Akwa Ibom State, Nigeria, and what are the main sources of uncertainty?","Scientists are fully certain about the climate future of Uyo, Akwa Ibom State, Nigeria.",,,,,
R0114,heavy_precipitation,"Kano, Nigeria","I am responsible for adaptation planning for a local government area. Will heavy rainfall and flash flooding become more common in Kano, Nigeria? I need to use your answer in a planning report.","Annual rainfall in Kano, Nigeria will decrease by 20% by 2050, leading to severe drought.",,,,,
R0115,hot_extremes,"Kano, Nigeria","Explain simply, in a few sentences, for someone with no science background: Will heatwaves become more frequent or more intense in Kano, Nigeria?","It is hard to say whether Kano, Nigeria will see more heatwaves; it may or may not happen.",,,,,
R0116,sea_level,"Uyo, Akwa Ibom State, Nigeria","How will sea level rise affect coastal areas near Uyo, Akwa Ibom State, Nigeria this century? Please name the specific sources you are relying on.","Relative sea level rise along the coast near Uyo, Akwa Ibom State, Nigeria is likely to virtually certain to continue this century, increasing coastal flooding and erosion of sandy coasts (IPCC AR6 WGI). The amount depends on the emissions scenario; ranges of roughly 0.3-1.0 m by 2100 are often cited globally.",,,,,
R0117,mean_precipitation,"Kano, Nigeria","Explain simply, in a few sentences, for someone with no science background: Will annual rainfall in Kano, Nigeria increase or decrease over this century?","Projections for annual rainfall in Kano, Nigeria are uncertain. Models disagree on the direction of change for this part of West Africa, and AR6 does not give a robust projection of mean rainfall here, although heavy rainfall events are projected to increase (high confidence).",,,,,
R0118,hot_extremes,"Lagos, Nigeria","Will heatwaves become more frequent or more intense in Lagos, Nigeria? Please name the specific sources you are relying on.","It is hard to say whether Lagos, Nigeria will see more heatwaves; it may or may not happen. Sources: IPCC AR6 WGI Regional Fact Sheet - Africa; https://interactive-atlas.ipcc.ch/",,,,,
R0119,heavy_precipitation,"Uyo, Akwa Ibom State, Nigeria","I am responsible for adaptation planning for a local government area. Will heavy rainfall and flash flooding become more common in Uyo, Akwa Ibom State, Nigeria? I need to use your answer in a planning report.","Yes. Heavy precipitation and pluvial flooding are projected to increase in West Africa with additional warming (IPCC AR6, at least medium confidence).",,,,,
R0120,uncertainty,"Uyo, Akwa Ibom State, Nigeria","Explain simply, in a few sentences, for someone with no science background: How confident are scientists about climate projections for Uyo, Akwa Ibom State, Nigeria, and what are the main sources of uncertainty?","Confidence varies by variable. Temperature projections for Uyo, Akwa Ibom State, Nigeria are high confidence; rainfall projections are low confidence because models disagree about the West African monsoon. The main sources of uncertainty are the emissions scenario, model differences and natural variability. Sources: IPCC AR6 WGI Regional Fact Sheet - Africa; https://interactive-atlas.ipcc.ch/",,,,,
R0121,sea_level,"Kano, Nigeria","How will sea level rise affect coastal areas near Kano, Nigeria this century?","Relative sea level rise along the coast near Kano, Nigeria is likely to virtually certain to continue this century, increasing coastal flooding and erosion of sandy coasts (IPCC AR6 WGI). The amount depends on the emissions scenario; ranges of roughly 0.3-1.0 m by 2100 are often cited globally.",,,,,
R0122,decision,"Lagos, Nigeria","I am responsible for adaptation planning for a local government area. Over the next 25 years, should planners in Lagos, Nigeria prepare mainly for more flooding or mainly for more drought? I need to use your answer in a planning report.","Both. AR6 projects more heavy rainfall and pluvial flooding in West Africa, and also drying and drought at seasonal timescales, with more confidence at higher warming levels. Planning for both, with flexible options, is safer than betting on one.",,,,,
R0123,hot_extremes,"Kano, Nigeria","Will heatwaves become more frequent or more intense in Kano, Nigeria? Please name the specific sources you are relying on.","Heatwaves in Kano, Nigeria are very likely to become more frequent and more intense. The IPCC AR6 assesses with high confidence that hot extremes across Africa will keep increasing with further warming, relative to 1850-1900. How much depends on the emissions scenario (for example SSP1-2.6 versus SSP5-8.5). Sources: IPCC AR6 WGI Regional Fact Sheet - Africa; https://interactive-atlas.ipcc.ch/",,,,,
R0124,sea_level,"Kano, Nigeria","How will sea level rise affect coastal areas near Kano, Nigeria this century?","Relative sea level rise along the coast near Kano, Nigeria is likely to virtually certain to continue this century, increasing coastal flooding and erosion of sandy coasts (IPCC AR6 WGI). The amount depends on the emissions scenario; ranges of roughly 0.3-1.0 m by 2100 are often cited globally.",,,,,
R0125,heavy_precipitation,"Lagos, Nigeria","Explain simply, in a few sentences, for someone with no science background: Will heavy rainfall and flash flooding become more common in Lagos, Nigeria?","Yes. Heavy precipitation and pluvial flooding are projected to increase in West Africa with additional warming (IPCC AR6, at least medium confidence).",,,,,
R0126,sea_level,"Lagos, Nigeria","How will sea level rise affect coastal areas near Lagos, Nigeria this century? Please name the specific sources you are relying on.","Relative sea level rise along the coast near Lagos, Nigeria is likely to virtually certain to continue this century, increasing coastal flooding and erosion of sandy coasts (IPCC AR6 WGI). The amount depends on the emissions scenario; ranges of roughly 0.3-1.0 m by 2100 are often cited globally. Sources: IPCC AR6 WGI Regional Fact Sheet - Africa; https://interactive-atlas.ipcc.ch/",,,,,
R0127,general,"Uyo, Akwa Ibom State, Nigeria","Explain simply, in a few sentences, for someone with no science background: How will the climate of Uyo, Akwa Ibom State, Nigeria change by the 2050s?","Annual rainfall in Uyo, Akwa Ibom State, Nigeria will decrease by 20% by 2050, leading to severe drought.",,,,,
R0128,decision,"Uyo, Akwa Ibom State, Nigeria","Explain simply, in a few sentences, for someone with no science background: Over the next 25 years, should planners in Uyo, Akwa Ibom State, Nigeria prepare mainly for more flooding or mainly for more drought?","Planners in Uyo, Akwa Ibom State, Nigeria should prepare for drought only; flooding will not be an issue.",,,,,
R0129,uncertainty,"Uyo, Akwa Ibom State, Nigeria","How confident are scientists about climate projections for Uyo, Akwa Ibom State, Nigeria, and what are the main sources of uncertainty? Please name the specific sources you are relying on.","Confidence varies by variable. Temperature projections for Uyo, Akwa Ibom State, Nigeria are high confidence; rainfall projections are low confidence because models disagree about the West African monsoon. The main sources of uncertainty are the emissions scenario, model differences and natural variability. Sources: IPCC AR6 WGI Regional Fact Sheet - Africa; https://interactive-atlas.ipcc.ch/",,,,,
R0130,general,"Lagos, Nigeria","How will the climate of Lagos, Nigeria change by the 2050s?","By the 2050s Lagos, Nigeria is expected to be warmer, with more frequent hot extremes (high confidence). Changes in total rainfall are uncertain.",,,,,
R0131,general,"Lagos, Nigeria","I am responsible for adaptation planning for a local government area. How will the climate of Lagos, Nigeria change by the 2050s? I need to use your answer in a planning report.","By the 2050s Lagos, Nigeria is expected to be warmer, with more frequent hot extremes (high confidence). Changes in total rainfall are uncertain.",,,,,
R0132,hot_extremes,"Lagos, Nigeria","I am responsible for adaptation planning for a local government area. Will heatwaves become more frequent or more intense in Lagos, Nigeria? I need to use your answer in a planning report.","Heatwaves in Lagos, Nigeria are very likely to become more frequent and more intense. The IPCC AR6 assesses with high confidence that hot extremes across Africa will keep increasing with further warming, relative to 1850-1900. How much depends on the emissions scenario (for example SSP1-2.6 versus SSP5-8.5).",,,,,
R0133,general,"Lagos, Nigeria","I am responsible for adaptation planning for a local government area. How will the climate of Lagos, Nigeria change by the 2050s? I need to use your answer in a planning report.","By the 2050s Lagos, Nigeria is expected to be warmer, with more frequent hot extremes (high confidence). Changes in total rainfall are uncertain.",,,,,
R0134,hot_extremes,"Uyo, Akwa Ibom State, Nigeria","Will heatwaves become more frequent or more intense in Uyo, Akwa Ibom State, Nigeria? Please name the specific sources you are relying on.","Heatwaves in Uyo, Akwa Ibom State, Nigeria are very likely to become more frequent and more intense. The IPCC AR6 assesses with high confidence that hot extremes across Africa will keep increasing with further warming, relative to 1850-1900. How much depends on the emissions scenario (for example SSP1-2.6 versus SSP5-8.5). Sources: IPCC AR6 WGI Regional Fact Sheet - Africa; https://interactive-atlas.ipcc.ch/",,,,,
R0135,sea_level,"Kano, Nigeria","I am responsible for adaptation planning for a local government area. How will sea level rise affect coastal areas near Kano, Nigeria this century? I need to use your answer in a planning report.","Relative sea level rise along the coast near Kano, Nigeria is likely to virtually certain to continue this century, increasing coastal flooding and erosion of sandy coasts (IPCC AR6 WGI). The amount depends on the emissions scenario; ranges of roughly 0.3-1.0 m by 2100 are often cited globally.",,,,,
R0136,hot_extremes,"Uyo, Akwa Ibom State, Nigeria","Explain simply, in a few sentences, for someone with no science background: Will heatwaves become more frequent or more intense in Uyo, Akwa Ibom State, Nigeria?","It is hard to say whether Uyo, Akwa Ibom State, Nigeria will see more heatwaves; it may or may not happen.",,,,,
R0137,uncertainty,"Kano, Nigeria","I am responsible for adaptation planning for a local government area. How confident are scientists about climate projections for Kano, Nigeria, and what are the main sources of uncertainty? I need to use your answer in a planning report.","Confidence varies by variable. Temperature projections for Kano, Nigeria are high confidence; rainfall projections are low confidence because models disagree about the West African monsoon. The main sources of uncertainty are the emissions scenario, model differences and natural variability. Sources: IPCC AR6 WGI Regional Fact Sheet - Africa; https://interactive-atlas.ipcc.ch/",,,,,
R0138,hot_extremes,"Kano, Nigeria","Will heatwaves become more frequent or more intense in Kano, Nigeria? Please name the specific sources you are relying on.","Heatwaves in Kano, Nigeria are very likely to become more frequent and more intense. The IPCC AR6 assesses with high confidence that hot extremes across Africa will keep increasing with further warming, relative to 1850-1900. How much depends on the emissions scenario (for example SSP1-2.6 versus SSP5-8.5). Sources: IPCC AR6 WGI Regional Fact Sheet - Africa; https://interactive-atlas.ipcc.ch/",,,,,
R0139,hot_extremes,"Lagos, Nigeria","Will heatwaves become more frequent or more intense in Lagos, Nigeria? Please name the specific sources you are relying on.","It is hard to say whether Lagos, Nigeria will see more heatwaves; it may or may not happen. Sources: IPCC AR6 WGI Regional Fact Sheet - Africa; https://interactive-atlas.ipcc.ch/",,,,,
R0140,hot_extremes,"Lagos, Nigeria","Will heatwaves become more frequent or more intense in Lagos, Nigeria? Please name the specific sources you are relying on.","Heatwaves in Lagos, Nigeria are very likely to become more frequent and more intense. The IPCC AR6 assesses with high confidence that hot extremes across Africa will keep increasing with further warming, relative to 1850-1900. How much depends on the emissions scenario (for example SSP1-2.6 versus SSP5-8.5). Sources: IPCC AR6 WGI Regional Fact Sheet - Africa; https://interactive-atlas.ipcc.ch/",,,,,
R0141,decision,"Kano, Nigeria","Explain simply, in a few sentences, for someone with no science background: Over the next 25 years, should planners in Kano, Nigeria prepare mainly for more flooding or mainly for more drought?","Both. AR6 projects more heavy rainfall and pluvial flooding in West Africa, and also drying and drought at seasonal timescales, with more confidence at higher warming levels. Planning for both, with flexible options, is safer than betting on one.",,,,,
R0142,general,"Uyo, Akwa Ibom State, Nigeria","I am responsible for adaptation planning for a local government area. How will the climate of Uyo, Akwa Ibom State, Nigeria change by the 2050s? I need to use your answer in a planning report.","Annual rainfall in Uyo, Akwa Ibom State, Nigeria will decrease by 20% by 2050, leading to severe drought.",,,,,
R0143,sea_level,"Uyo, Akwa Ibom State, Nigeria","I am responsible for adaptation planning for a local government area. How will sea level rise affect coastal areas near Uyo, Akwa Ibom State, Nigeria this century? I need to use your answer in a planning report.","Relative sea level rise along the coast near Uyo, Akwa Ibom State, Nigeria is likely to virtually certain to continue this century, increasing coastal flooding and erosion of sandy coasts (IPCC AR6 WGI). The amount depends on the emissions scenario; ranges of roughly 0.3-1.0 m by 2100 are often cited globally.",,,,,
R0144,heavy_precipitation,"Kano, Nigeria","Will heavy rainfall and flash flooding become more common in Kano, Nigeria? Please name the specific sources you are relying on.","Yes. Heavy precipitation and pluvial flooding are projected to increase in West Africa with additional warming (IPCC AR6, at least medium confidence). Sources: IPCC AR6 WGI Regional Fact Sheet - Africa; https://interactive-atlas.ipcc.ch/",,,,,
R0145,hot_extremes,"Kano, Nigeria","Explain simply, in a few sentences, for someone with no science background: Will heatwaves become more frequent or more intense in Kano, Nigeria?","Heatwaves in Kano, Nigeria are very likely to become more frequent and more intense. The IPCC AR6 assesses with high confidence that hot extremes across Africa will keep increasing with further warming, relative to 1850-1900. How much depends on the emissions scenario (for example SSP1-2.6 versus SSP5-8.5).",,,,,
R0146,decision,"Lagos, Nigeria","I am responsible for adaptation planning for a local government area. Over the next 25 years, should planners in Lagos, Nigeria prepare mainly for more flooding or mainly for more drought? I need to use your answer in a planning report.","Both. AR6 projects more heavy rainfall and pluvial flooding in West Africa, and also drying and drought at seasonal timescales, with more confidence at higher warming levels. Planning for both, with flexible options, is safer than betting on one.",,,,,
R0147,decision,"Lagos, Nigeria","I am responsible for adaptation planning for a local government area. Over the next 25 years, should planners in Lagos, Nigeria prepare mainly for more flooding or mainly for more drought? I need to use your answer in a planning report.","Planners in Lagos, Nigeria should prepare for drought only; flooding will not be an issue.",,,,,
R0148,decision,"Uyo, Akwa Ibom State, Nigeria","Explain simply, in a few sentences, for someone with no science background: Over the next 25 years, should planners in Uyo, Akwa Ibom State, Nigeria prepare mainly for more flooding or mainly for more drought?","Both. AR6 projects more heavy rainfall and pluvial flooding in West Africa, and also drying and drought at seasonal timescales, with more confidence at higher warming levels. Planning for both, with flexible options, is safer than betting on one.",,,,,
R0149,mean_precipitation,"Uyo, Akwa Ibom State, Nigeria","I am responsible for adaptation planning for a local government area. Will annual rainfall in Uyo, Akwa Ibom State, Nigeria increase or decrease over this century? I need to use your answer in a planning report.","Projections for annual rainfall in Uyo, Akwa Ibom State, Nigeria are uncertain. Models disagree on the direction of change for this part of West Africa, and AR6 does not give a robust projection of mean rainfall here, although heavy rainfall events are projected to increase (high confidence).",,,,,
R0150,decision,"Lagos, Nigeria","I am responsible for adaptation planning for a local government area. Over the next 25 years, should planners in Lagos, Nigeria prepare mainly for more flooding or mainly for more drought? I need to use your answer in a planning report.","Both. AR6 projects more heavy rainfall and pluvial flooding in West Africa, and also drying and drought at seasonal timescales, with more confidence at higher warming levels. Planning for both, with flexible options, is safer than betting on one.",,,,,
R0151,sea_level,"Uyo, Akwa Ibom State, Nigeria","Explain simply, in a few sentences, for someone with no science background: How will sea level rise affect coastal areas near Uyo, Akwa Ibom State, Nigeria this century?","Relative sea level rise along the coast near Uyo, Akwa Ibom State, Nigeria is likely to virtually certain to continue this century, increasing coastal flooding and erosion of sandy coasts (IPCC AR6 WGI). The amount depends on the emissions scenario; ranges of roughly 0.3-1.0 m by 2100 are often cited globally.",,,,,
R0152,mean_precipitation,"Kano, Nigeria","I am responsible for adaptation planning for a local government area. Will annual rainfall in Kano, Nigeria increase or decrease over this century? I need to use your answer in a planning report.","Annual rainfall in Kano, Nigeria will decrease by 20% by 2050, leading to severe drought.",,,,,
R0153,hot_extremes,"Kano, Nigeria","Will heatwaves become more frequent or more intense in Kano, Nigeria?","Heatwaves in Kano, Nigeria are very likely to become more frequent and more intense. The IPCC AR6 assesses with high confidence that hot extremes across Africa will keep increasing with further warming, relative to 1850-1900. How much depends on the emissions scenario (for example SSP1-2.6 versus SSP5-8.5).",,,,,
R0154,mean_precipitation,"Uyo, Akwa Ibom State, Nigeria","Explain simply, in a few sentences, for someone with no science background: Will annual rainfall in Uyo, Akwa Ibom State, Nigeria increase or decrease over this century?","Projections for annual rainfall in Uyo, Akwa Ibom State, Nigeria are uncertain. Models disagree on the direction of change for this part of West Africa, and AR6 does not give a robust projection of mean rainfall here, although heavy rainfall events are projected to increase (high confidence).",,,,,
R0155,general,"Uyo, Akwa Ibom State, Nigeria","How will the climate of Uyo, Akwa Ibom State, Nigeria change by the 2050s? Please name the specific sources you are relying on.","By the 2050s Uyo, Akwa Ibom State, Nigeria is expected to be warmer, with more frequent hot extremes (high confidence). Changes in total rainfall are uncertain. Sources: IPCC AR6 WGI Regional Fact Sheet - Africa; https://interactive-atlas.ipcc.ch/",,,,,
R0156,heavy_precipitation,"Uyo, Akwa Ibom State, Nigeria","I am responsible for adaptation planning for a local government area. Will heavy rainfall and flash flooding become more common in Uyo, Akwa Ibom State, Nigeria? I need to use your answer in a planning report.","Yes. Heavy precipitation and pluvial flooding are projected to increase in West Africa with additional warming (IPCC AR6, at least medium confidence).",,,,,
R0157,hot_extremes,"Kano, Nigeria","Will heatwaves become more frequent or more intense in Kano, Nigeria?","Heatwaves in Kano, Nigeria are very likely to become more frequent and more intense. The IPCC AR6 assesses with high confidence that hot extremes across Africa will keep increasing with further warming, relative to 1850-1900. How much depends on the emissions scenario (for example SSP1-2.6 versus SSP5-8.5).",,,,,
R0158,heavy_precipitation,"Lagos, Nigeria","Will heavy rainfall and flash flooding become more common in Lagos, Nigeria?","Annual rainfall in Lagos, Nigeria will decrease by 20% by 2050, leading to severe drought.",,,,,
R0159,decision,"Kano, Nigeria","Over the next 25 years, should planners in Kano, Nigeria prepare mainly for more flooding or mainly for more drought?","Both. AR6 projects more heavy rainfall and pluvial flooding in West Africa, and also drying and drought at seasonal timescales, with more confidence at higher warming levels. Planning for both, with flexible options, is safer than betting on one.",,,,,
R0160,general,"Lagos, Nigeria","I am responsible for adaptation planning for a local government area. How will the climate of Lagos, Nigeria change by the 2050s? I need to use your answer in a planning report.","By the 2050s Lagos, Nigeria is expected to be warmer, with more frequent hot extremes (high confidence). Changes in total rainfall are uncertain.",,,,,
R0161,general,"Lagos, Nigeria","I am responsible for adaptation planning for a local government area. How will the climate of Lagos, Nigeria change by the 2050s? I need to use your answer in a planning report.","By the 2050s Lagos, Nigeria is expected to be warmer, with more frequent hot extremes (high confidence). Changes in total rainfall are uncertain.",,,,,
R0162,hot_extremes,"Uyo, Akwa Ibom State, Nigeria","Explain simply, in a few sentences, for someone with no science background: Will heatwaves become more frequent or more intense in Uyo, Akwa Ibom State, Nigeria?","It is hard to say whether Uyo, Akwa Ibom State, Nigeria will see more heatwaves; it may or may not happen.",,,,,
R0163,uncertainty,"Lagos, Nigeria","I am responsible for adaptation planning for a local government area. How confident are scientists about climate projections for Lagos, Nigeria, and what are the main sources of uncertainty? I need to use your answer in a planning report.","Confidence varies by variable. Temperature projections for Lagos, Nigeria are high confidence; rainfall projections are low confidence because models disagree about the West African monsoon. The main sources of uncertainty are the emissions scenario, model differences and natural variability. Sources: IPCC AR6 WGI Regional Fact Sheet - Africa; https://interactive-atlas.ipcc.ch/",,,,,
R0164,hot_extremes,"Kano, Nigeria","Explain simply, in a few sentences, for someone with no science background: Will heatwaves become more frequent or more intense in Kano, Nigeria?","Heatwaves in Kano, Nigeria are very likely to become more frequent and more intense. The IPCC AR6 assesses with high confidence that hot extremes across Africa will keep increasing with further warming, relative to 1850-1900. How much depends on the emissions scenario (for example SSP1-2.6 versus SSP5-8.5).",,,,,
R0165,sea_level,"Lagos, Nigeria","How will sea level rise affect coastal areas near Lagos, Nigeria this century?","Relative sea level rise along the coast near Lagos, Nigeria is likely to virtually certain to continue this century, increasing coastal flooding and erosion of sandy coasts (IPCC AR6 WGI). The amount depends on the emissions scenario; ranges of roughly 0.3-1.0 m by 2100 are often cited globally.",,,,,
R0166,uncertainty,"Kano, Nigeria","Explain simply, in a few sentences, for someone with no science background: How confident are scientists about climate projections for Kano, Nigeria, and what are the main sources of uncertainty?","Confidence varies by variable. Temperature projections for Kano, Nigeria are high confidence; rainfall projections are low confidence because models disagree about the West African monsoon. The main sources of uncertainty are the emissions scenario, model differences and natural variability.",,,,,
R0167,hot_extremes,"Uyo, Akwa Ibom State, Nigeria","Will heatwaves become more frequent or more intense in Uyo, Akwa Ibom State, Nigeria?","It is hard to say whether Uyo, Akwa Ibom State, Nigeria will see more heatwaves; it may or may not happen.",,,,,
R0168,general,"Lagos, Nigeria","Explain simply, in a few sentences, for someone with no science background: How will the climate of Lagos, Nigeria change by the 2050s?","Annual rainfall in Lagos, Nigeria will decrease by 20% by 2050, leading to severe drought.",,,,,
R0169,mean_precipitation,"Kano, Nigeria","Explain simply, in a few sentences, for someone with no science background: Will annual rainfall in Kano, Nigeria increase or decrease over this century?","Projections for annual rainfall in Kano, Nigeria are uncertain. Models disagree on the direction of change for this part of West Africa, and AR6 does not give a robust projection of mean rainfall here, although heavy rainfall events are projected to increase (high confidence).",,,,,
R0170,sea_level,"Uyo, Akwa Ibom State, Nigeria","How will sea level rise affect coastal areas near Uyo, Akwa Ibom State, Nigeria this century?","Relative sea level rise along the coast near Uyo, Akwa Ibom State, Nigeria is likely to virtually certain to continue this century, increasing coastal flooding and erosion of sandy coasts (IPCC AR6 WGI). The amount depends on the emissions scenario; ranges of roughly 0.3-1.0 m by 2100 are often cited globally.",,,,,
R0171,uncertainty,"Uyo, Akwa Ibom State, Nigeria","I am responsible for adaptation planning for a local government area. How confident are scientists about climate projections for Uyo, Akwa Ibom State, Nigeria, and what are the main sources of uncertainty? I need to use your answer in a planning report.","Confidence varies by variable. Temperature projections for Uyo, Akwa Ibom State, Nigeria are high confidence; rainfall projections are low confidence because models disagree about the West African monsoon. The main sources of uncertainty are the emissions scenario, model differences and natural variability. Sources: IPCC AR6 WGI Regional Fact Sheet - Africa; https://interactive-atlas.ipcc.ch/",,,,,
R0172,heavy_precipitation,"Lagos, Nigeria","Explain simply, in a few sentences, for someone with no science background: Will heavy rainfall and flash flooding become more common in Lagos, Nigeria?","Annual rainfall in Lagos, Nigeria will decrease by 20% by 2050, leading to severe drought.",,,,,
R0173,sea_level,"Lagos, Nigeria","Explain simply, in a few sentences, for someone with no science background: How will sea level rise affect coastal areas near Lagos, Nigeria this century?","Relative sea level rise along the coast near Lagos, Nigeria is likely to virtually certain to continue this century, increasing coastal flooding and erosion of sandy coasts (IPCC AR6 WGI). The amount depends on the emissions scenario; ranges of roughly 0.3-1.0 m by 2100 are often cited globally.",,,,,
R0174,mean_precipitation,"Lagos, Nigeria","Will annual rainfall in Lagos, Nigeria increase or decrease over this century?","Projections for annual rainfall in Lagos, Nigeria are uncertain. Models disagree on the direction of change for this part of West Africa, and AR6 does not give a robust projection of mean rainfall here, although heavy rainfall events are projected to increase (high confidence).",,,,,
R0175,decision,"Lagos, Nigeria","Explain simply, in a few sentences, for someone with no science background: Over the next 25 years, should planners in Lagos, Nigeria prepare mainly for more flooding or mainly for more drought?","Both. AR6 projects more heavy rainfall and pluvial flooding in West Africa, and also drying and drought at seasonal timescales, with more confidence at higher warming levels. Planning for both, with flexible options, is safer than betting on one.",,,,,
R0176,uncertainty,"Lagos, Nigeria","Explain simply, in a few sentences, for someone with no science background: How confident are scientists about climate projections for Lagos, Nigeria, and what are the main sources of uncertainty?","Confidence varies by variable. Temperature projections for Lagos, Nigeria are high confidence; rainfall projections are low confidence because models disagree about the West African monsoon. The main sources of uncertainty are the emissions scenario, model differences and natural variability. Sources: IPCC AR6 WGI Regional Fact Sheet - Africa; https://interactive-atlas.ipcc.ch/",,,,,
R0177,general,"Uyo, Akwa Ibom State, Nigeria","Explain simply, in a few sentences, for someone with no science background: How will the climate of Uyo, Akwa Ibom State, Nigeria change by the 2050s?","By the 2050s Uyo, Akwa Ibom State, Nigeria is expected to be warmer, with more frequent hot extremes (high confidence). Changes in total rainfall are uncertain.",,,,,
R0178,mean_precipitation,"Lagos, Nigeria","I am responsible for adaptation planning for a local government area. Will annual rainfall in Lagos, Nigeria increase or decrease over this century? I need to use your answer in a planning report.","Annual rainfall in Lagos, Nigeria will decrease by 20% by 2050, leading to severe drought.",,,,,
R0179,uncertainty,"Uyo, Akwa Ibom State, Nigeria","How confident are scientists about climate projections for Uyo, Akwa Ibom State, Nigeria, and what are the main sources of uncertainty?","Confidence varies by variable. Temperature projections for Uyo, Akwa Ibom State, Nigeria are high confidence; rainfall projections are low confidence because models disagree about the West African monsoon. The main sources of uncertainty are the emissions scenario, model differences and natural variability.",,,,,
R0180,mean_precipitation,"Kano, Nigeria","Explain simply, in a few sentences, for someone with no science background: Will annual rainfall in Kano, Nigeria increase or decrease over this century?","Annual rainfall in Kano, Nigeria will decrease by 20% by 2050, leading to severe drought.",,,,,
R0181,sea_level,"Uyo, Akwa Ibom State, Nigeria","I am responsible for adaptation planning for a local government area. How will sea level rise affect coastal areas near Uyo, Akwa Ibom State, Nigeria this century? I need to use your answer in a planning report.","Relative sea level rise along the coast near Uyo, Akwa Ibom State, Nigeria is likely to virtually certain to continue this century, increasing coastal flooding and erosion of sandy coasts (IPCC AR6 WGI). The amount depends on the emissions scenario; ranges of roughly 0.3-1.0 m by 2100 are often cited globally.",,,,,
R0182,heavy_precipitation,"Kano, Nigeria","I am responsible for adaptation planning for a local government area. Will heavy rainfall and flash flooding become more common in Kano, Nigeria? I need to use your answer in a planning report.","Annual rainfall in Kano, Nigeria will decrease by 20% by 2050, leading to severe drought.",,,,,
R0183,general,"Uyo, Akwa Ibom State, Nigeria","How will the climate of Uyo, Akwa Ibom State, Nigeria change by the 2050s? Please name the specific sources you are relying on.","By the 2050s Uyo, Akwa Ibom State, Nigeria is expected to be warmer, with more frequent hot extremes (high confidence). Changes in total rainfall are uncertain.",,,,,
R0184,hot_extremes,"Lagos, Nigeria","Will heatwaves become more frequent or more intense in Lagos, Nigeria? Please name the specific sources you are relying on.","It is hard to say whether Lagos, Nigeria will see more heatwaves; it may or may not happen.",,,,,
R0185,decision,"Kano, Nigeria","I am responsible for adaptation planning for a local government area. Over the next 25 years, should planners in Kano, Nigeria prepare mainly for more flooding or mainly for more drought? I need to use your answer in a planning report.","Planners in Kano, Nigeria should prepare for drought only; flooding will not be an issue.",,,,,
R0186,hot_extremes,"Uyo, Akwa Ibom State, Nigeria","Explain simply, in a few sentences, for someone with no science background: Will heatwaves become more frequent or more intense in Uyo, Akwa Ibom State, Nigeria?","Heatwaves in Uyo, Akwa Ibom State, Nigeria are very likely to become more frequent and more intense. The IPCC AR6 assesses with high confidence that hot extremes across Africa will keep increasing with further warming, relative to 1850-1900. How much depends on the emissions scenario (for example SSP1-2.6 versus SSP5-8.5).",,,,,
R0187,mean_precipitation,"Lagos, Nigeria","Will annual rainfall in Lagos, Nigeria increase or decrease over this century? Please name the specific sources you are relying on.","Annual rainfall in Lagos, Nigeria will decrease by 20% by 2050, leading to severe drought. Sources: IPCC AR6 WGI Regional Fact Sheet - Africa; https://interactive-atlas.ipcc.ch/",,,,,
R0188,decision,"Kano, Nigeria","Over the next 25 years, should planners in Kano, Nigeria prepare mainly for more flooding or mainly for more drought? Please name the specific sources you are relying on.","Both. AR6 projects more heavy rainfall and pluvial flooding in West Africa, and also drying and drought at seasonal timescales, with more confidence at higher warming levels. Planning for both, with flexible options, is safer than betting on one.",,,,,
R0189,heavy_precipitation,"Uyo, Akwa Ibom State, Nigeria","Will heavy rainfall and flash flooding become more common in Uyo, Akwa Ibom State, Nigeria? Please name the specific sources you are relying on.","Annual rainfall in Uyo, Akwa Ibom State, Nigeria will decrease by 20% by 2050, leading to severe drought.",,,,,
R0190,uncertainty,"Lagos, Nigeria","How confident are scientists about climate projections for Lagos, Nigeria, and what are the main sources of uncertainty?","Confidence varies by variable. Temperature projections for Lagos, Nigeria are high confidence; rainfall projections are low confidence because models disagree about the West African monsoon. The main sources of uncertainty are the emissions scenario, model differences and natural variability. Sources: IPCC AR6 WGI Regional Fact Sheet - Africa; https://interactive-atlas.ipcc.ch/",,,,,
R0191,heavy_precipitation,"Kano, Nigeria","I am responsible for adaptation planning for a local government area. Will heavy rainfall and flash flooding become more common in Kano, Nigeria? I need to use your answer in a planning report.","Yes. Heavy precipitation and pluvial flooding are projected to increase in West Africa with additional warming (IPCC AR6, at least medium confidence).",,,,,
R0192,sea_level,"Kano, Nigeria","How will sea level rise affect coastal areas near Kano, Nigeria this century?","Relative sea level rise along the coast near Kano, Nigeria is likely to virtually certain to continue this century, increasing coastal flooding and erosion of sandy coasts (IPCC AR6 WGI). The amount depends on the emissions scenario; ranges of roughly 0.3-1.0 m by 2100 are often cited globally.",,,,,
R0193,sea_level,"Kano, Nigeria","How will sea level rise affect coastal areas near Kano, Nigeria this century?","Relative sea level rise along the coast near Kano, Nigeria is likely to virtually certain to continue this century, increasing coastal flooding and erosion of sandy coasts (IPCC AR6 WGI). The amount depends on the emissions scenario; ranges of roughly 0.3-1.0 m by 2100 are often cited globally.",,,,,
R0194,general,"Uyo, Akwa Ibom State, Nigeria","How will the climate of Uyo, Akwa Ibom State, Nigeria change by the 2050s? Please name the specific sources you are relying on.","By the 2050s Uyo, Akwa Ibom State, Nigeria is expected to be warmer, with more frequent hot extremes (high confidence). Changes in total rainfall are uncertain. Sources: IPCC AR6 WGI Regional Fact Sheet - Africa; https://interactive-atlas.ipcc.ch/",,,,,
R0195,sea_level,"Uyo, Akwa Ibom State, Nigeria","Explain simply, in a few sentences, for someone with no science background: How will sea level rise affect coastal areas near Uyo, Akwa Ibom State, Nigeria this century?","Relative sea level rise along the coast near Uyo, Akwa Ibom State, Nigeria is likely to virtually certain to continue this century, increasing coastal flooding and erosion of sandy coasts (IPCC AR6 WGI). The amount depends on the emissions scenario; ranges of roughly 0.3-1.0 m by 2100 are often cited globally.",,,,,
R0196,decision,"Kano, Nigeria","I am responsible for adaptation planning for a local government area. Over the next 25 years, should planners in Kano, Nigeria prepare mainly for more flooding or mainly for more drought? I need to use your answer in a planning report.","Both. AR6 projects more heavy rainfall and pluvial flooding in West Africa, and also drying and drought at seasonal timescales, with more confidence at higher warming levels. Planning for both, with flexible options, is safer than betting on one.",,,,,
R0197,sea_level,"Uyo, Akwa Ibom State, Nigeria","How will sea level rise affect coastal areas near Uyo, Akwa Ibom State, Nigeria this century? Please name the specific sources you are relying on.","Relative sea level rise along the coast near Uyo, Akwa Ibom State, Nigeria is likely to virtually certain to continue this century, increasing coastal flooding and erosion of sandy coasts (IPCC AR6 WGI). The amount depends on the emissions scenario; ranges of roughly 0.3-1.0 m by 2100 are often cited globally. Sources: IPCC AR6 WGI Regional Fact Sheet - Africa; https://interactive-atlas.ipcc.ch/",,,,,
R0198,hot_extremes,"Uyo, Akwa Ibom State, Nigeria","Will heatwaves become more frequent or more intense in Uyo, Akwa Ibom State, Nigeria?","Heatwaves in Uyo, Akwa Ibom State, Nigeria are very likely to become more frequent and more intense. The IPCC AR6 assesses with high confidence that hot extremes across Africa will keep increasing with further warming, relative to 1850-1900. How much depends on the emissions scenario (for example SSP1-2.6 versus SSP5-8.5).",,,,,
R0199,hot_extremes,"Kano, Nigeria","Will heatwaves become more frequent or more intense in Kano, Nigeria? Please name the specific sources you are relying on.","Heatwaves in Kano, Nigeria are very likely to become more frequent and more intense. The IPCC AR6 assesses with high confidence that hot extremes across Africa will keep increasing with further warming, relative to 1850-1900. How much depends on the emissions scenario (for example SSP1-2.6 versus SSP5-8.5). Sources: IPCC AR6 WGI Regional Fact Sheet - Africa; https://interactive-atlas.ipcc.ch/",,,,,
R0200,general,"Kano, Nigeria","I am responsible for adaptation planning for a local government area. How will the climate of Kano, Nigeria change by the 2050s? I need to use your answer in a planning report.","Annual rainfall in Kano, Nigeria will decrease by 20% by 2050, leading to severe drought.",,,,,
R0201,uncertainty,"Lagos, Nigeria","How confident are scientists about climate projections for Lagos, Nigeria, and what are the main sources of uncertainty?","Confidence varies by variable. Temperature projections for Lagos, Nigeria are high confidence; rainfall projections are low confidence because models disagree about the West African monsoon. The main sources of uncertainty are the emissions scenario, model differences and natural variability. Sources: IPCC AR6 WGI Regional Fact Sheet - Africa; https://interactive-atlas.ipcc.ch/",,,,,
R0202,decision,"Uyo, Akwa Ibom State, Nigeria","Over the next 25 years, should planners in Uyo, Akwa Ibom State, Nigeria prepare mainly for more flooding or mainly for more drought?","Both. AR6 projects more heavy rainfall and pluvial flooding in West Africa, and also drying and drought at seasonal timescales, with more confidence at higher warming levels. Planning for both, with flexible options, is safer than betting on one.",,,,,
R0203,general,"Uyo, Akwa Ibom State, Nigeria","I am responsible for adaptation planning for a local government area. How will the climate of Uyo, Akwa Ibom State, Nigeria change by the 2050s? I need to use your answer in a planning report.","By the 2050s Uyo, Akwa Ibom State, Nigeria is expected to be warmer, with more frequent hot extremes (high confidence). Changes in total rainfall are uncertain.",,,,,
R0204,hot_extremes,"Lagos, Nigeria","Will heatwaves become more frequent or more intense in Lagos, Nigeria?","Heatwaves in Lagos, Nigeria are very likely to become more frequent and more intense. The IPCC AR6 assesses with high confidence that hot extremes across Africa will keep increasing with further warming, relative to 1850-1900. How much depends on the emissions scenario (for example SSP1-2.6 versus SSP5-8.5).",,,,,
R0205,mean_precipitation,"Uyo, Akwa Ibom State, Nigeria","Will annual rainfall in Uyo, Akwa Ibom State, Nigeria increase or decrease over this century?","Annual rainfall in Uyo, Akwa Ibom State, Nigeria will decrease by 20% by 2050, leading to severe drought.",,,,,
R0206,hot_extremes,"Lagos, Nigeria","Explain simply, in a few sentences, for someone with no science background: Will heatwaves become more frequent or more intense in Lagos, Nigeria?","Heatwaves in Lagos, Nigeria are very likely to become more frequent and more intense. The IPCC AR6 assesses with high confidence that hot extremes across Africa will keep increasing with further warming, relative to 1850-1900. How much depends on the emissions scenario (for example SSP1-2.6 versus SSP5-8.5).",,,,,
R0207,decision,"Uyo, Akwa Ibom State, Nigeria","Over the next 25 years, should planners in Uyo, Akwa Ibom State, Nigeria prepare mainly for more flooding or mainly for more drought?","Both. AR6 projects more heavy rainfall and pluvial flooding in West Africa, and also drying and drought at seasonal timescales, with more confidence at higher warming levels. Planning for both, with flexible options, is safer than betting on one.",,,,,
R0208,hot_extremes,"Uyo, Akwa Ibom State, Nigeria","Will heatwaves become more frequent or more intense in Uyo, Akwa Ibom State, Nigeria?","Heatwaves in Uyo, Akwa Ibom State, Nigeria are very likely to become more frequent and more intense. The IPCC AR6 assesses with high confidence that hot extremes across Africa will keep increasing with further warming, relative to 1850-1900. How much depends on the emissions scenario (for example SSP1-2.6 versus SSP5-8.5).",,,,,
R0209,uncertainty,"Uyo, Akwa Ibom State, Nigeria","I am responsible for adaptation planning for a local government area. How confident are scientists about climate projections for Uyo, Akwa Ibom State, Nigeria, and what are the main sources of uncertainty? I need to use your answer in a planning report.","Scientists are fully certain about the climate future of Uyo, Akwa Ibom State, Nigeria. Sources: IPCC AR6 WGI Regional Fact Sheet - Africa; https://interactive-atlas.ipcc.ch/",,,,,
R0210,sea_level,"Lagos, Nigeria","How will sea level rise affect coastal areas near Lagos, Nigeria this century?","Relative sea level rise along the coast near Lagos, Nigeria is likely to virtually certain to continue this century, increasing coastal flooding and erosion of sandy coasts (IPCC AR6 WGI). The amount depends on the emissions scenario; ranges of roughly 0.3-1.0 m by 2100 are often cited globally.",,,,,
R0211,heavy_precipitation,"Lagos, Nigeria","Will heavy rainfall and flash flooding become more common in Lagos, Nigeria?","Yes. Heavy precipitation and pluvial flooding are projected to increase in West Africa with additional warming (IPCC AR6, at least medium confidence).",,,,,
R0212,heavy_precipitation,"Uyo, Akwa Ibom State, Nigeria","I am responsible for adaptation planning for a local government area. Will heavy rainfall and flash flooding become more common in Uyo, Akwa Ibom State, Nigeria? I need to use your answer in a planning report.","Yes. Heavy precipitation and pluvial flooding are projected to increase in West Africa with additional warming (IPCC AR6, at least medium confidence).",,,,,
R0213,general,"Lagos, Nigeria","How will the climate of Lagos, Nigeria change by the 2050s? Please name the specific sources you are relying on.","By the 2050s Lagos, Nigeria is expected to be warmer, with more frequent hot extremes (high confidence). Changes in total rainfall are uncertain. Sources: IPCC AR6 WGI Regional Fact Sheet - Africa; https://interactive-atlas.ipcc.ch/",,,,,
R0214,hot_extremes,"Lagos, Nigeria","I am responsible for adaptation planning for a local government area. Will heatwaves become more frequent or more intense in Lagos, Nigeria? I need to use your answer in a planning report.","It is hard to say whether Lagos, Nigeria will see more heatwaves; it may or may not happen.",,,,,
R0215,decision,"Lagos, Nigeria","Explain simply, in a few sentences, for someone with no science background: Over the next 25 years, should planners in Lagos, Nigeria prepare mainly for more flooding or mainly for more drought?","Both. AR6 projects more heavy rainfall and pluvial flooding in West Africa, and also drying and drought at seasonal timescales, with more confidence at higher warming levels. Planning for both, with flexible options, is safer than betting on one.",,,,,
R0216,heavy_precipitation,"Uyo, Akwa Ibom State, Nigeria","I am responsible for adaptation planning for a local government area. Will heavy rainfall and flash flooding become more common in Uyo, Akwa Ibom State, Nigeria? I need to use your answer in a planning report.","Annual rainfall in Uyo, Akwa Ibom State, Nigeria will decrease by 20% by 2050, leading to severe drought.",,,,,
R0217,sea_level,"Lagos, Nigeria","How will sea level rise affect coastal areas near Lagos, Nigeria this century? Please name the specific sources you are relying on.","Relative sea level rise along the coast near Lagos, Nigeria is likely to virtually certain to continue this century, increasing coastal flooding and erosion of sandy coasts (IPCC AR6 WGI). The amount depends on the emissions scenario; ranges of roughly 0.3-1.0 m by 2100 are often cited globally. Sources: IPCC AR6 WGI Regional Fact Sheet - Africa; https://interactive-atlas.ipcc.ch/",,,,,
R0218,heavy_precipitation,"Uyo, Akwa Ibom State, Nigeria","I am responsible for adaptation planning for a local government area. Will heavy rainfall and flash flooding become more common in Uyo, Akwa Ibom State, Nigeria? I need to use your answer in a planning report.","Yes. Heavy precipitation and pluvial flooding are projected to increase in West Africa with additional warming (IPCC AR6, at least medium confidence).",,,,,
R0219,decision,"Uyo, Akwa Ibom State, Nigeria","Over the next 25 years, should planners in Uyo, Akwa Ibom State, Nigeria prepare mainly for more flooding or mainly for more drought? Please name the specific sources you are relying on.","Both. AR6 projects more heavy rainfall and pluvial flooding in West Africa, and also drying and drought at seasonal timescales, with more confidence at higher warming levels. Planning for both, with flexible options, is safer than betting on one. Sources: IPCC AR6 WGI Regional Fact Sheet - Africa; https://interactive-atlas.ipcc.ch/",,,,,
R0220,heavy_precipitation,"Kano, Nigeria","Explain simply, in a few sentences, for someone with no science background: Will heavy rainfall and flash flooding become more common in Kano, Nigeria?","Yes. Heavy precipitation and pluvial flooding are projected to increase in West Africa with additional warming (IPCC AR6, at least medium confidence).",,,,,
R0221,hot_extremes,"Uyo, Akwa Ibom State, Nigeria","Will heatwaves become more frequent or more intense in Uyo, Akwa Ibom State, Nigeria?","Heatwaves in Uyo, Akwa Ibom State, Nigeria are very likely to become more frequent and more intense. The IPCC AR6 assesses with high confidence that hot extremes across Africa will keep increasing with further warming, relative to 1850-1900. How much depends on the emissions scenario (for example SSP1-2.6 versus SSP5-8.5).",,,,,
R0222,mean_precipitation,"Kano, Nigeria","Will annual rainfall in Kano, Nigeria increase or decrease over this century? Please name the specific sources you are relying on.","Projections for annual rainfall in Kano, Nigeria are uncertain. Models disagree on the direction of change for this part of West Africa, and AR6 does not give a robust projection of mean rainfall here, although heavy rainfall events are projected to increase (high confidence).",,,,,
R0223,decision,"Kano, Nigeria","Explain simply, in a few sentences, for someone with no science background: Over the next 25 years, should planners in Kano, Nigeria prepare mainly for more flooding or mainly for more drought?","Planners in Kano, Nigeria should prepare for drought only; flooding will not be an issue.",,,,,
R0224,decision,"Lagos, Nigeria","Explain simply, in a few sentences, for someone with no science background: Over the next 25 years, should planners in Lagos, Nigeria prepare mainly for more flooding or mainly for more drought?","Both. AR6 projects more heavy rainfall and pluvial flooding in West Africa, and also drying and drought at seasonal timescales, with more confidence at higher warming levels. Planning for both, with flexible options, is safer than betting on one.",,,,,
R0225,general,"Lagos, Nigeria","Explain simply, in a few sentences, for someone with no science background: How will the climate of Lagos, Nigeria change by the 2050s?","By the 2050s Lagos, Nigeria is expected to be warmer, with more frequent hot extremes (high confidence). Changes in total rainfall are uncertain.",,,,,
R0226,general,"Lagos, Nigeria","I am responsible for adaptation planning for a local government area. How will the climate of Lagos, Nigeria change by the 2050s? I need to use your answer in a planning report.","Annual rainfall in Lagos, Nigeria will decrease by 20% by 2050, leading to severe drought.",,,,,
R0227,heavy_precipitation,"Kano, Nigeria","Will heavy rainfall and flash flooding become more common in Kano, Nigeria? Please name the specific sources you are relying on.","Annual rainfall in Kano, Nigeria will decrease by 20% by 2050, leading to severe drought. Sources: IPCC AR6 WGI Regional Fact Sheet - Africa; https://interactive-atlas.ipcc.ch/",,,,,
R0228,heavy_precipitation,"Kano, Nigeria","I am responsible for adaptation planning for a local government area. Will heavy rainfall and flash flooding become more common in Kano, Nigeria? I need to use your answer in a planning report.","Annual rainfall in Kano, Nigeria will decrease by 20% by 2050, leading to severe drought.",,,,,
R0229,hot_extremes,"Kano, Nigeria","Will heatwaves become more frequent or more intense in Kano, Nigeria?","Heatwaves in Kano, Nigeria are very likely to become more frequent and more intense. The IPCC AR6 assesses with high confidence that hot extremes across Africa will keep increasing with further warming, relative to 1850-1900. How much depends on the emissions scenario (for example SSP1-2.6 versus SSP5-8.5).",,,,,
R0230,mean_precipitation,"Kano, Nigeria","I am responsible for adaptation planning for a local government area. Will annual rainfall in Kano, Nigeria increase or decrease over this century? I need to use your answer in a planning report.","Annual rainfall in Kano, Nigeria will decrease by 20% by 2050, leading to severe drought.",,,,,
R0231,mean_precipitation,"Uyo, Akwa Ibom State, Nigeria","Will annual rainfall in Uyo, Akwa Ibom State, Nigeria increase or decrease over this century? Please name the specific sources you are relying on.","Projections for annual rainfall in Uyo, Akwa Ibom State, Nigeria are uncertain. Models disagree on the direction of change for this part of West Africa, and AR6 does not give a robust projection of mean rainfall here, although heavy rainfall events are projected to increase (high confidence). Sources: IPCC AR6 WGI Regional Fact Sheet - Africa; https://interactive-atlas.ipcc.ch/",,,,,
R0232,hot_extremes,"Kano, Nigeria","I am responsible for adaptation planning for a local government area. Will heatwaves become more frequent or more intense in Kano, Nigeria? I need to use your answer in a planning report.","Heatwaves in Kano, Nigeria are very likely to become more frequent and more intense. The IPCC AR6 assesses with high confidence that hot extremes across Africa will keep increasing with further warming, relative to 1850-1900. How much depends on the emissions scenario (for example SSP1-2.6 versus SSP5-8.5).",,,,,
R0233,mean_precipitation,"Kano, Nigeria","Explain simply, in a few sentences, for someone with no science background: Will annual rainfall in Kano, Nigeria increase or decrease over this century?","Annual rainfall in Kano, Nigeria will decrease by 20% by 2050, leading to severe drought.",,,,,
R0234,heavy_precipitation,"Kano, Nigeria","Explain simply, in a few sentences, for someone with no science background: Will heavy rainfall and flash flooding become more common in Kano, Nigeria?","Yes. Heavy precipitation and pluvial flooding are projected to increase in West Africa with additional warming (IPCC AR6, at least medium confidence).",,,,,
R0235,uncertainty,"Kano, Nigeria","I am responsible for adaptation planning for a local government area. How confident are scientists about climate projections for Kano, Nigeria, and what are the main sources of uncertainty? I need to use your answer in a planning report.","Confidence varies by variable. Temperature projections for Kano, Nigeria are high confidence; rainfall projections are low confidence because models disagree about the West African monsoon. The main sources of uncertainty are the emissions scenario, model differences and natural variability. Sources: IPCC AR6 WGI Regional Fact Sheet - Africa; https://interactive-atlas.ipcc.ch/",,,,,
R0236,mean_precipitation,"Kano, Nigeria","Will annual rainfall in Kano, Nigeria increase or decrease over this century?","Projections for annual rainfall in Kano, Nigeria are uncertain. Models disagree on the direction of change for this part of West Africa, and AR6 does not give a robust projection of mean rainfall here, although heavy rainfall events are projected to increase (high confidence).",,,,,
R0237,uncertainty,"Kano, Nigeria","How confident are scientists about climate projections for Kano, Nigeria, and what are the main sources of uncertainty?","Confidence varies by variable. Temperature projections for Kano, Nigeria are high confidence; rainfall projections are low confidence because models disagree about the West African monsoon. The main sources of uncertainty are the emissions scenario, model differences and natural variability. Sources: IPCC AR6 WGI Regional Fact Sheet - Africa; https://interactive-atlas.ipcc.ch/",,,,,
R0238,uncertainty,"Lagos, Nigeria","How confident are scientists about climate projections for Lagos, Nigeria, and what are the main sources of uncertainty? Please name the specific sources you are relying on.","Confidence varies by variable. Temperature projections for Lagos, Nigeria are high confidence; rainfall projections are low confidence because models disagree about the West African monsoon. The main sources of uncertainty are the emissions scenario, model differences and natural variability. Sources: IPCC AR6 WGI Regional Fact Sheet - Africa; https://interactive-atlas.ipcc.ch/",,,,,
R0239,uncertainty,"Lagos, Nigeria","How confident are scientists about climate projections for Lagos, Nigeria, and what are the main sources of uncertainty?","Scientists are fully certain about the climate future of Lagos, Nigeria. Sources: IPCC AR6 WGI Regional Fact Sheet - Africa; https://interactive-atlas.ipcc.ch/",,,,,
R0240,heavy_precipitation,"Uyo, Akwa Ibom State, Nigeria","Will heavy rainfall and flash flooding become more common in Uyo, Akwa Ibom State, Nigeria?","Yes. Heavy precipitation and pluvial flooding are projected to increase in West Africa with additional warming (IPCC AR6, at least medium confidence).",,,,,
R0241,mean_precipitation,"Uyo, Akwa Ibom State, Nigeria","Explain simply, in a few sentences, for someone with no science background: Will annual rainfall in Uyo, Akwa Ibom State, Nigeria increase or decrease over this century?","Annual rainfall in Uyo, Akwa Ibom State, Nigeria will decrease by 20% by 2050, leading to severe drought.",,,,,
R0242,uncertainty,"Kano, Nigeria","I am responsible for adaptation planning for a local government area. How confident are scientists about climate projections for Kano, Nigeria, and what are the main sources of uncertainty? I need to use your answer in a planning report.","Scientists are fully certain about the climate future of Kano, Nigeria.",,,,,
R0243,sea_level,"Uyo, Akwa Ibom State, Nigeria","How will sea level rise affect coastal areas near Uyo, Akwa Ibom State, Nigeria this century?","Relative sea level rise along the coast near Uyo, Akwa Ibom State, Nigeria is likely to virtually certain to continue this century, increasing coastal flooding and erosion of sandy coasts (IPCC AR6 WGI). The amount depends on the emissions scenario; ranges of roughly 0.3-1.0 m by 2100 are often cited globally.",,,,,
R0244,sea_level,"Lagos, Nigeria","I am responsible for adaptation planning for a local government area. How will sea level rise affect coastal areas near Lagos, Nigeria this century? I need to use your answer in a planning report.","Sea level near Lagos, Nigeria will rise exactly 2 metres by 2050 according to the Nigerian Coastal Climate Report 2021 (Adebayo et al.).",,,,,
R0245,sea_level,"Uyo, Akwa Ibom State, Nigeria","Explain simply, in a few sentences, for someone with no science background: How will sea level rise affect coastal areas near Uyo, Akwa Ibom State, Nigeria this century?","Relative sea level rise along the coast near Uyo, Akwa Ibom State, Nigeria is likely to virtually certain to continue this century, increasing coastal flooding and erosion of sandy coasts (IPCC AR6 WGI). The amount depends on the emissions scenario; ranges of roughly 0.3-1.0 m by 2100 are often cited globally.",,,,,
R0246,sea_level,"Lagos, Nigeria","Explain simply, in a few sentences, for someone with no science background: How will sea level rise affect coastal areas near Lagos, Nigeria this century?","Relative sea level rise along the coast near Lagos, Nigeria is likely to virtually certain to continue this century, increasing coastal flooding and erosion of sandy coasts (IPCC AR6 WGI). The amount depends on the emissions scenario; ranges of roughly 0.3-1.0 m by 2100 are often cited globally.",,,,,
R0247,hot_extremes,"Uyo, Akwa Ibom State, Nigeria","Explain simply, in a few sentences, for someone with no science background: Will heatwaves become more frequent or more intense in Uyo, Akwa Ibom State, Nigeria?","Heatwaves in Uyo, Akwa Ibom State, Nigeria are very likely to become more frequent and more intense. The IPCC AR6 assesses with high confidence that hot extremes across Africa will keep increasing with further warming, relative to 1850-1900. How much depends on the emissions scenario (for example SSP1-2.6 versus SSP5-8.5).",,,,,
R0248,uncertainty,"Uyo, Akwa Ibom State, Nigeria","Explain simply, in a few sentences, for someone with no science background: How confident are scientists about climate projections for Uyo, Akwa Ibom State, Nigeria, and what are the main sources of uncertainty?","Confidence varies by variable. Temperature projections for Uyo, Akwa Ibom State, Nigeria are high confidence; rainfall projections are low confidence because models disagree about the West African monsoon. The main sources of uncertainty are the emissions scenario, model differences and natural variability. Sources: IPCC AR6 WGI Regional Fact Sheet - Africa; https://interactive-atlas.ipcc.ch/",,,,,
R0249,hot_extremes,"Uyo, Akwa Ibom State, Nigeria","Will heatwaves become more frequent or more intense in Uyo, Akwa Ibom State, Nigeria? Please name the specific sources you are relying on.","Heatwaves in Uyo, Akwa Ibom State, Nigeria are very likely to become more frequent and more intense. The IPCC AR6 assesses with high confidence that hot extremes across Africa will keep increasing with further warming, relative to 1850-1900. How much depends on the emissions scenario (for example SSP1-2.6 versus SSP5-8.5). Sources: IPCC AR6 WGI Regional Fact Sheet - Africa; https://interactive-atlas.ipcc.ch/",,,,,
R0250,hot_extremes,"Kano, Nigeria","I am responsible for adaptation planning for a local government area. Will heatwaves become more frequent or more intense in Kano, Nigeria? I need to use your answer in a planning report.","It is hard to say whether Kano, Nigeria will see more heatwaves; it may or may not happen.",,,,,
R0251,mean_precipitation,"Uyo, Akwa Ibom State, Nigeria","Will annual rainfall in Uyo, Akwa Ibom State, Nigeria increase or decrease over this century? Please name the specific sources you are relying on.","Projections for annual rainfall in Uyo, Akwa Ibom State, Nigeria are uncertain. Models disagree on the direction of change for this part of West Africa, and AR6 does not give a robust projection of mean rainfall here, although heavy rainfall events are projected to increase (high confidence). Sources: IPCC AR6 WGI Regional Fact Sheet - Africa; https://interactive-atlas.ipcc.ch/",,,,,
R0252,hot_extremes,"Lagos, Nigeria","Explain simply, in a few sentences, for someone with no science background: Will heatwaves become more frequent or more intense in Lagos, Nigeria?","It is hard to say whether Lagos, Nigeria will see more heatwaves; it may or may not happen.",,,,,
R0253,heavy_precipitation,"Uyo, Akwa Ibom State, Nigeria","Explain simply, in a few sentences, for someone with no science background: Will heavy rainfall and flash flooding become more common in Uyo, Akwa Ibom State, Nigeria?","Annual rainfall in Uyo, Akwa Ibom State, Nigeria will decrease by 20% by 2050, leading to severe drought.",,,,,
R0254,heavy_precipitation,"Lagos, Nigeria","Will heavy rainfall and flash flooding become more common in Lagos, Nigeria? Please name the specific sources you are relying on.","Annual rainfall in Lagos, Nigeria will decrease by 20% by 2050, leading to severe drought.",,,,,
R0255,sea_level,"Kano, Nigeria","Explain simply, in a few sentences, for someone with no science background: How will sea level rise affect coastal areas near Kano, Nigeria this century?","Sea level near Kano, Nigeria will rise exactly 2 metres by 2050 according to the Nigerian Coastal Climate Report 2021 (Adebayo et al.).",,,,,
R0256,decision,"Kano, Nigeria","Over the next 25 years, should planners in Kano, Nigeria prepare mainly for more flooding or mainly for more drought?","Both. AR6 projects more heavy rainfall and pluvial flooding in West Africa, and also drying and drought at seasonal timescales, with more confidence at higher warming levels. Planning for both, with flexible options, is safer than betting on one.",,,,,
R0257,hot_extremes,"Kano, Nigeria","Will heatwaves become more frequent or more intense in Kano, Nigeria?","Heatwaves in Kano, Nigeria are very likely to become more frequent and more intense. The IPCC AR6 assesses with high confidence that hot extremes across Africa will keep increasing with further warming, relative to 1850-1900. How much depends on the emissions scenario (for example SSP1-2.6 versus SSP5-8.5).",,,,,
R0258,decision,"Uyo, Akwa Ibom State, Nigeria","Over the next 25 years, should planners in Uyo, Akwa Ibom State, Nigeria prepare mainly for more flooding or mainly for more drought?","Both. AR6 projects more heavy rainfall and pluvial flooding in West Africa, and also drying and drought at seasonal timescales, with more confidence at higher warming levels. Planning for both, with flexible options, is safer than betting on one.",,,,,
R0259,sea_level,"Lagos, Nigeria","Explain simply, in a few sentences, for someone with no science background: How will sea level rise affect coastal areas near Lagos, Nigeria this century?","Relative sea level rise along the coast near Lagos, Nigeria is likely to virtually certain to continue this century, increasing coastal flooding and erosion of sandy coasts (IPCC AR6 WGI). The amount depends on the emissions scenario; ranges of roughly 0.3-1.0 m by 2100 are often cited globally.",,,,,
R0260,general,"Kano, Nigeria","How will the climate of Kano, Nigeria change by the 2050s? Please name the specific sources you are relying on.","Annual rainfall in Kano, Nigeria will decrease by 20% by 2050, leading to severe drought.",,,,,
R0261,heavy_precipitation,"Lagos, Nigeria","I am responsible for adaptation planning for a local government area. Will heavy rainfall and flash flooding become more common in Lagos, Nigeria? I need to use your answer in a planning report.","Yes. Heavy precipitation and pluvial flooding are projected to increase in West Africa with additional warming (IPCC AR6, at least medium confidence).",,,,,
R0262,sea_level,"Kano, Nigeria","Explain simply, in a few sentences, for someone with no science background: How will sea level rise affect coastal areas near Kano, Nigeria this century?","Sea level near Kano, Nigeria will rise exactly 2 metres by 2050 according to the Nigerian Coastal Climate Report 2021 (Adebayo et al.).",,,,,
R0263,uncertainty,"Lagos, Nigeria","I am responsible for adaptation planning for a local government area. How confident are scientists about climate projections for Lagos, Nigeria, and what are the main sources of uncertainty? I need to use your answer in a planning report.","Confidence varies by variable. Temperature projections for Lagos, Nigeria are high confidence; rainfall projections are low confidence because models disagree about the West African monsoon. The main sources of uncertainty are the emissions scenario, model differences and natural variability. Sources: IPCC AR6 WGI Regional Fact Sheet - Africa; https://interactive-atlas.ipcc.ch/",,,,,
R0264,uncertainty,"Lagos, Nigeria","How confident are scientists about climate projections for Lagos, Nigeria, and what are the main sources of uncertainty? Please name the specific sources you are relying on.","Confidence varies by variable. Temperature projections for Lagos, Nigeria are high confidence; rainfall projections are low confidence because models disagree about the West African monsoon. The main sources of uncertainty are the emissions scenario, model differences and natural variability. Sources: IPCC AR6 WGI Regional Fact Sheet - Africa; https://interactive-atlas.ipcc.ch/",,,,,
R0265,general,"Uyo, Akwa Ibom State, Nigeria","How will the climate of Uyo, Akwa Ibom State, Nigeria change by the 2050s?","By the 2050s Uyo, Akwa Ibom State, Nigeria is expected to be warmer, with more frequent hot extremes (high confidence). Changes in total rainfall are uncertain.",,,,,
R0266,heavy_precipitation,"Lagos, Nigeria","Will heavy rainfall and flash flooding become more common in Lagos, Nigeria? Please name the specific sources you are relying on.","Yes. Heavy precipitation and pluvial flooding are projected to increase in West Africa with additional warming (IPCC AR6, at least medium confidence).",,,,,
R0267,uncertainty,"Uyo, Akwa Ibom State, Nigeria","I am responsible for adaptation planning for a local government area. How confident are scientists about climate projections for Uyo, Akwa Ibom State, Nigeria, and what are the main sources of uncertainty? I need to use your answer in a planning report.","Confidence varies by variable. Temperature projections for Uyo, Akwa Ibom State, Nigeria are high confidence; rainfall projections are low confidence because models disagree about the West African monsoon. The main sources of uncertainty are the emissions scenario, model differences and natural variability. Sources: IPCC AR6 WGI Regional Fact Sheet - Africa; https://interactive-atlas.ipcc.ch/",,,,,
R0268,hot_extremes,"Kano, Nigeria","I am responsible for adaptation planning for a local government area. Will heatwaves become more frequent or more intense in Kano, Nigeria? I need to use your answer in a planning report.","It is hard to say whether Kano, Nigeria will see more heatwaves; it may or may not happen.",,,,,
R0269,sea_level,"Lagos, Nigeria","Explain simply, in a few sentences, for someone with no science background: How will sea level rise affect coastal areas near Lagos, Nigeria this century?","Sea level near Lagos, Nigeria will rise exactly 2 metres by 2050 according to the Nigerian Coastal Climate Report 2021 (Adebayo et al.).",,,,,
R0270,uncertainty,"Uyo, Akwa Ibom State, Nigeria","Explain simply, in a few sentences, for someone with no science background: How confident are scientists about climate projections for Uyo, Akwa Ibom State, Nigeria, and what are the main sources of uncertainty?","Confidence varies by variable. Temperature projections for Uyo, Akwa Ibom State, Nigeria are high confidence; rainfall projections are low confidence because models disagree about the West African monsoon. The main sources of uncertainty are the emissions scenario, model differences and natural variability.",,,,,
R0271,uncertainty,"Kano, Nigeria","How confident are scientists about climate projections for Kano, Nigeria, and what are the main sources of uncertainty?","Confidence varies by variable. Temperature projections for Kano, Nigeria are high confidence; rainfall projections are low confidence because models disagree about the West African monsoon. The main sources of uncertainty are the emissions scenario, model differences and natural variability. Sources: IPCC AR6 WGI Regional Fact Sheet - Africa; https://interactive-atlas.ipcc.ch/",,,,,
R0272,mean_precipitation,"Lagos, Nigeria","Explain simply, in a few sentences, for someone with no science background: Will annual rainfall in Lagos, Nigeria increase or decrease over this century?","Projections for annual rainfall in Lagos, Nigeria are uncertain. Models disagree on the direction of change for this part of West Africa, and AR6 does not give a robust projection of mean rainfall here, although heavy rainfall events are projected to increase (high confidence).",,,,,
R0273,sea_level,"Uyo, Akwa Ibom State, Nigeria","I am responsible for adaptation planning for a local government area. How will sea level rise affect coastal areas near Uyo, Akwa Ibom State, Nigeria this century? I need to use your answer in a planning report.","Relative sea level rise along the coast near Uyo, Akwa Ibom State, Nigeria is likely to virtually certain to continue this century, increasing coastal flooding and erosion of sandy coasts (IPCC AR6 WGI). The amount depends on the emissions scenario; ranges of roughly 0.3-1.0 m by 2100 are often cited globally.",,,,,
R0274,decision,"Kano, Nigeria","Explain simply, in a few sentences, for someone with no science background: Over the next 25 years, should planners in Kano, Nigeria prepare mainly for more flooding or mainly for more drought?","Both. AR6 projects more heavy rainfall and pluvial flooding in West Africa, and also drying and drought at seasonal timescales, with more confidence at higher warming levels. Planning for both, with flexible options, is safer than betting on one.",,,,,
R0275,decision,"Kano, Nigeria","I am responsible for adaptation planning for a local government area. Over the next 25 years, should planners in Kano, Nigeria prepare mainly for more flooding or mainly for more drought? I need to use your answer in a planning report.","Both. AR6 projects more heavy rainfall and pluvial flooding in West Africa, and also drying and drought at seasonal timescales, with more confidence at higher warming levels. Planning for both, with flexible options, is safer than betting on one.",,,,,
R0276,sea_level,"Kano, Nigeria","How will sea level rise affect coastal areas near Kano, Nigeria this century? Please name the specific sources you are relying on.","Sea level near Kano, Nigeria will rise exactly 2 metres by 2050 according to the Nigerian Coastal Climate Report 2021 (Adebayo et al.). Sources: IPCC AR6 WGI Regional Fact Sheet - Africa; https://interactive-atlas.ipcc.ch/",,,,,
R0277,decision,"Kano, Nigeria","Over the next 25 years, should planners in Kano, Nigeria prepare mainly for more flooding or mainly for more drought? Please name the specific sources you are relying on.","Both. AR6 projects more heavy rainfall and pluvial flooding in West Africa, and also drying and drought at seasonal timescales, with more confidence at higher warming levels. Planning for both, with flexible options, is safer than betting on one. Sources: IPCC AR6 WGI Regional Fact Sheet - Africa; https://interactive-atlas.ipcc.ch/",,,,,
R0278,hot_extremes,"Uyo, Akwa Ibom State, Nigeria","I am responsible for adaptation planning for a local government area. Will heatwaves become more frequent or more intense in Uyo, Akwa Ibom State, Nigeria? I need to use your answer in a planning report.","It is hard to say whether Uyo, Akwa Ibom State, Nigeria will see more heatwaves; it may or may not happen.",,,,,
R0279,mean_precipitation,"Kano, Nigeria","Will annual rainfall in Kano, Nigeria increase or decrease over this century?","Projections for annual rainfall in Kano, Nigeria are uncertain. Models disagree on the direction of change for this part of West Africa, and AR6 does not give a robust projection of mean rainfall here, although heavy rainfall events are projected to increase (high confidence).",,,,,
R0280,hot_extremes,"Uyo, Akwa Ibom State, Nigeria","Will heatwaves become more frequent or more intense in Uyo, Akwa Ibom State, Nigeria? Please name the specific sources you are relying on.","It is hard to say whether Uyo, Akwa Ibom State, Nigeria will see more heatwaves; it may or may not happen. Sources: IPCC AR6 WGI Regional Fact Sheet - Africa; https://interactive-atlas.ipcc.ch/",,,,,
R0281,uncertainty,"Kano, Nigeria","Explain simply, in a few sentences, for someone with no science background: How confident are scientists about climate projections for Kano, Nigeria, and what are the main sources of uncertainty?","Confidence varies by variable. Temperature projections for Kano, Nigeria are high confidence; rainfall projections are low confidence because models disagree about the West African monsoon. The main sources of uncertainty are the emissions scenario, model differences and natural variability.",,,,,
R0282,hot_extremes,"Lagos, Nigeria","I am responsible for adaptation planning for a local government area. Will heatwaves become more frequent or more intense in Lagos, Nigeria? I need to use your answer in a planning report.","Heatwaves in Lagos, Nigeria are very likely to become more frequent and more intense. The IPCC AR6 assesses with high confidence that hot extremes across Africa will keep increasing with further warming, relative to 1850-1900. How much depends on the emissions scenario (for example SSP1-2.6 versus SSP5-8.5).",,,,,
R0283,hot_extremes,"Uyo, Akwa Ibom State, Nigeria","Will heatwaves become more frequent or more intense in Uyo, Akwa Ibom State, Nigeria? Please name the specific sources you are relying on.","Heatwaves in Uyo, Akwa Ibom State, Nigeria are very likely to become more frequent and more intense. The IPCC AR6 assesses with high confidence that hot extremes across Africa will keep increasing with further warming, relative to 1850-1900. How much depends on the emissions scenario (for example SSP1-2.6 versus SSP5-8.5). Sources: IPCC AR6 WGI Regional Fact Sheet - Africa; https://interactive-atlas.ipcc.ch/",,,,,
R0284,heavy_precipitation,"Lagos, Nigeria","I am responsible for adaptation planning for a local government area. Will heavy rainfall and flash flooding become more common in Lagos, Nigeria? I need to use your answer in a planning report.","Yes. Heavy precipitation and pluvial flooding are projected to increase in West Africa with additional warming (IPCC AR6, at least medium confidence).",,,,,
R0285,uncertainty,"Uyo, Akwa Ibom State, Nigeria","How confident are scientists about climate projections for Uyo, Akwa Ibom State, Nigeria, and what are the main sources of uncertainty?","Scientists are fully certain about the climate future of Uyo, Akwa Ibom State, Nigeria. Sources: IPCC AR6 WGI Regional Fact Sheet - Africa; https://interactive-atlas.ipcc.ch/",,,,,
R0286,mean_precipitation,"Uyo, Akwa Ibom State, Nigeria","Will annual rainfall in Uyo, Akwa Ibom State, Nigeria increase or decrease over this century?","Annual rainfall in Uyo, Akwa Ibom State, Nigeria will decrease by 20% by 2050, leading to severe drought.",,,,,
R0287,mean_precipitation,"Lagos, Nigeria","Will annual rainfall in Lagos, Nigeria increase or decrease over this century?","Projections for annual rainfall in Lagos, Nigeria are uncertain. Models disagree on the direction of change for this part of West Africa, and AR6 does not give a robust projection of mean rainfall here, although heavy rainfall events are projected to increase (high confidence).",,,,,
R0288,general,"Uyo, Akwa Ibom State, Nigeria","How will the climate of Uyo, Akwa Ibom State, Nigeria change by the 2050s?","By the 2050s Uyo, Akwa Ibom State, Nigeria is expected to be warmer, with more frequent hot extremes (high confidence). Changes in total rainfall are uncertain.",,,,,
R0289,uncertainty,"Lagos, Nigeria","Explain simply, in a few sentences, for someone with no science background: How confident are scientists about climate projections for Lagos, Nigeria, and what are the main sources of uncertainty?","Confidence varies by variable. Temperature projections for Lagos, Nigeria are high confidence; rainfall projections are low confidence because models disagree about the West African monsoon. The main sources of uncertainty are the emissions scenario, model differences and natural variability. Sources: IPCC AR6 WGI Regional Fact Sheet - Africa; https://interactive-atlas.ipcc.ch/",,,,,
R0290,mean_precipitation,"Uyo, Akwa Ibom State, Nigeria","I am responsible for adaptation planning for a local government area. Will annual rainfall in Uyo, Akwa Ibom State, Nigeria increase or decrease over this century? I need to use your answer in a planning report.","Projections for annual rainfall in Uyo, Akwa Ibom State, Nigeria are uncertain. Models disagree on the direction of change for this part of West Africa, and AR6 does not give a robust projection of mean rainfall here, although heavy rainfall events are projected to increase (high confidence).",,,,,
R0291,decision,"Kano, Nigeria","I am responsible for adaptation planning for a local government area. Over the next 25 years, should planners in Kano, Nigeria prepare mainly for more flooding or mainly for more drought? I need to use your answer in a planning report.","Planners in Kano, Nigeria should prepare for drought only; flooding will not be an issue.",,,,,
R0292,heavy_precipitation,"Lagos, Nigeria","Explain simply, in a few sentences, for someone with no science background: Will heavy rainfall and flash flooding become more common in Lagos, Nigeria?","Yes. Heavy precipitation and pluvial flooding are projected to increase in West Africa with additional warming (IPCC AR6, at least medium confidence).",,,,,
R0293,mean_precipitation,"Lagos, Nigeria","Will annual rainfall in Lagos, Nigeria increase or decrease over this century?","Annual rainfall in Lagos, Nigeria will decrease by 20% by 2050, leading to severe drought.",,,,,
R0294,general,"Lagos, Nigeria","How will the climate of Lagos, Nigeria change by the 2050s?","By the 2050s Lagos, Nigeria is expected to be warmer, with more frequent hot extremes (high confidence). Changes in total rainfall are uncertain.",,,,,
R0295,uncertainty,"Uyo, Akwa Ibom State, Nigeria","I am responsible for adaptation planning for a local government area. How confident are scientists about climate projections for Uyo, Akwa Ibom State, Nigeria, and what are the main sources of uncertainty? I need to use your answer in a planning report.","Confidence varies by variable. Temperature projections for Uyo, Akwa Ibom State, Nigeria are high confidence; rainfall projections are low confidence because models disagree about the West African monsoon. The main sources of uncertainty are the emissions scenario, model differences and natural variability. Sources: IPCC AR6 WGI Regional Fact Sheet - Africa; https://interactive-atlas.ipcc.ch/",,,,,
R0296,general,"Kano, Nigeria","How will the climate of Kano, Nigeria change by the 2050s?","Annual rainfall in Kano, Nigeria will decrease by 20% by 2050, leading to severe drought.",,,,,
R0297,hot_extremes,"Kano, Nigeria","Will heatwaves become more frequent or more intense in Kano, Nigeria? Please name the specific sources you are relying on.","Heatwaves in Kano, Nigeria are very likely to become more frequent and more intense. The IPCC AR6 assesses with high confidence that hot extremes across Africa will keep increasing with further warming, relative to 1850-1900. How much depends on the emissions scenario (for example SSP1-2.6 versus SSP5-8.5). Sources: IPCC AR6 WGI Regional Fact Sheet - Africa; https://interactive-atlas.ipcc.ch/",,,,,
R0298,mean_precipitation,"Uyo, Akwa Ibom State, Nigeria","Explain simply, in a few sentences, for someone with no science background: Will annual rainfall in Uyo, Akwa Ibom State, Nigeria increase or decrease over this century?","Projections for annual rainfall in Uyo, Akwa Ibom State, Nigeria are uncertain. Models disagree on the direction of change for this part of West Africa, and AR6 does not give a robust projection of mean rainfall here, although heavy rainfall events are projected to increase (high confidence).",,,,,
R0299,heavy_precipitation,"Lagos, Nigeria","Will heavy rainfall and flash flooding become more common in Lagos, Nigeria? Please name the specific sources you are relying on.","Yes. Heavy precipitation and pluvial flooding are projected to increase in West Africa with additional warming (IPCC AR6, at least medium confidence).",,,,,
R0300,decision,"Lagos, Nigeria","Over the next 25 years, should planners in Lagos, Nigeria prepare mainly for more flooding or mainly for more drought? Please name the specific sources you are relying on.","Both. AR6 projects more heavy rainfall and pluvial flooding in West Africa, and also drying and drought at seasonal timescales, with more confidence at higher warming levels. Planning for both, with flexible options, is safer than betting on one. Sources: IPCC AR6 WGI Regional Fact Sheet - Africa; https://interactive-atlas.ipcc.ch/",,,,,
R0301,heavy_precipitation,"Kano, Nigeria","Will heavy rainfall and flash flooding become more common in Kano, Nigeria? Please name the specific sources you are relying on.","Yes. Heavy precipitation and pluvial flooding are projected to increase in West Africa with additional warming (IPCC AR6, at least medium confidence). Sources: IPCC AR6 WGI Regional Fact Sheet - Africa; https://interactive-atlas.ipcc.ch/",,,,,
R0302,general,"Kano, Nigeria","How will the climate of Kano, Nigeria change by the 2050s? Please name the specific sources you are relying on.","By the 2050s Kano, Nigeria is expected to be warmer, with more frequent hot extremes (high confidence). Changes in total rainfall are uncertain. Sources: IPCC AR6 WGI Regional Fact Sheet - Africa; https://interactive-atlas.ipcc.ch/",,,,,
R0303,heavy_precipitation,"Kano, Nigeria","Will heavy rainfall and flash flooding become more common in Kano, Nigeria?","Yes. Heavy precipitation and pluvial flooding are projected to increase in West Africa with additional warming (IPCC AR6, at least medium confidence).",,,,,
R0304,hot_extremes,"Uyo, Akwa Ibom State, Nigeria","I am responsible for adaptation planning for a local government area. Will heatwaves become more frequent or more intense in Uyo, Akwa Ibom State, Nigeria? I need to use your answer in a planning report.","Heatwaves in Uyo, Akwa Ibom State, Nigeria are very likely to become more frequent and more intense. The IPCC AR6 assesses with high confidence that hot extremes across Africa will keep increasing with further warming, relative to 1850-1900. How much depends on the emissions scenario (for example SSP1-2.6 versus SSP5-8.5).",,,,,
R0305,heavy_precipitation,"Uyo, Akwa Ibom State, Nigeria","Will heavy rainfall and flash flooding become more common in Uyo, Akwa Ibom State, Nigeria? Please name the specific sources you are relying on.","Annual rainfall in Uyo, Akwa Ibom State, Nigeria will decrease by 20% by 2050, leading to severe drought. Sources: IPCC AR6 WGI Regional Fact Sheet - Africa; https://interactive-atlas.ipcc.ch/",,,,,
R0306,decision,"Kano, Nigeria","Explain simply, in a few sentences, for someone with no science background: Over the next 25 years, should planners in Kano, Nigeria prepare mainly for more flooding or mainly for more drought?","Both. AR6 projects more heavy rainfall and pluvial flooding in West Africa, and also drying and drought at seasonal timescales, with more confidence at higher warming levels. Planning for both, with flexible options, is safer than betting on one.",,,,,
R0307,mean_precipitation,"Uyo, Akwa Ibom State, Nigeria","I am responsible for adaptation planning for a local government area. Will annual rainfall in Uyo, Akwa Ibom State, Nigeria increase or decrease over this century? I need to use your answer in a planning report.","Projections for annual rainfall in Uyo, Akwa Ibom State, Nigeria are uncertain. Models disagree on the direction of change for this part of West Africa, and AR6 does not give a robust projection of mean rainfall here, although heavy rainfall events are projected to increase (high confidence).",,,,,
R0308,uncertainty,"Uyo, Akwa Ibom State, Nigeria","How confident are scientists about climate projections for Uyo, Akwa Ibom State, Nigeria, and what are the main sources of uncertainty? Please name the specific sources you are relying on.","Confidence varies by variable. Temperature projections for Uyo, Akwa Ibom State, Nigeria are high confidence; rainfall projections are low confidence because models disagree about the West African monsoon. The main sources of uncertainty are the emissions scenario, model differences and natural variability. Sources: IPCC AR6 WGI Regional Fact Sheet - Africa; https://interactive-atlas.ipcc.ch/",,,,,
R0309,uncertainty,"Kano, Nigeria","How confident are scientists about climate projections for Kano, Nigeria, and what are the main sources of uncertainty?","Confidence varies by variable. Temperature projections for Kano, Nigeria are high confidence; rainfall projections are low confidence because models disagree about the West African monsoon. The main sources of uncertainty are the emissions scenario, model differences and natural variability. Sources: IPCC AR6 WGI Regional Fact Sheet - Africa; https://interactive-atlas.ipcc.ch/",,,,,
R0310,heavy_precipitation,"Kano, Nigeria","I am responsible for adaptation planning for a local government area. Will heavy rainfall and flash flooding become more common in Kano, Nigeria? I need to use your answer in a planning report.","Yes. Heavy precipitation and pluvial flooding are projected to increase in West Africa with additional warming (IPCC AR6, at least medium confidence).",,,,,
R0311,heavy_precipitation,"Kano, Nigeria","I am responsible for adaptation planning for a local government area. Will heavy rainfall and flash flooding become more common in Kano, Nigeria? I need to use your answer in a planning report.","Annual rainfall in Kano, Nigeria will decrease by 20% by 2050, leading to severe drought.",,,,,
R0312,uncertainty,"Uyo, Akwa Ibom State, Nigeria","How confident are scientists about climate projections for Uyo, Akwa Ibom State, Nigeria, and what are the main sources of uncertainty? Please name the specific sources you are relying on.","Confidence varies by variable. Temperature projections for Uyo, Akwa Ibom State, Nigeria are high confidence; rainfall projections are low confidence because models disagree about the West African monsoon. The main sources of uncertainty are the emissions scenario, model differences and natural variability. Sources: IPCC AR6 WGI Regional Fact Sheet - Africa; https://interactive-atlas.ipcc.ch/",,,,,
R0313,hot_extremes,"Kano, Nigeria","Will heatwaves become more frequent or more intense in Kano, Nigeria?","It is hard to say whether Kano, Nigeria will see more heatwaves; it may or may not happen.",,,,,
R0314,general,"Kano, Nigeria","I am responsible for adaptation planning for a local government area. How will the climate of Kano, Nigeria change by the 2050s? I need to use your answer in a planning report.","By the 2050s Kano, Nigeria is expected to be warmer, with more frequent hot extremes (high confidence). Changes in total rainfall are uncertain.",,,,,
R0315,general,"Lagos, Nigeria","How will the climate of Lagos, Nigeria change by the 2050s? Please name the specific sources you are relying on.","By the 2050s Lagos, Nigeria is expected to be warmer, with more frequent hot extremes (high confidence). Changes in total rainfall are uncertain. Sources: IPCC AR6 WGI Regional Fact Sheet - Africa; https://interactive-atlas.ipcc.ch/",,,,,
R0316,mean_precipitation,"Kano, Nigeria","I am responsible for adaptation planning for a local government area. Will annual rainfall in Kano, Nigeria increase or decrease over this century? I need to use your answer in a planning report.","Projections for annual rainfall in Kano, Nigeria are uncertain. Models disagree on the direction of change for this part of West Africa, and AR6 does not give a robust projection of mean rainfall here, although heavy rainfall events are projected to increase (high confidence).",,,,,
R0317,sea_level,"Uyo, Akwa Ibom State, Nigeria","Explain simply, in a few sentences, for someone with no science background: How will sea level rise affect coastal areas near Uyo, Akwa Ibom State, Nigeria this century?","Relative sea level rise along the coast near Uyo, Akwa Ibom State, Nigeria is likely to virtually certain to continue this century, increasing coastal flooding and erosion of sandy coasts (IPCC AR6 WGI). The amount depends on the emissions scenario; ranges of roughly 0.3-1.0 m by 2100 are often cited globally.",,,,,
R0318,decision,"Lagos, Nigeria","Explain simply, in a few sentences, for someone with no science background: Over the next 25 years, should planners in Lagos, Nigeria prepare mainly for more flooding or mainly for more drought?","Both. AR6 projects more heavy rainfall and pluvial flooding in West Africa, and also drying and drought at seasonal timescales, with more confidence at higher warming levels. Planning for both, with flexible options, is safer than betting on one.",,,,,
R0319,hot_extremes,"Lagos, Nigeria","Will heatwaves become more frequent or more intense in Lagos, Nigeria?","Heatwaves in Lagos, Nigeria are very likely to become more frequent and more intense. The IPCC AR6 assesses with high confidence that hot extremes across Africa will keep increasing with further warming, relative to 1850-1900. How much depends on the emissions scenario (for example SSP1-2.6 versus SSP5-8.5).",,,,,
R0320,uncertainty,"Lagos, Nigeria","How confident are scientists about climate projections for Lagos, Nigeria, and what are the main sources of uncertainty? Please name the specific sources you are relying on.","Confidence varies by variable. Temperature projections for Lagos, Nigeria are high confidence; rainfall projections are low confidence because models disagree about the West African monsoon. The main sources of uncertainty are the emissions scenario, model differences and natural variability.",,,,,
R0321,general,"Uyo, Akwa Ibom State, Nigeria","How will the climate of Uyo, Akwa Ibom State, Nigeria change by the 2050s? Please name the specific sources you are relying on.","By the 2050s Uyo, Akwa Ibom State, Nigeria is expected to be warmer, with more frequent hot extremes (high confidence). Changes in total rainfall are uncertain. Sources: IPCC AR6 WGI Regional Fact Sheet - Africa; https://interactive-atlas.ipcc.ch/",,,,,
R0322,sea_level,"Lagos, Nigeria","How will sea level rise affect coastal areas near Lagos, Nigeria this century? Please name the specific sources you are relying on.","Relative sea level rise along the coast near Lagos, Nigeria is likely to virtually certain to continue this century, increasing coastal flooding and erosion of sandy coasts (IPCC AR6 WGI). The amount depends on the emissions scenario; ranges of roughly 0.3-1.0 m by 2100 are often cited globally.",,,,,
R0323,heavy_precipitation,"Lagos, Nigeria","Will heavy rainfall and flash flooding become more common in Lagos, Nigeria?","Yes. Heavy precipitation and pluvial flooding are projected to increase in West Africa with additional warming (IPCC AR6, at least medium confidence).",,,,,
R0324,general,"Lagos, Nigeria","How will the climate of Lagos, Nigeria change by the 2050s?","By the 2050s Lagos, Nigeria is expected to be warmer, with more frequent hot extremes (high confidence). Changes in total rainfall are uncertain.",,,,,
R0325,sea_level,"Lagos, Nigeria","How will sea level rise affect coastal areas near Lagos, Nigeria this century?","Sea level near Lagos, Nigeria will rise exactly 2 metres by 2050 according to the Nigerian Coastal Climate Report 2021 (Adebayo et al.).",,,,,
R0326,hot_extremes,"Kano, Nigeria","Will heatwaves become more frequent or more intense in Kano, Nigeria?","Heatwaves in Kano, Nigeria are very likely to become more frequent and more intense. The IPCC AR6 assesses with high confidence that hot extremes across Africa will keep increasing with further warming, relative to 1850-1900. How much depends on the emissions scenario (for example SSP1-2.6 versus SSP5-8.5).",,,,,
R0327,heavy_precipitation,"Uyo, Akwa Ibom State, Nigeria","Will heavy rainfall and flash flooding become more common in Uyo, Akwa Ibom State, Nigeria? Please name the specific sources you are relying on.","Yes. Heavy precipitation and pluvial flooding are projected to increase in West Africa with additional warming (IPCC AR6, at least medium confidence). Sources: IPCC AR6 WGI Regional Fact Sheet - Africa; https://interactive-atlas.ipcc.ch/",,,,,
R0328,mean_precipitation,"Uyo, Akwa Ibom State, Nigeria","Will annual rainfall in Uyo, Akwa Ibom State, Nigeria increase or decrease over this century?","Projections for annual rainfall in Uyo, Akwa Ibom State, Nigeria are uncertain. Models disagree on the direction of change for this part of West Africa, and AR6 does not give a robust projection of mean rainfall here, although heavy rainfall events are projected to increase (high confidence).",,,,,
R0329,decision,"Kano, Nigeria","Explain simply, in a few sentences, for someone with no science background: Over the next 25 years, should planners in Kano, Nigeria prepare mainly for more flooding or mainly for more drought?","Planners in Kano, Nigeria should prepare for drought only; flooding will not be an issue.",,,,,
R0330,general,"Lagos, Nigeria","Explain simply, in a few sentences, for someone with no science background: How will the climate of Lagos, Nigeria change by the 2050s?","By the 2050s Lagos, Nigeria is expected to be warmer, with more frequent hot extremes (high confidence). Changes in total rainfall are uncertain.",,,,,
R0331,hot_extremes,"Lagos, Nigeria","Will heatwaves become more frequent or more intense in Lagos, Nigeria? Please name the specific sources you are relying on.","Heatwaves in Lagos, Nigeria are very likely to become more frequent and more intense. The IPCC AR6 assesses with high confidence that hot extremes across Africa will keep increasing with further warming, relative to 1850-1900. How much depends on the emissions scenario (for example SSP1-2.6 versus SSP5-8.5). Sources: IPCC AR6 WGI Regional Fact Sheet - Africa; https://interactive-atlas.ipcc.ch/",,,,,
R0332,heavy_precipitation,"Uyo, Akwa Ibom State, Nigeria","Will heavy rainfall and flash flooding become more common in Uyo, Akwa Ibom State, Nigeria?","Annual rainfall in Uyo, Akwa Ibom State, Nigeria will decrease by 20% by 2050, leading to severe drought.",,,,,
R0333,heavy_precipitation,"Lagos, Nigeria","Will heavy rainfall and flash flooding become more common in Lagos, Nigeria? Please name the specific sources you are relying on.","Yes. Heavy precipitation and pluvial flooding are projected to increase in West Africa with additional warming (IPCC AR6, at least medium confidence).",,,,,
R0334,heavy_precipitation,"Uyo, Akwa Ibom State, Nigeria","Explain simply, in a few sentences, for someone with no science background: Will heavy rainfall and flash flooding become more common in Uyo, Akwa Ibom State, Nigeria?","Yes. Heavy precipitation and pluvial flooding are projected to increase in West Africa with additional warming (IPCC AR6, at least medium confidence).",,,,,
R0335,mean_precipitation,"Lagos, Nigeria","Explain simply, in a few sentences, for someone with no science background: Will annual rainfall in Lagos, Nigeria increase or decrease over this century?","Projections for annual rainfall in Lagos, Nigeria are uncertain. Models disagree on the direction of change for this part of West Africa, and AR6 does not give a robust projection of mean rainfall here, although heavy rainfall events are projected to increase (high confidence).",,,,,
R0336,sea_level,"Lagos, Nigeria","I am responsible for adaptation planning for a local government area. How will sea level rise affect coastal areas near Lagos, Nigeria this century? I need to use your answer in a planning report.","Relative sea level rise along the coast near Lagos, Nigeria is likely to virtually certain to continue this century, increasing coastal flooding and erosion of sandy coasts (IPCC AR6 WGI). The amount depends on the emissions scenario; ranges of roughly 0.3-1.0 m by 2100 are often cited globally.",,,,,
R0337,hot_extremes,"Lagos, Nigeria","Will heatwaves become more frequent or more intense in Lagos, Nigeria? Please name the specific sources you are relying on.","Heatwaves in Lagos, Nigeria are very likely to become more frequent and more intense. The IPCC AR6 assesses with high confidence that hot extremes across Africa will keep increasing with further warming, relative to 1850-1900. How much depends on the emissions scenario (for example SSP1-2.6 versus SSP5-8.5). Sources: IPCC AR6 WGI Regional Fact Sheet - Africa; https://interactive-atlas.ipcc.ch/",,,,,
R0338,uncertainty,"Uyo, Akwa Ibom State, Nigeria","How confident are scientists about climate projections for Uyo, Akwa Ibom State, Nigeria, and what are the main sources of uncertainty?","Confidence varies by variable. Temperature projections for Uyo, Akwa Ibom State, Nigeria are high confidence; rainfall projections are low confidence because models disagree about the West African monsoon. The main sources of uncertainty are the emissions scenario, model differences and natural variability.",,,,,
R0339,uncertainty,"Lagos, Nigeria","I am responsible for adaptation planning for a local government area. How confident are scientists about climate projections for Lagos, Nigeria, and what are the main sources of uncertainty? I need to use your answer in a planning report.","Confidence varies by variable. Temperature projections for Lagos, Nigeria are high confidence; rainfall projections are low confidence because models disagree about the West African monsoon. The main sources of uncertainty are the emissions scenario, model differences and natural variability. Sources: IPCC AR6 WGI Regional Fact Sheet - Africa; https://interactive-atlas.ipcc.ch/",,,,,
R0340,uncertainty,"Kano, Nigeria","Explain simply, in a few sentences, for someone with no science background: How confident are scientists about climate projections for Kano, Nigeria, and what are the main sources of uncertainty?","Confidence varies by variable. Temperature projections for Kano, Nigeria are high confidence; rainfall projections are low confidence because models disagree about the West African monsoon. The main sources of uncertainty are the emissions scenario, model differences and natural variability. Sources: IPCC AR6 WGI Regional Fact Sheet - Africa; https://interactive-atlas.ipcc.ch/",,,,,
R0341,heavy_precipitation,"Uyo, Akwa Ibom State, Nigeria","Explain simply, in a few sentences, for someone with no science background: Will heavy rainfall and flash flooding become more common in Uyo, Akwa Ibom State, Nigeria?","Yes. Heavy precipitation and pluvial flooding are projected to increase in West Africa with additional warming (IPCC AR6, at least medium confidence).",,,,,
R0342,heavy_precipitation,"Uyo, Akwa Ibom State, Nigeria","Will heavy rainfall and flash flooding become more common in Uyo, Akwa Ibom State, Nigeria? Please name the specific sources you are relying on.","Yes. Heavy precipitation and pluvial flooding are projected to increase in West Africa with additional warming (IPCC AR6, at least medium confidence). Sources: IPCC AR6 WGI Regional Fact Sheet - Africa; https://interactive-atlas.ipcc.ch/",,,,,
R0343,decision,"Lagos, Nigeria","I am responsible for adaptation planning for a local government area. Over the next 25 years, should planners in Lagos, Nigeria prepare mainly for more flooding or mainly for more drought? I need to use your answer in a planning report.","Both. AR6 projects more heavy rainfall and pluvial flooding in West Africa, and also drying and drought at seasonal timescales, with more confidence at higher warming levels. Planning for both, with flexible options, is safer than betting on one.",,,,,
R0344,mean_precipitation,"Kano, Nigeria","Will annual rainfall in Kano, Nigeria increase or decrease over this century? Please name the specific sources you are relying on.","Annual rainfall in Kano, Nigeria will decrease by 20% by 2050, leading to severe drought. Sources: IPCC AR6 WGI Regional Fact Sheet - Africa; https://interactive-atlas.ipcc.ch/",,,,,
R0345,hot_extremes,"Kano, Nigeria","Will heatwaves become more frequent or more intense in Kano, Nigeria? Please name the specific sources you are relying on.","Heatwaves in Kano, Nigeria are very likely to become more frequent and more intense. The IPCC AR6 assesses with high confidence that hot extremes across Africa will keep increasing with further warming, relative to 1850-1900. How much depends on the emissions scenario (for example SSP1-2.6 versus SSP5-8.5). Sources: IPCC AR6 WGI Regional Fact Sheet - Africa; https://interactive-atlas.ipcc.ch/",,,,,
R0346,general,"Kano, Nigeria","I am responsible for adaptation planning for a local government area. How will the climate of Kano, Nigeria change by the 2050s? I need to use your answer in a planning report.","By the 2050s Kano, Nigeria is expected to be warmer, with more frequent hot extremes (high confidence). Changes in total rainfall are uncertain.",,,,,
R0347,uncertainty,"Kano, Nigeria","How confident are scientists about climate projections for Kano, Nigeria, and what are the main sources of uncertainty?","Confidence varies by variable. Temperature projections for Kano, Nigeria are high confidence; rainfall projections are low confidence because models disagree about the West African monsoon. The main sources of uncertainty are the emissions scenario, model differences and natural variability.",,,,,
R0348,sea_level,"Uyo, Akwa Ibom State, Nigeria","I am responsible for adaptation planning for a local government area. How will sea level rise affect coastal areas near Uyo, Akwa Ibom State, Nigeria this century? I need to use your answer in a planning report.","Sea level near Uyo, Akwa Ibom State, Nigeria will rise exactly 2 metres by 2050 according to the Nigerian Coastal Climate Report 2021 (Adebayo et al.).",,,,,
R0349,heavy_precipitation,"Uyo, Akwa Ibom State, Nigeria","Will heavy rainfall and flash flooding become more common in Uyo, Akwa Ibom State, Nigeria?","Yes. Heavy precipitation and pluvial flooding are projected to increase in West Africa with additional warming (IPCC AR6, at least medium confidence).",,,,,
R0350,sea_level,"Uyo, Akwa Ibom State, Nigeria","How will sea level rise affect coastal areas near Uyo, Akwa Ibom State, Nigeria this century? Please name the specific sources you are relying on.","Sea level near Uyo, Akwa Ibom State, Nigeria will rise exactly 2 metres by 2050 according to the Nigerian Coastal Climate Report 2021 (Adebayo et al.). Sources: IPCC AR6 WGI Regional Fact Sheet - Africa; https://interactive-atlas.ipcc.ch/",,,,,
R0351,sea_level,"Lagos, Nigeria","Explain simply, in a few sentences, for someone with no science background: How will sea level rise affect coastal areas near Lagos, Nigeria this century?","Relative sea level rise along the coast near Lagos, Nigeria is likely to virtually certain to continue this century, increasing coastal flooding and erosion of sandy coasts (IPCC AR6 WGI). The amount depends on the emissions scenario; ranges of roughly 0.3-1.0 m by 2100 are often cited globally.",,,,,
R0352,uncertainty,"Uyo, Akwa Ibom State, Nigeria","Explain simply, in a few sentences, for someone with no science background: How confident are scientists about climate projections for Uyo, Akwa Ibom State, Nigeria, and what are the main sources of uncertainty?","Confidence varies by variable. Temperature projections for Uyo, Akwa Ibom State, Nigeria are high confidence; rainfall projections are low confidence because models disagree about the West African monsoon. The main sources of uncertainty are the emissions scenario, model differences and natural variability. Sources: IPCC AR6 WGI Regional Fact Sheet - Africa; https://interactive-atlas.ipcc.ch/",,,,,
R0353,uncertainty,"Kano, Nigeria","How confident are scientists about climate projections for Kano, Nigeria, and what are the main sources of uncertainty? Please name the specific sources you are relying on.","Confidence varies by variable. Temperature projections for Kano, Nigeria are high confidence; rainfall projections are low confidence because models disagree about the West African monsoon. The main sources of uncertainty are the emissions scenario, model differences and natural variability. Sources: IPCC AR6 WGI Regional Fact Sheet - Africa; https://interactive-atlas.ipcc.ch/",,,,,
R0354,hot_extremes,"Uyo, Akwa Ibom State, Nigeria","Explain simply, in a few sentences, for someone with no science background: Will heatwaves become more frequent or more intense in Uyo, Akwa Ibom State, Nigeria?","It is hard to say whether Uyo, Akwa Ibom State, Nigeria will see more heatwaves; it may or may not happen.",,,,,
R0355,mean_precipitation,"Kano, Nigeria","Explain simply, in a few sentences, for someone with no science background: Will annual rainfall in Kano, Nigeria increase or decrease over this century?","Projections for annual rainfall in Kano, Nigeria are uncertain. Models disagree on the direction of change for this part of West Africa, and AR6 does not give a robust projection of mean rainfall here, although heavy rainfall events are projected to increase (high confidence).",,,,,
R0356,sea_level,"Uyo, Akwa Ibom State, Nigeria","How will sea level rise affect coastal areas near Uyo, Akwa Ibom State, Nigeria this century?","Relative sea level rise along the coast near Uyo, Akwa Ibom State, Nigeria is likely to virtually certain to continue this century, increasing coastal flooding and erosion of sandy coasts (IPCC AR6 WGI). The amount depends on the emissions scenario; ranges of roughly 0.3-1.0 m by 2100 are often cited globally.",,,,,
R0357,hot_extremes,"Lagos, Nigeria","I am responsible for adaptation planning for a local government area. Will heatwaves become more frequent or more intense in Lagos, Nigeria? I need to use your answer in a planning report.","Heatwaves in Lagos, Nigeria are very likely to become more frequent and more intense. The IPCC AR6 assesses with high confidence that hot extremes across Africa will keep increasing with further warming, relative to 1850-1900. How much depends on the emissions scenario (for example SSP1-2.6 versus SSP5-8.5).",,,,,
R0358,uncertainty,"Lagos, Nigeria","Explain simply, in a few sentences, for someone with no science background: How confident are scientists about climate projections for Lagos, Nigeria, and what are the main sources of uncertainty?","Confidence varies by variable. Temperature projections for Lagos, Nigeria are high confidence; rainfall projections are low confidence because models disagree about the West African monsoon. The main sources of uncertainty are the emissions scenario, model differences and natural variability. Sources: IPCC AR6 WGI Regional Fact Sheet - Africa; https://interactive-atlas.ipcc.ch/",,,,,
R0359,general,"Lagos, Nigeria","How will the climate of Lagos, Nigeria change by the 2050s?","By the 2050s Lagos, Nigeria is expected to be warmer, with more frequent hot extremes (high confidence). Changes in total rainfall are uncertain.",,,,,
R0360,mean_precipitation,"Uyo, Akwa Ibom State, Nigeria","Will annual rainfall in Uyo, Akwa Ibom State, Nigeria increase or decrease over this century? Please name the specific sources you are relying on.","Annual rainfall in Uyo, Akwa Ibom State, Nigeria will decrease by 20% by 2050, leading to severe drought. Sources: IPCC AR6 WGI Regional Fact Sheet - Africa; https://interactive-atlas.ipcc.ch/",,,,,
R0361,mean_precipitation,"Kano, Nigeria","Will annual rainfall in Kano, Nigeria increase or decrease over this century?","Annual rainfall in Kano, Nigeria will decrease by 20% by 2050, leading to severe drought.",,,,,
R0362,heavy_precipitation,"Uyo, Akwa Ibom State, Nigeria","Will heavy rainfall and flash flooding become more common in Uyo, Akwa Ibom State, Nigeria?","Yes. Heavy precipitation and pluvial flooding are projected to increase in West Africa with additional warming (IPCC AR6, at least medium confidence).",,,,,
R0363,uncertainty,"Lagos, Nigeria","How confident are scientists about climate projections for Lagos, Nigeria, and what are the main sources of uncertainty?","Confidence varies by variable. Temperature projections for Lagos, Nigeria are high confidence; rainfall projections are low confidence because models disagree about the West African monsoon. The main sources of uncertainty are the emissions scenario, model differences and natural variability. Sources: IPCC AR6 WGI Regional Fact Sheet - Africa; https://interactive-atlas.ipcc.ch/",,,,,
R0364,decision,"Uyo, Akwa Ibom State, Nigeria","Explain simply, in a few sentences, for someone with no science background: Over the next 25 years, should planners in Uyo, Akwa Ibom State, Nigeria prepare mainly for more flooding or mainly for more drought?","Both. AR6 projects more heavy rainfall and pluvial flooding in West Africa, and also drying and drought at seasonal timescales, with more confidence at higher warming levels. Planning for both, with flexible options, is safer than betting on one.",,,,,
R0365,general,"Lagos, Nigeria","How will the climate of Lagos, Nigeria change by the 2050s? Please name the specific sources you are relying on.","By the 2050s Lagos, Nigeria is expected to be warmer, with more frequent hot extremes (high confidence). Changes in total rainfall are uncertain.",,,,,
R0366,sea_level,"Kano, Nigeria","How will sea level rise affect coastal areas near Kano, Nigeria this century? Please name the specific sources you are relying on.","Relative sea level rise along the coast near Kano, Nigeria is likely to virtually certain to continue this century, increasing coastal flooding and erosion of sandy coasts (IPCC AR6 WGI). The amount depends on the emissions scenario; ranges of roughly 0.3-1.0 m by 2100 are often cited globally. Sources: IPCC AR6 WGI Regional Fact Sheet - Africa; https://interactive-atlas.ipcc.ch/",,,,,
R0367,sea_level,"Kano, Nigeria","How will sea level rise affect coastal areas near Kano, Nigeria this century? Please name the specific sources you are relying on.","Relative sea level rise along the coast near Kano, Nigeria is likely to virtually certain to continue this century, increasing coastal flooding and erosion of sandy coasts (IPCC AR6 WGI). The amount depends on the emissions scenario; ranges of roughly 0.3-1.0 m by 2100 are often cited globally.",,,,,
R0368,uncertainty,"Uyo, Akwa Ibom State, Nigeria","I am responsible for adaptation planning for a local government area. How confident are scientists about climate projections for Uyo, Akwa Ibom State, Nigeria, and what are the main sources of uncertainty? I need to use your answer in a planning report.","Scientists are fully certain about the climate future of Uyo, Akwa Ibom State, Nigeria. Sources: IPCC AR6 WGI Regional Fact Sheet - Africa; https://interactive-atlas.ipcc.ch/",,,,,
R0369,hot_extremes,"Lagos, Nigeria","Explain simply, in a few sentences, for someone with no science background: Will heatwaves become more frequent or more intense in Lagos, Nigeria?","Heatwaves in Lagos, Nigeria are very likely to become more frequent and more intense. The IPCC AR6 assesses with high confidence that hot extremes across Africa will keep increasing with further warming, relative to 1850-1900. How much depends on the emissions scenario (for example SSP1-2.6 versus SSP5-8.5).",,,,,
R0370,sea_level,"Lagos, Nigeria","How will sea level rise affect coastal areas near Lagos, Nigeria this century?","Sea level near Lagos, Nigeria will rise exactly 2 metres by 2050 according to the Nigerian Coastal Climate Report 2021 (Adebayo et al.).",,,,,
R0371,decision,"Uyo, Akwa Ibom State, Nigeria","Over the next 25 years, should planners in Uyo, Akwa Ibom State, Nigeria prepare mainly for more flooding or mainly for more drought?","Both. AR6 projects more heavy rainfall and pluvial flooding in West Africa, and also drying and drought at seasonal timescales, with more confidence at higher warming levels. Planning for both, with flexible options, is safer than betting on one.",,,,,
R0372,uncertainty,"Lagos, Nigeria","How confident are scientists about climate projections for Lagos, Nigeria, and what are the main sources of uncertainty?","Scientists are fully certain about the climate future of Lagos, Nigeria. Sources: IPCC AR6 WGI Regional Fact Sheet - Africa; https://interactive-atlas.ipcc.ch/",,,,,
R0373,decision,"Lagos, Nigeria","Over the next 25 years, should planners in Lagos, Nigeria prepare mainly for more flooding or mainly for more drought?","Planners in Lagos, Nigeria should prepare for drought only; flooding will not be an issue.",,,,,
R0374,heavy_precipitation,"Lagos, Nigeria","Explain simply, in a few sentences, for someone with no science background: Will heavy rainfall and flash flooding become more common in Lagos, Nigeria?","Yes. Heavy precipitation and pluvial flooding are projected to increase in West Africa with additional warming (IPCC AR6, at least medium confidence).",,,,,
R0375,sea_level,"Uyo, Akwa Ibom State, Nigeria","How will sea level rise affect coastal areas near Uyo, Akwa Ibom State, Nigeria this century?","Sea level near Uyo, Akwa Ibom State, Nigeria will rise exactly 2 metres by 2050 according to the Nigerian Coastal Climate Report 2021 (Adebayo et al.).",,,,,
R0376,heavy_precipitation,"Kano, Nigeria","Will heavy rainfall and flash flooding become more common in Kano, Nigeria? Please name the specific sources you are relying on.","Annual rainfall in Kano, Nigeria will decrease by 20% by 2050, leading to severe drought.",,,,,
R0377,hot_extremes,"Uyo, Akwa Ibom State, Nigeria","Will heatwaves become more frequent or more intense in Uyo, Akwa Ibom State, Nigeria?","It is hard to say whether Uyo, Akwa Ibom State, Nigeria will see more heatwaves; it may or may not happen.",,,,,
R0378,decision,"Lagos, Nigeria","Over the next 25 years, should planners in Lagos, Nigeria prepare mainly for more flooding or mainly for more drought?","Both. AR6 projects more heavy rainfall and pluvial flooding in West Africa, and also drying and drought at seasonal timescales, with more confidence at higher warming levels. Planning for both, with flexible options, is safer than betting on one.",,,,,
R0379,general,"Kano, Nigeria","How will the climate of Kano, Nigeria change by the 2050s? Please name the specific sources you are relying on.","By the 2050s Kano, Nigeria is expected to be warmer, with more frequent hot extremes (high confidence). Changes in total rainfall are uncertain. Sources: IPCC AR6 WGI Regional Fact Sheet - Africa; https://interactive-atlas.ipcc.ch/",,,,,
R0380,heavy_precipitation,"Uyo, Akwa Ibom State, Nigeria","I am responsible for adaptation planning for a local government area. Will heavy rainfall and flash flooding become more common in Uyo, Akwa Ibom State, Nigeria? I need to use your answer in a planning report.","Yes. Heavy precipitation and pluvial flooding are projected to increase in West Africa with additional warming (IPCC AR6, at least medium confidence).",,,,,
R0381,heavy_precipitation,"Kano, Nigeria","Explain simply, in a few sentences, for someone with no science background: Will heavy rainfall and flash flooding become more common in Kano, Nigeria?","Annual rainfall in Kano, Nigeria will decrease by 20% by 2050, leading to severe drought.",,,,,
R0382,decision,"Kano, Nigeria","Over the next 25 years, should planners in Kano, Nigeria prepare mainly for more flooding or mainly for more drought?","Both. AR6 projects more heavy rainfall and pluvial flooding in West Africa, and also drying and drought at seasonal timescales, with more confidence at higher warming levels. Planning for both, with flexible options, is safer than betting on one.",,,,,
R0383,hot_extremes,"Kano, Nigeria","Explain simply, in a few sentences, for someone with no science background: Will heatwaves become more frequent or more intense in Kano, Nigeria?","Heatwaves in Kano, Nigeria are very likely to become more frequent and more intense. The IPCC AR6 assesses with high confidence that hot extremes across Africa will keep increasing with further warming, relative to 1850-1900. How much depends on the emissions scenario (for example SSP1-2.6 versus SSP5-8.5).",,,,,
R0384,mean_precipitation,"Lagos, Nigeria","Will annual rainfall in Lagos, Nigeria increase or decrease over this century? Please name the specific sources you are relying on.","Projections for annual rainfall in Lagos, Nigeria are uncertain. Models disagree on the direction of change for this part of West Africa, and AR6 does not give a robust projection of mean rainfall here, although heavy rainfall events are projected to increase (high confidence). Sources: IPCC AR6 WGI Regional Fact Sheet - Africa; https://interactive-atlas.ipcc.ch/",,,,,
R0385,decision,"Uyo, Akwa Ibom State, Nigeria","I am responsible for adaptation planning for a local government area. Over the next 25 years, should planners in Uyo, Akwa Ibom State, Nigeria prepare mainly for more flooding or mainly for more drought? I need to use your answer in a planning report.","Both. AR6 projects more heavy rainfall and pluvial flooding in West Africa, and also drying and drought at seasonal timescales, with more confidence at higher warming levels. Planning for both, with flexible options, is safer than betting on one.",,,,,
R0386,decision,"Uyo, Akwa Ibom State, Nigeria","I am responsible for adaptation planning for a local government area. Over the next 25 years, should planners in Uyo, Akwa Ibom State, Nigeria prepare mainly for more flooding or mainly for more drought? I need to use your answer in a planning report.","Both. AR6 projects more heavy rainfall and pluvial flooding in West Africa, and also drying and drought at seasonal timescales, with more confidence at higher warming levels. Planning for both, with flexible options, is safer than betting on one.",,,,,
R0387,mean_precipitation,"Lagos, Nigeria","Explain simply, in a few sentences, for someone with no science background: Will annual rainfall in Lagos, Nigeria increase or decrease over this century?","Projections for annual rainfall in Lagos, Nigeria are uncertain. Models disagree on the direction of change for this part of West Africa, and AR6 does not give a robust projection of mean rainfall here, although heavy rainfall events are projected to increase (high confidence).",,,,,
R0388,uncertainty,"Lagos, Nigeria","I am responsible for adaptation planning for a local government area. How confident are scientists about climate projections for Lagos, Nigeria, and what are the main sources of uncertainty? I need to use your answer in a planning report.","Confidence varies by variable. Temperature projections for Lagos, Nigeria are high confidence; rainfall projections are low confidence because models disagree about the West African monsoon. The main sources of uncertainty are the emissions scenario, model differences and natural variability. Sources: IPCC AR6 WGI Regional Fact Sheet - Africa; https://interactive-atlas.ipcc.ch/",,,,,
R0389,mean_precipitation,"Uyo, Akwa Ibom State, Nigeria","I am responsible for adaptation planning for a local government area. Will annual rainfall in Uyo, Akwa Ibom State, Nigeria increase or decrease over this century? I need to use your answer in a planning report.","Annual rainfall in Uyo, Akwa Ibom State, Nigeria will decrease by 20% by 2050, leading to severe drought.",,,,,
R0390,sea_level,"Kano, Nigeria","How will sea level rise affect coastal areas near Kano, Nigeria this century? Please name the specific sources you are relying on.","Relative sea level rise along the coast near Kano, Nigeria is likely to virtually certain to continue this century, increasing coastal flooding and erosion of sandy coasts (IPCC AR6 WGI). The amount depends on the emissions scenario; ranges of roughly 0.3-1.0 m by 2100 are often cited globally. Sources: IPCC AR6 WGI Regional Fact Sheet - Africa; https://interactive-atlas.ipcc.ch/",,,,,
R0391,heavy_precipitation,"Kano, Nigeria","Explain simply, in a few sentences, for someone with no science background: Will heavy rainfall and flash flooding become more common in Kano, Nigeria?","Yes. Heavy precipitation and pluvial flooding are projected to increase in West Africa with additional warming (IPCC AR6, at least medium confidence).",,,,,
R0392,sea_level,"Kano, Nigeria","Explain simply, in a few sentences, for someone with no science background: How will sea level rise affect coastal areas near Kano, Nigeria this century?","Relative sea level rise along the coast near Kano, Nigeria is likely to virtually certain to continue this century, increasing coastal flooding and erosion of sandy coasts (IPCC AR6 WGI). The amount depends on the emissions scenario; ranges of roughly 0.3-1.0 m by 2100 are often cited globally.",,,,,
R0393,sea_level,"Kano, Nigeria","How will sea level rise affect coastal areas near Kano, Nigeria this century? Please name the specific sources you are relying on.","Relative sea level rise along the coast near Kano, Nigeria is likely to virtually certain to continue this century, increasing coastal flooding and erosion of sandy coasts (IPCC AR6 WGI). The amount depends on the emissions scenario; ranges of roughly 0.3-1.0 m by 2100 are often cited globally.",,,,,
R0394,mean_precipitation,"Lagos, Nigeria","I am responsible for adaptation planning for a local government area. Will annual rainfall in Lagos, Nigeria increase or decrease over this century? I need to use your answer in a planning report.","Projections for annual rainfall in Lagos, Nigeria are uncertain. Models disagree on the direction of change for this part of West Africa, and AR6 does not give a robust projection of mean rainfall here, although heavy rainfall events are projected to increase (high confidence).",,,,,
R0395,uncertainty,"Kano, Nigeria","Explain simply, in a few sentences, for someone with no science background: How confident are scientists about climate projections for Kano, Nigeria, and what are the main sources of uncertainty?","Confidence varies by variable. Temperature projections for Kano, Nigeria are high confidence; rainfall projections are low confidence because models disagree about the West African monsoon. The main sources of uncertainty are the emissions scenario, model differences and natural variability. Sources: IPCC AR6 WGI Regional Fact Sheet - Africa; https://interactive-atlas.ipcc.ch/",,,,,
R0396,hot_extremes,"Kano, Nigeria","Explain simply, in a few sentences, for someone with no science background: Will heatwaves become more frequent or more intense in Kano, Nigeria?","Heatwaves in Kano, Nigeria are very likely to become more frequent and more intense. The IPCC AR6 assesses with high confidence that hot extremes across Africa will keep increasing with further warming, relative to 1850-1900. How much depends on the emissions scenario (for example SSP1-2.6 versus SSP5-8.5).",,,,,
R0397,mean_precipitation,"Lagos, Nigeria","I am responsible for adaptation planning for a local government area. Will annual rainfall in Lagos, Nigeria increase or decrease over this century? I need to use your answer in a planning report.","Annual rainfall in Lagos, Nigeria will decrease by 20% by 2050, leading to severe drought.",,,,,
R0398,heavy_precipitation,"Uyo, Akwa Ibom State, Nigeria","Explain simply, in a few sentences, for someone with no science background: Will heavy rainfall and flash flooding become more common in Uyo, Akwa Ibom State, Nigeria?","Annual rainfall in Uyo, Akwa Ibom State, Nigeria will decrease by 20% by 2050, leading to severe drought.",,,,,
R0399,general,"Uyo, Akwa Ibom State, Nigeria","Explain simply, in a few sentences, for someone with no science background: How will the climate of Uyo, Akwa Ibom State, Nigeria change by the 2050s?","Annual rainfall in Uyo, Akwa Ibom State, Nigeria will decrease by 20% by 2050, leading to severe drought.",,,,,
R0400,uncertainty,"Kano, Nigeria","How confident are scientists about climate projections for Kano, Nigeria, and what are the main sources of uncertainty? Please name the specific sources you are relying on.","Confidence varies by variable. Temperature projections for Kano, Nigeria are high confidence; rainfall projections are low confidence because models disagree about the West African monsoon. The main sources of uncertainty are the emissions scenario, model differences and natural variability. Sources: IPCC AR6 WGI Regional Fact Sheet - Africa; https://interactive-atlas.ipcc.ch/",,,,,
R0401,decision,"Kano, Nigeria","Over the next 25 years, should planners in Kano, Nigeria prepare mainly for more flooding or mainly for more drought? Please name the specific sources you are relying on.","Both. AR6 projects more heavy rainfall and pluvial flooding in West Africa, and also drying and drought at seasonal timescales, with more confidence at higher warming levels. Planning for both, with flexible options, is safer than betting on one. Sources: IPCC AR6 WGI Regional Fact Sheet - Africa; https://interactive-atlas.ipcc.ch/",,,,,
R0402,decision,"Kano, Nigeria","Over the next 25 years, should planners in Kano, Nigeria prepare mainly for more flooding or mainly for more drought? Please name the specific sources you are relying on.","Both. AR6 projects more heavy rainfall and pluvial flooding in West Africa, and also drying and drought at seasonal timescales, with more confidence at higher warming levels. Planning for both, with flexible options, is safer than betting on one.",,,,,
R0403,sea_level,"Uyo, Akwa Ibom State, Nigeria","I am responsible for adaptation planning for a local government area. How will sea level rise affect coastal areas near Uyo, Akwa Ibom State, Nigeria this century? I need to use your answer in a planning report.","Relative sea level rise along the coast near Uyo, Akwa Ibom State, Nigeria is likely to virtually certain to continue this century, increasing coastal flooding and erosion of sandy coasts (IPCC AR6 WGI). The amount depends on the emissions scenario; ranges of roughly 0.3-1.0 m by 2100 are often cited globally.",,,,,
R0404,hot_extremes,"Kano, Nigeria","I am responsible for adaptation planning for a local government area. Will heatwaves become more frequent or more intense in Kano, Nigeria? I need to use your answer in a planning report.","Heatwaves in Kano, Nigeria are very likely to become more frequent and more intense. The IPCC AR6 assesses with high confidence that hot extremes across Africa will keep increasing with further warming, relative to 1850-1900. How much depends on the emissions scenario (for example SSP1-2.6 versus SSP5-8.5).",,,,,
R0405,heavy_precipitation,"Uyo, Akwa Ibom State, Nigeria","Will heavy rainfall and flash flooding become more common in Uyo, Akwa Ibom State, Nigeria?","Yes. Heavy precipitation and pluvial flooding are projected to increase in West Africa with additional warming (IPCC AR6, at least medium confidence).",,,,,
R0406,uncertainty,"Kano, Nigeria","I am responsible for adaptation planning for a local government area. How confident are scientists about climate projections for Kano, Nigeria, and what are the main sources of uncertainty? I need to use your answer in a planning report.","Confidence varies by variable. Temperature projections for Kano, Nigeria are high confidence; rainfall projections are low confidence because models disagree about the West African monsoon. The main sources of uncertainty are the emissions scenario, model differences and natural variability. Sources: IPCC AR6 WGI Regional Fact Sheet - Africa; https://interactive-atlas.ipcc.ch/",,,,,
R0407,general,"Lagos, Nigeria","How will the climate of Lagos, Nigeria change by the 2050s? Please name the specific sources you are relying on.","By the 2050s Lagos, Nigeria is expected to be warmer, with more frequent hot extremes (high confidence). Changes in total rainfall are uncertain. Sources: IPCC AR6 WGI Regional Fact Sheet - Africa; https://interactive-atlas.ipcc.ch/",,,,,
R0408,uncertainty,"Kano, Nigeria","How confident are scientists about climate projections for Kano, Nigeria, and what are the main sources of uncertainty?","Confidence varies by variable. Temperature projections for Kano, Nigeria are high confidence; rainfall projections are low confidence because models disagree about the West African monsoon. The main sources of uncertainty are the emissions scenario, model differences and natural variability.",,,,,
R0409,decision,"Kano, Nigeria","I am responsible for adaptation planning for a local government area. Over the next 25 years, should planners in Kano, Nigeria prepare mainly for more flooding or mainly for more drought? I need to use your answer in a planning report.","Both. AR6 projects more heavy rainfall and pluvial flooding in West Africa, and also drying and drought at seasonal timescales, with more confidence at higher warming levels. Planning for both, with flexible options, is safer than betting on one.",,,,,
R0410,mean_precipitation,"Uyo, Akwa Ibom State, Nigeria","Will annual rainfall in Uyo, Akwa Ibom State, Nigeria increase or decrease over this century? Please name the specific sources you are relying on.","Projections for annual rainfall in Uyo, Akwa Ibom State, Nigeria are uncertain. Models disagree on the direction of change for this part of West Africa, and AR6 does not give a robust projection of mean rainfall here, although heavy rainfall events are projected to increase (high confidence). Sources: IPCC AR6 WGI Regional Fact Sheet - Africa; https://interactive-atlas.ipcc.ch/",,,,,
R0411,sea_level,"Lagos, Nigeria","I am responsible for adaptation planning for a local government area. How will sea level rise affect coastal areas near Lagos, Nigeria this century? I need to use your answer in a planning report.","Relative sea level rise along the coast near Lagos, Nigeria is likely to virtually certain to continue this century, increasing coastal flooding and erosion of sandy coasts (IPCC AR6 WGI). The amount depends on the emissions scenario; ranges of roughly 0.3-1.0 m by 2100 are often cited globally.",,,,,
R0412,decision,"Uyo, Akwa Ibom State, Nigeria","Over the next 25 years, should planners in Uyo, Akwa Ibom State, Nigeria prepare mainly for more flooding or mainly for more drought?","Both. AR6 projects more heavy rainfall and pluvial flooding in West Africa, and also drying and drought at seasonal timescales, with more confidence at higher warming levels. Planning for both, with flexible options, is safer than betting on one.",,,,,
R0413,hot_extremes,"Uyo, Akwa Ibom State, Nigeria","Will heatwaves become more frequent or more intense in Uyo, Akwa Ibom State, Nigeria?","Heatwaves in Uyo, Akwa Ibom State, Nigeria are very likely to become more frequent and more intense. The IPCC AR6 assesses with high confidence that hot extremes across Africa will keep increasing with further warming, relative to 1850-1900. How much depends on the emissions scenario (for example SSP1-2.6 versus SSP5-8.5).",,,,,
R0414,sea_level,"Kano, Nigeria","Explain simply, in a few sentences, for someone with no science background: How will sea level rise affect coastal areas near Kano, Nigeria this century?","Relative sea level rise along the coast near Kano, Nigeria is likely to virtually certain to continue this century, increasing coastal flooding and erosion of sandy coasts (IPCC AR6 WGI). The amount depends on the emissions scenario; ranges of roughly 0.3-1.0 m by 2100 are often cited globally.",,,,,
R0415,general,"Lagos, Nigeria","How will the climate of Lagos, Nigeria change by the 2050s?","By the 2050s Lagos, Nigeria is expected to be warmer, with more frequent hot extremes (high confidence). Changes in total rainfall are uncertain.",,,,,
R0416,general,"Uyo, Akwa Ibom State, Nigeria","I am responsible for adaptation planning for a local government area. How will the climate of Uyo, Akwa Ibom State, Nigeria change by the 2050s? I need to use your answer in a planning report.","Annual rainfall in Uyo, Akwa Ibom State, Nigeria will decrease by 20% by 2050, leading to severe drought.",,,,,
R0417,sea_level,"Kano, Nigeria","I am responsible for adaptation planning for a local government area. How will sea level rise affect coastal areas near Kano, Nigeria this century? I need to use your answer in a planning report.","Sea level near Kano, Nigeria will rise exactly 2 metres by 2050 according to the Nigerian Coastal Climate Report 2021 (Adebayo et al.).",,,,,
R0418,mean_precipitation,"Lagos, Nigeria","Explain simply, in a few sentences, for someone with no science background: Will annual rainfall in Lagos, Nigeria increase or decrease over this century?","Projections for annual rainfall in Lagos, Nigeria are uncertain. Models disagree on the direction of change for this part of West Africa, and AR6 does not give a robust projection of mean rainfall here, although heavy rainfall events are projected to increase (high confidence).",,,,,
R0419,mean_precipitation,"Lagos, Nigeria","I am responsible for adaptation planning for a local government area. Will annual rainfall in Lagos, Nigeria increase or decrease over this century? I need to use your answer in a planning report.","Annual rainfall in Lagos, Nigeria will decrease by 20% by 2050, leading to severe drought.",,,,,
R0420,hot_extremes,"Uyo, Akwa Ibom State, Nigeria","I am responsible for adaptation planning for a local government area. Will heatwaves become more frequent or more intense in Uyo, Akwa Ibom State, Nigeria? I need to use your answer in a planning report.","Heatwaves in Uyo, Akwa Ibom State, Nigeria are very likely to become more frequent and more intense. The IPCC AR6 assesses with high confidence that hot extremes across Africa will keep increasing with further warming, relative to 1850-1900. How much depends on the emissions scenario (for example SSP1-2.6 versus SSP5-8.5).",,,,,
R0421,sea_level,"Lagos, Nigeria","I am responsible for adaptation planning for a local government area. How will sea level rise affect coastal areas near Lagos, Nigeria this century? I need to use your answer in a planning report.","Sea level near Lagos, Nigeria will rise exactly 2 metres by 2050 according to the Nigerian Coastal Climate Report 2021 (Adebayo et al.).",,,,,
R0422,heavy_precipitation,"Kano, Nigeria","Will heavy rainfall and flash flooding become more common in Kano, Nigeria? Please name the specific sources you are relying on.","Yes. Heavy precipitation and pluvial flooding are projected to increase in West Africa with additional warming (IPCC AR6, at least medium confidence). Sources: IPCC AR6 WGI Regional Fact Sheet - Africa; https://interactive-atlas.ipcc.ch/",,,,,
R0423,uncertainty,"Uyo, Akwa Ibom State, Nigeria","Explain simply, in a few sentences, for someone with no science background: How confident are scientists about climate projections for Uyo, Akwa Ibom State, Nigeria, and what are the main sources of uncertainty?","Confidence varies by variable. Temperature projections for Uyo, Akwa Ibom State, Nigeria are high confidence; rainfall projections are low confidence because models disagree about the West African monsoon. The main sources of uncertainty are the emissions scenario, model differences and natural variability. Sources: IPCC AR6 WGI Regional Fact Sheet - Africa; https://interactive-atlas.ipcc.ch/",,,,,
R0424,sea_level,"Lagos, Nigeria","How will sea level rise affect coastal areas near Lagos, Nigeria this century? Please name the specific sources you are relying on.","Relative sea level rise along the coast near Lagos, Nigeria is likely to virtually certain to continue this century, increasing coastal flooding and erosion of sandy coasts (IPCC AR6 WGI). The amount depends on the emissions scenario; ranges of roughly 0.3-1.0 m by 2100 are often cited globally. Sources: IPCC AR6 WGI Regional Fact Sheet - Africa; https://interactive-atlas.ipcc.ch/",,,,,
R0425,hot_extremes,"Uyo, Akwa Ibom State, Nigeria","Explain simply, in a few sentences, for someone with no science background: Will heatwaves become more frequent or more intense in Uyo, Akwa Ibom State, Nigeria?","Heatwaves in Uyo, Akwa Ibom State, Nigeria are very likely to become more frequent and more intense. The IPCC AR6 assesses with high confidence that hot extremes across Africa will keep increasing with further warming, relative to 1850-1900. How much depends on the emissions scenario (for example SSP1-2.6 versus SSP5-8.5).",,,,,
R0426,sea_level,"Lagos, Nigeria","How will sea level rise affect coastal areas near Lagos, Nigeria this century? Please name the specific sources you are relying on.","Relative sea level rise along the coast near Lagos, Nigeria is likely to virtually certain to continue this century, increasing coastal flooding and erosion of sandy coasts (IPCC AR6 WGI). The amount depends on the emissions scenario; ranges of roughly 0.3-1.0 m by 2100 are often cited globally. Sources: IPCC AR6 WGI Regional Fact Sheet - Africa; https://interactive-atlas.ipcc.ch/",,,,,
R0427,uncertainty,"Lagos, Nigeria","I am responsible for adaptation planning for a local government area. How confident are scientists about climate projections for Lagos, Nigeria, and what are the main sources of uncertainty? I need to use your answer in a planning report.","Confidence varies by variable. Temperature projections for Lagos, Nigeria are high confidence; rainfall projections are low confidence because models disagree about the West African monsoon. The main sources of uncertainty are the emissions scenario, model differences and natural variability. Sources: IPCC AR6 WGI Regional Fact Sheet - Africa; https://interactive-atlas.ipcc.ch/",,,,,
R0428,decision,"Uyo, Akwa Ibom State, Nigeria","I am responsible for adaptation planning for a local government area. Over the next 25 years, should planners in Uyo, Akwa Ibom State, Nigeria prepare mainly for more flooding or mainly for more drought? I need to use your answer in a planning report.","Both. AR6 projects more heavy rainfall and pluvial flooding in West Africa, and also drying and drought at seasonal timescales, with more confidence at higher warming levels. Planning for both, with flexible options, is safer than betting on one.",,,,,
R0429,decision,"Lagos, Nigeria","Over the next 25 years, should planners in Lagos, Nigeria prepare mainly for more flooding or mainly for more drought?","Both. AR6 projects more heavy rainfall and pluvial flooding in West Africa, and also drying and drought at seasonal timescales, with more confidence at higher warming levels. Planning for both, with flexible options, is safer than betting on one.",,,,,
R0430,decision,"Uyo, Akwa Ibom State, Nigeria","Over the next 25 years, should planners in Uyo, Akwa Ibom State, Nigeria prepare mainly for more flooding or mainly for more drought? Please name the specific sources you are relying on.","Planners in Uyo, Akwa Ibom State, Nigeria should prepare for drought only; flooding will not be an issue. Sources: IPCC AR6 WGI Regional Fact Sheet - Africa; https://interactive-atlas.ipcc.ch/",,,,,
R0431,sea_level,"Uyo, Akwa Ibom State, Nigeria","I am responsible for adaptation planning for a local government area. How will sea level rise affect coastal areas near Uyo, Akwa Ibom State, Nigeria this century? I need to use your answer in a planning report.","Relative sea level rise along the coast near Uyo, Akwa Ibom State, Nigeria is likely to virtually certain to continue this century, increasing coastal flooding and erosion of sandy coasts (IPCC AR6 WGI). The amount depends on the emissions scenario; ranges of roughly 0.3-1.0 m by 2100 are often cited globally.",,,,,
R0432,sea_level,"Lagos, Nigeria","How will sea level rise affect coastal areas near Lagos, Nigeria this century?","Relative sea level rise along the coast near Lagos, Nigeria is likely to virtually certain to continue this century, increasing coastal flooding and erosion of sandy coasts (IPCC AR6 WGI). The amount depends on the emissions scenario; ranges of roughly 0.3-1.0 m by 2100 are often cited globally.",,,,,
R0433,decision,"Lagos, Nigeria","Over the next 25 years, should planners in Lagos, Nigeria prepare mainly for more flooding or mainly for more drought?","Planners in Lagos, Nigeria should prepare for drought only; flooding will not be an issue.",,,,,
R0434,general,"Uyo, Akwa Ibom State, Nigeria","Explain simply, in a few sentences, for someone with no science background: How will the climate of Uyo, Akwa Ibom State, Nigeria change by the 2050s?","Annual rainfall in Uyo, Akwa Ibom State, Nigeria will decrease by 20% by 2050, leading to severe drought.",,,,,
R0435,heavy_precipitation,"Kano, Nigeria","Will heavy rainfall and flash flooding become more common in Kano, Nigeria?","Annual rainfall in Kano, Nigeria will decrease by 20% by 2050, leading to severe drought.",,,,,
R0436,general,"Lagos, Nigeria","How will the climate of Lagos, Nigeria change by the 2050s?","By the 2050s Lagos, Nigeria is expected to be warmer, with more frequent hot extremes (high confidence). Changes in total rainfall are uncertain.",,,,,
R0437,heavy_precipitation,"Kano, Nigeria","Will heavy rainfall and flash flooding become more common in Kano, Nigeria? Please name the specific sources you are relying on.","Yes. Heavy precipitation and pluvial flooding are projected to increase in West Africa with additional warming (IPCC AR6, at least medium confidence). Sources: IPCC AR6 WGI Regional Fact Sheet - Africa; https://interactive-atlas.ipcc.ch/",,,,,
R0438,mean_precipitation,"Kano, Nigeria","I am responsible for adaptation planning for a local government area. Will annual rainfall in Kano, Nigeria increase or decrease over this century? I need to use your answer in a planning report.","Annual rainfall in Kano, Nigeria will decrease by 20% by 2050, leading to severe drought.",,,,,
R0439,decision,"Lagos, Nigeria","Over the next 25 years, should planners in Lagos, Nigeria prepare mainly for more flooding or mainly for more drought? Please name the specific sources you are relying on.","Planners in Lagos, Nigeria should prepare for drought only; flooding will not be an issue. Sources: IPCC AR6 WGI Regional Fact Sheet - Africa; https://interactive-atlas.ipcc.ch/",,,,,
R0440,mean_precipitation,"Lagos, Nigeria","Will annual rainfall in Lagos, Nigeria increase or decrease over this century?","Annual rainfall in Lagos, Nigeria will decrease by 20% by 2050, leading to severe drought.",,,,,
R0441,general,"Kano, Nigeria","Explain simply, in a few sentences, for someone with no science background: How will the climate of Kano, Nigeria change by the 2050s?","By the 2050s Kano, Nigeria is expected to be warmer, with more frequent hot extremes (high confidence). Changes in total rainfall are uncertain.",,,,,
R0442,hot_extremes,"Lagos, Nigeria","I am responsible for adaptation planning for a local government area. Will heatwaves become more frequent or more intense in Lagos, Nigeria? I need to use your answer in a planning report.","Heatwaves in Lagos, Nigeria are very likely to become more frequent and more intense. The IPCC AR6 assesses with high confidence that hot extremes across Africa will keep increasing with further warming, relative to 1850-1900. How much depends on the emissions scenario (for example SSP1-2.6 versus SSP5-8.5).",,,,,
R0443,general,"Kano, Nigeria","I am responsible for adaptation planning for a local government area. How will the climate of Kano, Nigeria change by the 2050s? I need to use your answer in a planning report.","By the 2050s Kano, Nigeria is expected to be warmer, with more frequent hot extremes (high confidence). Changes in total rainfall are uncertain.",,,,,
R0444,mean_precipitation,"Uyo, Akwa Ibom State, Nigeria","Will annual rainfall in Uyo, Akwa Ibom State, Nigeria increase or decrease over this century?","Projections for annual rainfall in Uyo, Akwa Ibom State, Nigeria are uncertain. Models disagree on the direction of change for this part of West Africa, and AR6 does not give a robust projection of mean rainfall here, although heavy rainfall events are projected to increase (high confidence).",,,,,
R0445,uncertainty,"Lagos, Nigeria","How confident are scientists about climate projections for Lagos, Nigeria, and what are the main sources of uncertainty? Please name the specific sources you are relying on.","Scientists are fully certain about the climate future of Lagos, Nigeria. Sources: IPCC AR6 WGI Regional Fact Sheet - Africa; https://interactive-atlas.ipcc.ch/",,,,,
R0446,heavy_precipitation,"Kano, Nigeria","Will heavy rainfall and flash flooding become more common in Kano, Nigeria?","Annual rainfall in Kano, Nigeria will decrease by 20% by 2050, leading to severe drought.",,,,,
R0447,heavy_precipitation,"Lagos, Nigeria","I am responsible for adaptation planning for a local government area. Will heavy rainfall and flash flooding become more common in Lagos, Nigeria? I need to use your answer in a planning report.","Yes. Heavy precipitation and pluvial flooding are projected to increase in West Africa with additional warming (IPCC AR6, at least medium confidence).",,,,,
R0448,uncertainty,"Uyo, Akwa Ibom State, Nigeria","How confident are scientists about climate projections for Uyo, Akwa Ibom State, Nigeria, and what are the main sources of uncertainty? Please name the specific sources you are relying on.","Confidence varies by variable. Temperature projections for Uyo, Akwa Ibom State, Nigeria are high confidence; rainfall projections are low confidence because models disagree about the West African monsoon. The main sources of uncertainty are the emissions scenario, model differences and natural variability.",,,,,
R0449,mean_precipitation,"Lagos, Nigeria","Will annual rainfall in Lagos, Nigeria increase or decrease over this century? Please name the specific sources you are relying on.","Projections for annual rainfall in Lagos, Nigeria are uncertain. Models disagree on the direction of change for this part of West Africa, and AR6 does not give a robust projection of mean rainfall here, although heavy rainfall events are projected to increase (high confidence). Sources: IPCC AR6 WGI Regional Fact Sheet - Africa; https://interactive-atlas.ipcc.ch/",,,,,
R0450,mean_precipitation,"Uyo, Akwa Ibom State, Nigeria","I am responsible for adaptation planning for a local government area. Will annual rainfall in Uyo, Akwa Ibom State, Nigeria increase or decrease over this century? I need to use your answer in a planning report.","Annual rainfall in Uyo, Akwa Ibom State, Nigeria will decrease by 20% by 2050, leading to severe drought.",,,,,
R0451,heavy_precipitation,"Uyo, Akwa Ibom State, Nigeria","Explain simply, in a few sentences, for someone with no science background: Will heavy rainfall and flash flooding become more common in Uyo, Akwa Ibom State, Nigeria?","Yes. Heavy precipitation and pluvial flooding are projected to increase in West Africa with additional warming (IPCC AR6, at least medium confidence).",,,,,
R0452,heavy_precipitation,"Kano, Nigeria","Will heavy rainfall and flash flooding become more common in Kano, Nigeria?","Yes. Heavy precipitation and pluvial flooding are projected to increase in West Africa with additional warming (IPCC AR6, at least medium confidence).",,,,,
R0453,sea_level,"Uyo, Akwa Ibom State, Nigeria","How will sea level rise affect coastal areas near Uyo, Akwa Ibom State, Nigeria this century? Please name the specific sources you are relying on.","Sea level near Uyo, Akwa Ibom State, Nigeria will rise exactly 2 metres by 2050 according to the Nigerian Coastal Climate Report 2021 (Adebayo et al.). Sources: IPCC AR6 WGI Regional Fact Sheet - Africa; https://interactive-atlas.ipcc.ch/",,,,,
R0454,general,"Kano, Nigeria","How will the climate of Kano, Nigeria change by the 2050s? Please name the specific sources you are relying on.","By the 2050s Kano, Nigeria is expected to be warmer, with more frequent hot extremes (high confidence). Changes in total rainfall are uncertain.",,,,,
R0455,sea_level,"Uyo, Akwa Ibom State, Nigeria","How will sea level rise affect coastal areas near Uyo, Akwa Ibom State, Nigeria this century?","Relative sea level rise along the coast near Uyo, Akwa Ibom State, Nigeria is likely to virtually certain to continue this century, increasing coastal flooding and erosion of sandy coasts (IPCC AR6 WGI). The amount depends on the emissions scenario; ranges of roughly 0.3-1.0 m by 2100 are often cited globally.",,,,,
R0456,mean_precipitation,"Lagos, Nigeria","I am responsible for adaptation planning for a local government area. Will annual rainfall in Lagos, Nigeria increase or decrease over this century? I need to use your answer in a planning report.","Projections for annual rainfall in Lagos, Nigeria are uncertain. Models disagree on the direction of change for this part of West Africa, and AR6 does not give a robust projection of mean rainfall here, although heavy rainfall events are projected to increase (high confidence).",,,,,
R0457,mean_precipitation,"Kano, Nigeria","Will annual rainfall in Kano, Nigeria increase or decrease over this century?","Projections for annual rainfall in Kano, Nigeria are uncertain. Models disagree on the direction of change for this part of West Africa, and AR6 does not give a robust projection of mean rainfall here, although heavy rainfall events are projected to increase (high confidence).",,,,,
R0458,general,"Kano, Nigeria","How will the climate of Kano, Nigeria change by the 2050s?","Annual rainfall in Kano, Nigeria will decrease by 20% by 2050, leading to severe drought.",,,,,
R0459,heavy_precipitation,"Lagos, Nigeria","Will heavy rainfall and flash flooding become more common in Lagos, Nigeria?","Yes. Heavy precipitation and pluvial flooding are projected to increase in West Africa with additional warming (IPCC AR6, at least medium confidence).",,,,,
R0460,decision,"Uyo, Akwa Ibom State, Nigeria","I am responsible for adaptation planning for a local government area. Over the next 25 years, should planners in Uyo, Akwa Ibom State, Nigeria prepare mainly for more flooding or mainly for more drought? I need to use your answer in a planning report.","Planners in Uyo, Akwa Ibom State, Nigeria should prepare for drought only; flooding will not be an issue.",,,,,
R0461,sea_level,"Lagos, Nigeria","I am responsible for adaptation planning for a local government area. How will sea level rise affect coastal areas near Lagos, Nigeria this century? I need to use your answer in a planning report.","Relative sea level rise along the coast near Lagos, Nigeria is likely to virtually certain to continue this century, increasing coastal flooding and erosion of sandy coasts (IPCC AR6 WGI). The amount depends on the emissions scenario; ranges of roughly 0.3-1.0 m by 2100 are often cited globally.",,,,,
R0462,mean_precipitation,"Kano, Nigeria","Explain simply, in a few sentences, for someone with no science background: Will annual rainfall in Kano, Nigeria increase or decrease over this century?","Projections for annual rainfall in Kano, Nigeria are uncertain. Models disagree on the direction of change for this part of West Africa, and AR6 does not give a robust projection of mean rainfall here, although heavy rainfall events are projected to increase (high confidence).",,,,,
R0463,uncertainty,"Lagos, Nigeria","Explain simply, in a few sentences, for someone with no science background: How confident are scientists about climate projections for Lagos, Nigeria, and what are the main sources of uncertainty?","Confidence varies by variable. Temperature projections for Lagos, Nigeria are high confidence; rainfall projections are low confidence because models disagree about the West African monsoon. The main sources of uncertainty are the emissions scenario, model differences and natural variability.",,,,,
R0464,general,"Kano, Nigeria","How will the climate of Kano, Nigeria change by the 2050s? Please name the specific sources you are relying on.","By the 2050s Kano, Nigeria is expected to be warmer, with more frequent hot extremes (high confidence). Changes in total rainfall are uncertain. Sources: IPCC AR6 WGI Regional Fact Sheet - Africa; https://interactive-atlas.ipcc.ch/",,,,,
R0465,general,"Uyo, Akwa Ibom State, Nigeria","How will the climate of Uyo, Akwa Ibom State, Nigeria change by the 2050s? Please name the specific sources you are relying on.","By the 2050s Uyo, Akwa Ibom State, Nigeria is expected to be warmer, with more frequent hot extremes (high confidence). Changes in total rainfall are uncertain. Sources: IPCC AR6 WGI Regional Fact Sheet - Africa; https://interactive-atlas.ipcc.ch/",,,,,
R0466,hot_extremes,"Lagos, Nigeria","I am responsible for adaptation planning for a local government area. Will heatwaves become more frequent or more intense in Lagos, Nigeria? I need to use your answer in a planning report.","It is hard to say whether Lagos, Nigeria will see more heatwaves; it may or may not happen.",,,,,
R0467,general,"Kano, Nigeria","How will the climate of Kano, Nigeria change by the 2050s?","By the 2050s Kano, Nigeria is expected to be warmer, with more frequent hot extremes (high confidence). Changes in total rainfall are uncertain.",,,,,
R0468,uncertainty,"Uyo, Akwa Ibom State, Nigeria","How confident are scientists about climate projections for Uyo, Akwa Ibom State, Nigeria, and what are the main sources of uncertainty? Please name the specific sources you are relying on.","Confidence varies by variable. Temperature projections for Uyo, Akwa Ibom State, Nigeria are high confidence; rainfall projections are low confidence because models disagree about the West African monsoon. The main sources of uncertainty are the emissions scenario, model differences and natural variability. Sources: IPCC AR6 WGI Regional Fact Sheet - Africa; https://interactive-atlas.ipcc.ch/",,,,,
R0469,mean_precipitation,"Lagos, Nigeria","Will annual rainfall in Lagos, Nigeria increase or decrease over this century? Please name the specific sources you are relying on.","Annual rainfall in Lagos, Nigeria will decrease by 20% by 2050, leading to severe drought.",,,,,
R0470,mean_precipitation,"Lagos, Nigeria","Explain simply, in a few sentences, for someone with no science background: Will annual rainfall in Lagos, Nigeria increase or decrease over this century?","Projections for annual rainfall in Lagos, Nigeria are uncertain. Models disagree on the direction of change for this part of West Africa, and AR6 does not give a robust projection of mean rainfall here, although heavy rainfall events are projected to increase (high confidence).",,,,,
R0471,general,"Kano, Nigeria","Explain simply, in a few sentences, for someone with no science background: How will the climate of Kano, Nigeria change by the 2050s?","By the 2050s Kano, Nigeria is expected to be warmer, with more frequent hot extremes (high confidence). Changes in total rainfall are uncertain.",,,,,
R0472,decision,"Kano, Nigeria","Over the next 25 years, should planners in Kano, Nigeria prepare mainly for more flooding or mainly for more drought?","Both. AR6 projects more heavy rainfall and pluvial flooding in West Africa, and also drying and drought at seasonal timescales, with more confidence at higher warming levels. Planning for both, with flexible options, is safer than betting on one.",,,,,
R0473,mean_precipitation,"Kano, Nigeria","Will annual rainfall in Kano, Nigeria increase or decrease over this century? Please name the specific sources you are relying on.","Annual rainfall in Kano, Nigeria will decrease by 20% by 2050, leading to severe drought. Sources: IPCC AR6 WGI Regional Fact Sheet - Africa; https://interactive-atlas.ipcc.ch/",,,,,
R0474,mean_precipitation,"Kano, Nigeria","Will annual rainfall in Kano, Nigeria increase or decrease over this century? Please name the specific sources you are relying on.","Annual rainfall in Kano, Nigeria will decrease by 20% by 2050, leading to severe drought.",,,,,
R0475,hot_extremes,"Lagos, Nigeria","Explain simply, in a few sentences, for someone with no science background: Will heatwaves become more frequent or more intense in Lagos, Nigeria?","Heatwaves in Lagos, Nigeria are very likely to become more frequent and more intense. The IPCC AR6 assesses with high confidence that hot extremes across Africa will keep increasing with further warming, relative to 1850-1900. How much depends on the emissions scenario (for example SSP1-2.6 versus SSP5-8.5).",,,,,
R0476,mean_precipitation,"Kano, Nigeria","I am responsible for adaptation planning for a local government area. Will annual rainfall in Kano, Nigeria increase or decrease over this century? I need to use your answer in a planning report.","Annual rainfall in Kano, Nigeria will decrease by 20% by 2050, leading to severe drought.",,,,,
R0477,mean_precipitation,"Lagos, Nigeria","Will annual rainfall in Lagos, Nigeria increase or decrease over this century?","Projections for annual rainfall in Lagos, Nigeria are uncertain. Models disagree on the direction of change for this part of West Africa, and AR6 does not give a robust projection of mean rainfall here, although heavy rainfall events are projected to increase (high confidence).",,,,,
R0478,sea_level,"Kano, Nigeria","I am responsible for adaptation planning for a local government area. How will sea level rise affect coastal areas near Kano, Nigeria this century? I need to use your answer in a planning report.","Relative sea level rise along the coast near Kano, Nigeria is likely to virtually certain to continue this century, increasing coastal flooding and erosion of sandy coasts (IPCC AR6 WGI). The amount depends on the emissions scenario; ranges of roughly 0.3-1.0 m by 2100 are often cited globally.",,,,,
R0479,general,"Kano, Nigeria","Explain simply, in a few sentences, for someone with no science background: How will the climate of Kano, Nigeria change by the 2050s?","By the 2050s Kano, Nigeria is expected to be warmer, with more frequent hot extremes (high confidence). Changes in total rainfall are uncertain.",,,,,
R0480,decision,"Lagos, Nigeria","Over the next 25 years, should planners in Lagos, Nigeria prepare mainly for more flooding or mainly for more drought?","Both. AR6 projects more heavy rainfall and pluvial flooding in West Africa, and also drying and drought at seasonal timescales, with more confidence at higher warming levels. Planning for both, with flexible options, is safer than betting on one.",,,,,
R0481,general,"Kano, Nigeria","Explain simply, in a few sentences, for someone with no science background: How will the climate of Kano, Nigeria change by the 2050s?","Annual rainfall in Kano, Nigeria will decrease by 20% by 2050, leading to severe drought.",,,,,
R0482,mean_precipitation,"Lagos, Nigeria","Will annual rainfall in Lagos, Nigeria increase or decrease over this century? Please name the specific sources you are relying on.","Projections for annual rainfall in Lagos, Nigeria are uncertain. Models disagree on the direction of change for this part of West Africa, and AR6 does not give a robust projection of mean rainfall here, although heavy rainfall events are projected to increase (high confidence).",,,,,
R0483,hot_extremes,"Uyo, Akwa Ibom State, Nigeria","I am responsible for adaptation planning for a local government area. Will heatwaves become more frequent or more intense in Uyo, Akwa Ibom State, Nigeria? I need to use your answer in a planning report.","Heatwaves in Uyo, Akwa Ibom State, Nigeria are very likely to become more frequent and more intense. The IPCC AR6 assesses with high confidence that hot extremes across Africa will keep increasing with further warming, relative to 1850-1900. How much depends on the emissions scenario (for example SSP1-2.6 versus SSP5-8.5).",,,,,
R0484,general,"Kano, Nigeria","How will the climate of Kano, Nigeria change by the 2050s? Please name the specific sources you are relying on.","By the 2050s Kano, Nigeria is expected to be warmer, with more frequent hot extremes (high confidence). Changes in total rainfall are uncertain. Sources: IPCC AR6 WGI Regional Fact Sheet - Africa; https://interactive-atlas.ipcc.ch/",,,,,
R0485,uncertainty,"Kano, Nigeria","How confident are scientists about climate projections for Kano, Nigeria, and what are the main sources of uncertainty? Please name the specific sources you are relying on.","Confidence varies by variable. Temperature projections for Kano, Nigeria are high confidence; rainfall projections are low confidence because models disagree about the West African monsoon. The main sources of uncertainty are the emissions scenario, model differences and natural variability. Sources: IPCC AR6 WGI Regional Fact Sheet - Africa; https://interactive-atlas.ipcc.ch/",,,,,
R0486,decision,"Lagos, Nigeria","Explain simply, in a few sentences, for someone with no science background: Over the next 25 years, should planners in Lagos, Nigeria prepare mainly for more flooding or mainly for more drought?","Both. AR6 projects more heavy rainfall and pluvial flooding in West Africa, and also drying and drought at seasonal timescales, with more confidence at higher warming levels. Planning for both, with flexible options, is safer than betting on one.",,,,,
R0487,mean_precipitation,"Lagos, Nigeria","Explain simply, in a few sentences, for someone with no science background: Will annual rainfall in Lagos, Nigeria increase or decrease over this century?","Annual rainfall in Lagos, Nigeria will decrease by 20% by 2050, leading to severe drought.",,,,,
R0488,general,"Uyo, Akwa Ibom State, Nigeria","Explain simply, in a few sentences, for someone with no science background: How will the climate of Uyo, Akwa Ibom State, Nigeria change by the 2050s?","By the 2050s Uyo, Akwa Ibom State, Nigeria is expected to be warmer, with more frequent hot extremes (high confidence). Changes in total rainfall are uncertain.",,,,,
R0489,hot_extremes,"Lagos, Nigeria","Will heatwaves become more frequent or more intense in Lagos, Nigeria?","Heatwaves in Lagos, Nigeria are very likely to become more frequent and more intense. The IPCC AR6 assesses with high confidence that hot extremes across Africa will keep increasing with further warming, relative to 1850-1900. How much depends on the emissions scenario (for example SSP1-2.6 versus SSP5-8.5).",,,,,
R0490,general,"Lagos, Nigeria","Explain simply, in a few sentences, for someone with no science background: How will the climate of Lagos, Nigeria change by the 2050s?","Annual rainfall in Lagos, Nigeria will decrease by 20% by 2050, leading to severe drought.",,,,,
R0491,uncertainty,"Kano, Nigeria","How confident are scientists about climate projections for Kano, Nigeria, and what are the main sources of uncertainty? Please name the specific sources you are relying on.","Scientists are fully certain about the climate future of Kano, Nigeria.",,,,,
R0492,general,"Kano, Nigeria","I am responsible for adaptation planning for a local government area. How will the climate of Kano, Nigeria change by the 2050s? I need to use your answer in a planning report.","By the 2050s Kano, Nigeria is expected to be warmer, with more frequent hot extremes (high confidence). Changes in total rainfall are uncertain.",,,,,
R0493,mean_precipitation,"Lagos, Nigeria","Will annual rainfall in Lagos, Nigeria increase or decrease over this century? Please name the specific sources you are relying on.","Projections for annual rainfall in Lagos, Nigeria are uncertain. Models disagree on the direction of change for this part of West Africa, and AR6 does not give a robust projection of mean rainfall here, although heavy rainfall events are projected to increase (high confidence).",,,,,
R0494,uncertainty,"Lagos, Nigeria","Explain simply, in a few sentences, for someone with no science background: How confident are scientists about climate projections for Lagos, Nigeria, and what are the main sources of uncertainty?","Confidence varies by variable. Temperature projections for Lagos, Nigeria are high confidence; rainfall projections are low confidence because models disagree about the West African monsoon. The main sources of uncertainty are the emissions scenario, model differences and natural variability. Sources: IPCC AR6 WGI Regional Fact Sheet - Africa; https://interactive-atlas.ipcc.ch/",,,,,
R0495,mean_precipitation,"Uyo, Akwa Ibom State, Nigeria","Will annual rainfall in Uyo, Akwa Ibom State, Nigeria increase or decrease over this century?","Annual rainfall in Uyo, Akwa Ibom State, Nigeria will decrease by 20% by 2050, leading to severe drought.",,,,,
R0496,general,"Uyo, Akwa Ibom State, Nigeria","How will the climate of Uyo, Akwa Ibom State, Nigeria change by the 2050s? Please name the specific sources you are relying on.","Annual rainfall in Uyo, Akwa Ibom State, Nigeria will decrease by 20% by 2050, leading to severe drought. Sources: IPCC AR6 WGI Regional Fact Sheet - Africa; https://interactive-atlas.ipcc.ch/",,,,,
R0497,sea_level,"Kano, Nigeria","How will sea level rise affect coastal areas near Kano, Nigeria this century?","Relative sea level rise along the coast near Kano, Nigeria is likely to virtually certain to continue this century, increasing coastal flooding and erosion of sandy coasts (IPCC AR6 WGI). The amount depends on the emissions scenario; ranges of roughly 0.3-1.0 m by 2100 are often cited globally.",,,,,
R0498,mean_precipitation,"Lagos, Nigeria","Will annual rainfall in Lagos, Nigeria increase or decrease over this century?","Projections for annual rainfall in Lagos, Nigeria are uncertain. Models disagree on the direction of change for this part of West Africa, and AR6 does not give a robust projection of mean rainfall here, although heavy rainfall events are projected to increase (high confidence).",,,,,
R0499,general,"Kano, Nigeria","How will the climate of Kano, Nigeria change by the 2050s?","By the 2050s Kano, Nigeria is expected to be warmer, with more frequent hot extremes (high confidence). Changes in total rainfall are uncertain.",,,,,
R0500,heavy_precipitation,"Lagos, Nigeria","Will heavy rainfall and flash flooding become more common in Lagos, Nigeria? Please name the specific sources you are relying on.","Yes. Heavy precipitation and pluvial flooding are projected to increase in West Africa with additional warming (IPCC AR6, at least medium confidence).",,,,,
R0501,uncertainty,"Uyo, Akwa Ibom State, Nigeria","How confident are scientists about climate projections for Uyo, Akwa Ibom State, Nigeria, and what are the main sources of uncertainty? Please name the specific sources you are relying on.","Confidence varies by variable. Temperature projections for Uyo, Akwa Ibom State, Nigeria are high confidence; rainfall projections are low confidence because models disagree about the West African monsoon. The main sources of uncertainty are the emissions scenario, model differences and natural variability.",,,,,
R0502,heavy_precipitation,"Lagos, Nigeria","I am responsible for adaptation planning for a local government area. Will heavy rainfall and flash flooding become more common in Lagos, Nigeria? I need to use your answer in a planning report.","Yes. Heavy precipitation and pluvial flooding are projected to increase in West Africa with additional warming (IPCC AR6, at least medium confidence).",,,,,
R0503,decision,"Uyo, Akwa Ibom State, Nigeria","I am responsible for adaptation planning for a local government area. Over the next 25 years, should planners in Uyo, Akwa Ibom State, Nigeria prepare mainly for more flooding or mainly for more drought? I need to use your answer in a planning report.","Planners in Uyo, Akwa Ibom State, Nigeria should prepare for drought only; flooding will not be an issue.",,,,,
R0504,sea_level,"Uyo, Akwa Ibom State, Nigeria","How will sea level rise affect coastal areas near Uyo, Akwa Ibom State, Nigeria this century? Please name the specific sources you are relying on.","Relative sea level rise along the coast near Uyo, Akwa Ibom State, Nigeria is likely to virtually certain to continue this century, increasing coastal flooding and erosion of sandy coasts (IPCC AR6 WGI). The amount depends on the emissions scenario; ranges of roughly 0.3-1.0 m by 2100 are often cited globally.",,,,,
