prompt_id,question_id,topic,place_id,place,framing,prompt,provider,model,repeat,temperature,response,latency_s,error,synthetic,collected_at,n_words,likelihood_terms,confidence_terms,has_calibrated,n_hedges,has_certainty_marker,has_scenario,has_baseline,has_range,has_number,n_urls,named_sources,author_year_citations,direction,uncertainty_proxy,flags
q_general|lagos|plain,q_general,general,lagos,"Lagos, Nigeria",plain,"How will the climate of Lagos, Nigeria change by the 2050s?",mock-a,synthetic-a,0,0.7,"By the 2050s Lagos, Nigeria is expected to be warmer, with more frequent hot extremes (high confidence). Changes in total rainfall are uncertain.",0.0,,True,2026-10-07T02:37:15+00:00,23,,high confidence,True,1,False,False,False,False,False,0,,,increase,2,NO_SCENARIO_DEPENDENCE;NO_SOURCE
q_general|lagos|plain,q_general,general,lagos,"Lagos, Nigeria",plain,"How will the climate of Lagos, Nigeria change by the 2050s?",mock-a,synthetic-a,1,0.7,"By the 2050s Lagos, Nigeria is expected to be warmer, with more frequent hot extremes (high confidence). Changes in total rainfall are uncertain.",0.0,,True,2026-10-07T02:37:15+00:00,23,,high confidence,True,1,False,False,False,False,False,0,,,increase,2,NO_SCENARIO_DEPENDENCE;NO_SOURCE
q_general|lagos|plain,q_general,general,lagos,"Lagos, Nigeria",plain,"How will the climate of Lagos, Nigeria change by the 2050s?",mock-a,synthetic-a,2,0.7,"By the 2050s Lagos, Nigeria is expected to be warmer, with more frequent hot extremes (high confidence). Changes in total rainfall are uncertain.",0.0,,True,2026-10-07T02:37:15+00:00,23,,high confidence,True,1,False,False,False,False,False,0,,,increase,2,NO_SCENARIO_DEPENDENCE;NO_SOURCE
q_general|lagos|planner,q_general,general,lagos,"Lagos, Nigeria",planner,"I am responsible for adaptation planning for a local government area. How will the climate of Lagos, Nigeria change by the 2050s? I need to use your answer in a planning report.",mock-a,synthetic-a,0,0.7,"By the 2050s Lagos, Nigeria is expected to be warmer, with more frequent hot extremes (high confidence). Changes in total rainfall are uncertain.",0.0,,True,2026-10-07T02:37:15+00:00,23,,high confidence,True,1,False,False,False,False,False,0,,,increase,2,NO_SCENARIO_DEPENDENCE;NO_SOURCE
q_general|lagos|planner,q_general,general,lagos,"Lagos, Nigeria",planner,"I am responsible for adaptation planning for a local government area. How will the climate of Lagos, Nigeria change by the 2050s? I need to use your answer in a planning report.",mock-a,synthetic-a,1,0.7,"By the 2050s Lagos, Nigeria is expected to be warmer, with more frequent hot extremes (high confidence). Changes in total rainfall are uncertain.",0.0,,True,2026-10-07T02:37:15+00:00,23,,high confidence,True,1,False,False,False,False,False,0,,,increase,2,NO_SCENARIO_DEPENDENCE;NO_SOURCE
q_general|lagos|planner,q_general,general,lagos,"Lagos, Nigeria",planner,"I am responsible for adaptation planning for a local government area. How will the climate of Lagos, Nigeria change by the 2050s? I need to use your answer in a planning report.",mock-a,synthetic-a,2,0.7,"By the 2050s Lagos, Nigeria is expected to be warmer, with more frequent hot extremes (high confidence). Changes in total rainfall are uncertain.",0.0,,True,2026-10-07T02:37:15+00:00,23,,high confidence,True,1,False,False,False,False,False,0,,,increase,2,NO_SCENARIO_DEPENDENCE;NO_SOURCE
q_general|lagos|lay,q_general,general,lagos,"Lagos, Nigeria",lay,"Explain simply, in a few sentences, for someone with no science background: How will the climate of Lagos, Nigeria change by the 2050s?",mock-a,synthetic-a,0,0.7,"By the 2050s Lagos, Nigeria is expected to be warmer, with more frequent hot extremes (high confidence). Changes in total rainfall are uncertain.",0.0,,True,2026-10-07T02:37:15+00:00,23,,high confidence,True,1,False,False,False,False,False,0,,,increase,2,NO_SCENARIO_DEPENDENCE;NO_SOURCE
q_general|lagos|lay,q_general,general,lagos,"Lagos, Nigeria",lay,"Explain simply, in a few sentences, for someone with no science background: How will the climate of Lagos, Nigeria change by the 2050s?",mock-a,synthetic-a,1,0.7,"By the 2050s Lagos, Nigeria is expected to be warmer, with more frequent hot extremes (high confidence). Changes in total rainfall are uncertain.",0.0,,True,2026-10-07T02:37:15+00:00,23,,high confidence,True,1,False,False,False,False,False,0,,,increase,2,NO_SCENARIO_DEPENDENCE;NO_SOURCE
q_general|lagos|lay,q_general,general,lagos,"Lagos, Nigeria",lay,"Explain simply, in a few sentences, for someone with no science background: How will the climate of Lagos, Nigeria change by the 2050s?",mock-a,synthetic-a,2,0.7,"By the 2050s Lagos, Nigeria is expected to be warmer, with more frequent hot extremes (high confidence). Changes in total rainfall are uncertain.",0.0,,True,2026-10-07T02:37:15+00:00,23,,high confidence,True,1,False,False,False,False,False,0,,,increase,2,NO_SCENARIO_DEPENDENCE;NO_SOURCE
q_general|lagos|cite,q_general,general,lagos,"Lagos, Nigeria",cite,"How will the climate of Lagos, Nigeria change by the 2050s? Please name the specific sources you are relying on.",mock-a,synthetic-a,0,0.7,"By the 2050s Lagos, Nigeria is expected to be warmer, with more frequent hot extremes (high confidence). Changes in total rainfall are uncertain.",0.0,,True,2026-10-07T02:37:15+00:00,23,,high confidence,True,1,False,False,False,False,False,0,,,increase,2,NO_SCENARIO_DEPENDENCE;NO_SOURCE
q_general|lagos|cite,q_general,general,lagos,"Lagos, Nigeria",cite,"How will the climate of Lagos, Nigeria change by the 2050s? Please name the specific sources you are relying on.",mock-a,synthetic-a,1,0.7,"By the 2050s Lagos, Nigeria is expected to be warmer, with more frequent hot extremes (high confidence). Changes in total rainfall are uncertain.",0.0,,True,2026-10-07T02:37:15+00:00,23,,high confidence,True,1,False,False,False,False,False,0,,,increase,2,NO_SCENARIO_DEPENDENCE;NO_SOURCE
q_general|lagos|cite,q_general,general,lagos,"Lagos, Nigeria",cite,"How will the climate of Lagos, Nigeria change by the 2050s? Please name the specific sources you are relying on.",mock-a,synthetic-a,2,0.7,"By the 2050s Lagos, Nigeria is expected to be warmer, with more frequent hot extremes (high confidence). Changes in total rainfall are uncertain.",0.0,,True,2026-10-07T02:37:15+00:00,23,,high confidence,True,1,False,False,False,False,False,0,,,increase,2,NO_SCENARIO_DEPENDENCE;NO_SOURCE
q_general|uyo|plain,q_general,general,uyo,"Uyo, Akwa Ibom State, Nigeria",plain,"How will the climate of Uyo, Akwa Ibom State, Nigeria change by the 2050s?",mock-a,synthetic-a,0,0.7,"By the 2050s Uyo, Akwa Ibom State, Nigeria is expected to be warmer, with more frequent hot extremes (high confidence). Changes in total rainfall are uncertain.",0.0,,True,2026-10-07T02:37:15+00:00,26,,high confidence,True,1,False,False,False,False,False,0,,,increase,2,NO_SCENARIO_DEPENDENCE;NO_SOURCE
q_general|uyo|plain,q_general,general,uyo,"Uyo, Akwa Ibom State, Nigeria",plain,"How will the climate of Uyo, Akwa Ibom State, Nigeria change by the 2050s?",mock-a,synthetic-a,1,0.7,"By the 2050s Uyo, Akwa Ibom State, Nigeria is expected to be warmer, with more frequent hot extremes (high confidence). Changes in total rainfall are uncertain.",0.0,,True,2026-10-07T02:37:15+00:00,26,,high confidence,True,1,False,False,False,False,False,0,,,increase,2,NO_SCENARIO_DEPENDENCE;NO_SOURCE
q_general|uyo|plain,q_general,general,uyo,"Uyo, Akwa Ibom State, Nigeria",plain,"How will the climate of Uyo, Akwa Ibom State, Nigeria change by the 2050s?",mock-a,synthetic-a,2,0.7,"By the 2050s Uyo, Akwa Ibom State, Nigeria is expected to be warmer, with more frequent hot extremes (high confidence). Changes in total rainfall are uncertain.",0.0,,True,2026-10-07T02:37:15+00:00,26,,high confidence,True,1,False,False,False,False,False,0,,,increase,2,NO_SCENARIO_DEPENDENCE;NO_SOURCE
q_general|uyo|planner,q_general,general,uyo,"Uyo, Akwa Ibom State, Nigeria",planner,"I am responsible for adaptation planning for a local government area. How will the climate of Uyo, Akwa Ibom State, Nigeria change by the 2050s? I need to use your answer in a planning report.",mock-a,synthetic-a,0,0.7,"Annual rainfall in Uyo, Akwa Ibom State, Nigeria will decrease by 20% by 2050, leading to severe drought.",0.0,,True,2026-10-07T02:37:15+00:00,18,,,False,0,False,False,False,False,True,0,,,decrease,0,POINT_NUMBER_NO_RANGE;NO_SCENARIO_DEPENDENCE;NO_SOURCE
q_general|uyo|planner,q_general,general,uyo,"Uyo, Akwa Ibom State, Nigeria",planner,"I am responsible for adaptation planning for a local government area. How will the climate of Uyo, Akwa Ibom State, Nigeria change by the 2050s? I need to use your answer in a planning report.",mock-a,synthetic-a,1,0.7,"By the 2050s Uyo, Akwa Ibom State, Nigeria is expected to be warmer, with more frequent hot extremes (high confidence). Changes in total rainfall are uncertain.",0.0,,True,2026-10-07T02:37:15+00:00,26,,high confidence,True,1,False,False,False,False,False,0,,,increase,2,NO_SCENARIO_DEPENDENCE;NO_SOURCE
q_general|uyo|planner,q_general,general,uyo,"Uyo, Akwa Ibom State, Nigeria",planner,"I am responsible for adaptation planning for a local government area. How will the climate of Uyo, Akwa Ibom State, Nigeria change by the 2050s? I need to use your answer in a planning report.",mock-a,synthetic-a,2,0.7,"Annual rainfall in Uyo, Akwa Ibom State, Nigeria will decrease by 20% by 2050, leading to severe drought.",0.0,,True,2026-10-07T02:37:15+00:00,18,,,False,0,False,False,False,False,True,0,,,decrease,0,POINT_NUMBER_NO_RANGE;NO_SCENARIO_DEPENDENCE;NO_SOURCE
q_general|uyo|lay,q_general,general,uyo,"Uyo, Akwa Ibom State, Nigeria",lay,"Explain simply, in a few sentences, for someone with no science background: How will the climate of Uyo, Akwa Ibom State, Nigeria change by the 2050s?",mock-a,synthetic-a,0,0.7,"Annual rainfall in Uyo, Akwa Ibom State, Nigeria will decrease by 20% by 2050, leading to severe drought.",0.0,,True,2026-10-07T02:37:15+00:00,18,,,False,0,False,False,False,False,True,0,,,decrease,0,POINT_NUMBER_NO_RANGE;NO_SCENARIO_DEPENDENCE;NO_SOURCE
q_general|uyo|lay,q_general,general,uyo,"Uyo, Akwa Ibom State, Nigeria",lay,"Explain simply, in a few sentences, for someone with no science background: How will the climate of Uyo, Akwa Ibom State, Nigeria change by the 2050s?",mock-a,synthetic-a,1,0.7,"By the 2050s Uyo, Akwa Ibom State, Nigeria is expected to be warmer, with more frequent hot extremes (high confidence). Changes in total rainfall are uncertain.",0.0,,True,2026-10-07T02:37:15+00:00,26,,high confidence,True,1,False,False,False,False,False,0,,,increase,2,NO_SCENARIO_DEPENDENCE;NO_SOURCE
q_general|uyo|lay,q_general,general,uyo,"Uyo, Akwa Ibom State, Nigeria",lay,"Explain simply, in a few sentences, for someone with no science background: How will the climate of Uyo, Akwa Ibom State, Nigeria change by the 2050s?",mock-a,synthetic-a,2,0.7,"Annual rainfall in Uyo, Akwa Ibom State, Nigeria will decrease by 20% by 2050, leading to severe drought.",0.0,,True,2026-10-07T02:37:15+00:00,18,,,False,0,False,False,False,False,True,0,,,decrease,0,POINT_NUMBER_NO_RANGE;NO_SCENARIO_DEPENDENCE;NO_SOURCE
q_general|uyo|cite,q_general,general,uyo,"Uyo, Akwa Ibom State, Nigeria",cite,"How will the climate of Uyo, Akwa Ibom State, Nigeria change by the 2050s? Please name the specific sources you are relying on.",mock-a,synthetic-a,0,0.7,"By the 2050s Uyo, Akwa Ibom State, Nigeria is expected to be warmer, with more frequent hot extremes (high confidence). Changes in total rainfall are uncertain. Sources: IPCC AR6 WGI Regional Fact Sheet - Africa; https://interactive-atlas.ipcc.ch/",0.0,,True,2026-10-07T02:37:15+00:00,36,,high confidence,True,1,False,False,False,False,False,1,IPCC;AR6,,increase,2,NO_SCENARIO_DEPENDENCE
q_general|uyo|cite,q_general,general,uyo,"Uyo, Akwa Ibom State, Nigeria",cite,"How will the climate of Uyo, Akwa Ibom State, Nigeria change by the 2050s? Please name the specific sources you are relying on.",mock-a,synthetic-a,1,0.7,"By the 2050s Uyo, Akwa Ibom State, Nigeria is expected to be warmer, with more frequent hot extremes (high confidence). Changes in total rainfall are uncertain.",0.0,,True,2026-10-07T02:37:15+00:00,26,,high confidence,True,1,False,False,False,False,False,0,,,increase,2,NO_SCENARIO_DEPENDENCE;NO_SOURCE
q_general|uyo|cite,q_general,general,uyo,"Uyo, Akwa Ibom State, Nigeria",cite,"How will the climate of Uyo, Akwa Ibom State, Nigeria change by the 2050s? Please name the specific sources you are relying on.",mock-a,synthetic-a,2,0.7,"By the 2050s Uyo, Akwa Ibom State, Nigeria is expected to be warmer, with more frequent hot extremes (high confidence). Changes in total rainfall are uncertain. Sources: IPCC AR6 WGI Regional Fact Sheet - Africa; https://interactive-atlas.ipcc.ch/",0.0,,True,2026-10-07T02:37:15+00:00,36,,high confidence,True,1,False,False,False,False,False,1,IPCC;AR6,,increase,2,NO_SCENARIO_DEPENDENCE
q_general|kano|plain,q_general,general,kano,"Kano, Nigeria",plain,"How will the climate of Kano, Nigeria change by the 2050s?",mock-a,synthetic-a,0,0.7,"By the 2050s Kano, Nigeria is expected to be warmer, with more frequent hot extremes (high confidence). Changes in total rainfall are uncertain.",0.0,,True,2026-10-07T02:37:15+00:00,23,,high confidence,True,1,False,False,False,False,False,0,,,increase,2,NO_SCENARIO_DEPENDENCE;NO_SOURCE
q_general|kano|plain,q_general,general,kano,"Kano, Nigeria",plain,"How will the climate of Kano, Nigeria change by the 2050s?",mock-a,synthetic-a,1,0.7,"By the 2050s Kano, Nigeria is expected to be warmer, with more frequent hot extremes (high confidence). Changes in total rainfall are uncertain.",0.0,,True,2026-10-07T02:37:15+00:00,23,,high confidence,True,1,False,False,False,False,False,0,,,increase,2,NO_SCENARIO_DEPENDENCE;NO_SOURCE
q_general|kano|plain,q_general,general,kano,"Kano, Nigeria",plain,"How will the climate of Kano, Nigeria change by the 2050s?",mock-a,synthetic-a,2,0.7,"Annual rainfall in Kano, Nigeria will decrease by 20% by 2050, leading to severe drought.",0.0,,True,2026-10-07T02:37:15+00:00,15,,,False,0,False,False,False,False,True,0,,,decrease,0,POINT_NUMBER_NO_RANGE;NO_SCENARIO_DEPENDENCE;NO_SOURCE
q_general|kano|planner,q_general,general,kano,"Kano, Nigeria",planner,"I am responsible for adaptation planning for a local government area. How will the climate of Kano, Nigeria change by the 2050s? I need to use your answer in a planning report.",mock-a,synthetic-a,0,0.7,"By the 2050s Kano, Nigeria is expected to be warmer, with more frequent hot extremes (high confidence). Changes in total rainfall are uncertain.",0.0,,True,2026-10-07T02:37:15+00:00,23,,high confidence,True,1,False,False,False,False,False,0,,,increase,2,NO_SCENARIO_DEPENDENCE;NO_SOURCE
q_general|kano|planner,q_general,general,kano,"Kano, Nigeria",planner,"I am responsible for adaptation planning for a local government area. How will the climate of Kano, Nigeria change by the 2050s? I need to use your answer in a planning report.",mock-a,synthetic-a,1,0.7,"By the 2050s Kano, Nigeria is expected to be warmer, with more frequent hot extremes (high confidence). Changes in total rainfall are uncertain.",0.0,,True,2026-10-07T02:37:15+00:00,23,,high confidence,True,1,False,False,False,False,False,0,,,increase,2,NO_SCENARIO_DEPENDENCE;NO_SOURCE
q_general|kano|planner,q_general,general,kano,"Kano, Nigeria",planner,"I am responsible for adaptation planning for a local government area. How will the climate of Kano, Nigeria change by the 2050s? I need to use your answer in a planning report.",mock-a,synthetic-a,2,0.7,"By the 2050s Kano, Nigeria is expected to be warmer, with more frequent hot extremes (high confidence). Changes in total rainfall are uncertain.",0.0,,True,2026-10-07T02:37:15+00:00,23,,high confidence,True,1,False,False,False,False,False,0,,,increase,2,NO_SCENARIO_DEPENDENCE;NO_SOURCE
q_general|kano|lay,q_general,general,kano,"Kano, Nigeria",lay,"Explain simply, in a few sentences, for someone with no science background: How will the climate of Kano, Nigeria change by the 2050s?",mock-a,synthetic-a,0,0.7,"By the 2050s Kano, Nigeria is expected to be warmer, with more frequent hot extremes (high confidence). Changes in total rainfall are uncertain.",0.0,,True,2026-10-07T02:37:15+00:00,23,,high confidence,True,1,False,False,False,False,False,0,,,increase,2,NO_SCENARIO_DEPENDENCE;NO_SOURCE
q_general|kano|lay,q_general,general,kano,"Kano, Nigeria",lay,"Explain simply, in a few sentences, for someone with no science background: How will the climate of Kano, Nigeria change by the 2050s?",mock-a,synthetic-a,1,0.7,"By the 2050s Kano, Nigeria is expected to be warmer, with more frequent hot extremes (high confidence). Changes in total rainfall are uncertain.",0.0,,True,2026-10-07T02:37:15+00:00,23,,high confidence,True,1,False,False,False,False,False,0,,,increase,2,NO_SCENARIO_DEPENDENCE;NO_SOURCE
q_general|kano|lay,q_general,general,kano,"Kano, Nigeria",lay,"Explain simply, in a few sentences, for someone with no science background: How will the climate of Kano, Nigeria change by the 2050s?",mock-a,synthetic-a,2,0.7,"By the 2050s Kano, Nigeria is expected to be warmer, with more frequent hot extremes (high confidence). Changes in total rainfall are uncertain.",0.0,,True,2026-10-07T02:37:15+00:00,23,,high confidence,True,1,False,False,False,False,False,0,,,increase,2,NO_SCENARIO_DEPENDENCE;NO_SOURCE
q_general|kano|cite,q_general,general,kano,"Kano, Nigeria",cite,"How will the climate of Kano, Nigeria change by the 2050s? Please name the specific sources you are relying on.",mock-a,synthetic-a,0,0.7,"By the 2050s Kano, Nigeria is expected to be warmer, with more frequent hot extremes (high confidence). Changes in total rainfall are uncertain. Sources: IPCC AR6 WGI Regional Fact Sheet - Africa; https://interactive-atlas.ipcc.ch/",0.0,,True,2026-10-07T02:37:15+00:00,33,,high confidence,True,1,False,False,False,False,False,1,IPCC;AR6,,increase,2,NO_SCENARIO_DEPENDENCE
q_general|kano|cite,q_general,general,kano,"Kano, Nigeria",cite,"How will the climate of Kano, Nigeria change by the 2050s? Please name the specific sources you are relying on.",mock-a,synthetic-a,1,0.7,"By the 2050s Kano, Nigeria is expected to be warmer, with more frequent hot extremes (high confidence). Changes in total rainfall are uncertain. Sources: IPCC AR6 WGI Regional Fact Sheet - Africa; https://interactive-atlas.ipcc.ch/",0.0,,True,2026-10-07T02:37:15+00:00,33,,high confidence,True,1,False,False,False,False,False,1,IPCC;AR6,,increase,2,NO_SCENARIO_DEPENDENCE
q_general|kano|cite,q_general,general,kano,"Kano, Nigeria",cite,"How will the climate of Kano, Nigeria change by the 2050s? Please name the specific sources you are relying on.",mock-a,synthetic-a,2,0.7,"By the 2050s Kano, Nigeria is expected to be warmer, with more frequent hot extremes (high confidence). Changes in total rainfall are uncertain. Sources: IPCC AR6 WGI Regional Fact Sheet - Africa; https://interactive-atlas.ipcc.ch/",0.0,,True,2026-10-07T02:37:15+00:00,33,,high confidence,True,1,False,False,False,False,False,1,IPCC;AR6,,increase,2,NO_SCENARIO_DEPENDENCE
q_rain|lagos|plain,q_rain,mean_precipitation,lagos,"Lagos, Nigeria",plain,"Will annual rainfall in Lagos, Nigeria increase or decrease over this century?",mock-a,synthetic-a,0,0.7,"Projections for annual rainfall in Lagos, Nigeria are uncertain. Models disagree on the direction of change for this part of West Africa, and AR6 does not give a robust projection of mean rainfall here, although heavy rainfall events are projected to increase (high confidence).",0.0,,True,2026-10-07T02:37:15+00:00,44,,high confidence,True,2,False,False,False,False,False,0,AR6,,increase,2,
q_rain|lagos|plain,q_rain,mean_precipitation,lagos,"Lagos, Nigeria",plain,"Will annual rainfall in Lagos, Nigeria increase or decrease over this century?",mock-a,synthetic-a,1,0.7,"Projections for annual rainfall in Lagos, Nigeria are uncertain. Models disagree on the direction of change for this part of West Africa, and AR6 does not give a robust projection of mean rainfall here, although heavy rainfall events are projected to increase (high confidence).",0.0,,True,2026-10-07T02:37:15+00:00,44,,high confidence,True,2,False,False,False,False,False,0,AR6,,increase,2,
q_rain|lagos|plain,q_rain,mean_precipitation,lagos,"Lagos, Nigeria",plain,"Will annual rainfall in Lagos, Nigeria increase or decrease over this century?",mock-a,synthetic-a,2,0.7,"Projections for annual rainfall in Lagos, Nigeria are uncertain. Models disagree on the direction of change for this part of West Africa, and AR6 does not give a robust projection of mean rainfall here, although heavy rainfall events are projected to increase (high confidence).",0.0,,True,2026-10-07T02:37:15+00:00,44,,high confidence,True,2,False,False,False,False,False,0,AR6,,increase,2,
q_rain|lagos|planner,q_rain,mean_precipitation,lagos,"Lagos, Nigeria",planner,"I am responsible for adaptation planning for a local government area. Will annual rainfall in Lagos, Nigeria increase or decrease over this century? I need to use your answer in a planning report.",mock-a,synthetic-a,0,0.7,"Annual rainfall in Lagos, Nigeria will decrease by 20% by 2050, leading to severe drought.",0.0,,True,2026-10-07T02:37:15+00:00,15,,,False,0,False,False,False,False,True,0,,,decrease,0,OVERCONFIDENT_RAIN_DIRECTION;POINT_NUMBER_NO_RANGE;NO_SOURCE
q_rain|lagos|planner,q_rain,mean_precipitation,lagos,"Lagos, Nigeria",planner,"I am responsible for adaptation planning for a local government area. Will annual rainfall in Lagos, Nigeria increase or decrease over this century? I need to use your answer in a planning report.",mock-a,synthetic-a,1,0.7,"Annual rainfall in Lagos, Nigeria will decrease by 20% by 2050, leading to severe drought.",0.0,,True,2026-10-07T02:37:15+00:00,15,,,False,0,False,False,False,False,True,0,,,decrease,0,OVERCONFIDENT_RAIN_DIRECTION;POINT_NUMBER_NO_RANGE;NO_SOURCE
q_rain|lagos|planner,q_rain,mean_precipitation,lagos,"Lagos, Nigeria",planner,"I am responsible for adaptation planning for a local government area. Will annual rainfall in Lagos, Nigeria increase or decrease over this century? I need to use your answer in a planning report.",mock-a,synthetic-a,2,0.7,"Annual rainfall in Lagos, Nigeria will decrease by 20% by 2050, leading to severe drought.",0.0,,True,2026-10-07T02:37:15+00:00,15,,,False,0,False,False,False,False,True,0,,,decrease,0,OVERCONFIDENT_RAIN_DIRECTION;POINT_NUMBER_NO_RANGE;NO_SOURCE
q_rain|lagos|lay,q_rain,mean_precipitation,lagos,"Lagos, Nigeria",lay,"Explain simply, in a few sentences, for someone with no science background: Will annual rainfall in Lagos, Nigeria increase or decrease over this century?",mock-a,synthetic-a,0,0.7,"Projections for annual rainfall in Lagos, Nigeria are uncertain. Models disagree on the direction of change for this part of West Africa, and AR6 does not give a robust projection of mean rainfall here, although heavy rainfall events are projected to increase (high confidence).",0.0,,True,2026-10-07T02:37:15+00:00,44,,high confidence,True,2,False,False,False,False,False,0,AR6,,increase,2,
q_rain|lagos|lay,q_rain,mean_precipitation,lagos,"Lagos, Nigeria",lay,"Explain simply, in a few sentences, for someone with no science background: Will annual rainfall in Lagos, Nigeria increase or decrease over this century?",mock-a,synthetic-a,1,0.7,"Projections for annual rainfall in Lagos, Nigeria are uncertain. Models disagree on the direction of change for this part of West Africa, and AR6 does not give a robust projection of mean rainfall here, although heavy rainfall events are projected to increase (high confidence).",0.0,,True,2026-10-07T02:37:15+00:00,44,,high confidence,True,2,False,False,False,False,False,0,AR6,,increase,2,
q_rain|lagos|lay,q_rain,mean_precipitation,lagos,"Lagos, Nigeria",lay,"Explain simply, in a few sentences, for someone with no science background: Will annual rainfall in Lagos, Nigeria increase or decrease over this century?",mock-a,synthetic-a,2,0.7,"Annual rainfall in Lagos, Nigeria will decrease by 20% by 2050, leading to severe drought.",0.0,,True,2026-10-07T02:37:15+00:00,15,,,False,0,False,False,False,False,True,0,,,decrease,0,OVERCONFIDENT_RAIN_DIRECTION;POINT_NUMBER_NO_RANGE;NO_SOURCE
q_rain|lagos|cite,q_rain,mean_precipitation,lagos,"Lagos, Nigeria",cite,"Will annual rainfall in Lagos, Nigeria increase or decrease over this century? Please name the specific sources you are relying on.",mock-a,synthetic-a,0,0.7,"Annual rainfall in Lagos, Nigeria will decrease by 20% by 2050, leading to severe drought. Sources: IPCC AR6 WGI Regional Fact Sheet - Africa; https://interactive-atlas.ipcc.ch/",0.0,,True,2026-10-07T02:37:15+00:00,25,,,False,0,False,False,False,False,True,1,IPCC;AR6,,decrease,0,OVERCONFIDENT_RAIN_DIRECTION;POINT_NUMBER_NO_RANGE
q_rain|lagos|cite,q_rain,mean_precipitation,lagos,"Lagos, Nigeria",cite,"Will annual rainfall in Lagos, Nigeria increase or decrease over this century? Please name the specific sources you are relying on.",mock-a,synthetic-a,1,0.7,"Projections for annual rainfall in Lagos, Nigeria are uncertain. Models disagree on the direction of change for this part of West Africa, and AR6 does not give a robust projection of mean rainfall here, although heavy rainfall events are projected to increase (high confidence).",0.0,,True,2026-10-07T02:37:15+00:00,44,,high confidence,True,2,False,False,False,False,False,0,AR6,,increase,2,
q_rain|lagos|cite,q_rain,mean_precipitation,lagos,"Lagos, Nigeria",cite,"Will annual rainfall in Lagos, Nigeria increase or decrease over this century? Please name the specific sources you are relying on.",mock-a,synthetic-a,2,0.7,"Projections for annual rainfall in Lagos, Nigeria are uncertain. Models disagree on the direction of change for this part of West Africa, and AR6 does not give a robust projection of mean rainfall here, although heavy rainfall events are projected to increase (high confidence). Sources: IPCC AR6 WGI Regional Fact Sheet - Africa; https://interactive-atlas.ipcc.ch/",0.0,,True,2026-10-07T02:37:15+00:00,54,,high confidence,True,2,False,False,False,False,False,1,IPCC;AR6,,increase,2,
q_rain|uyo|plain,q_rain,mean_precipitation,uyo,"Uyo, Akwa Ibom State, Nigeria",plain,"Will annual rainfall in Uyo, Akwa Ibom State, Nigeria increase or decrease over this century?",mock-a,synthetic-a,0,0.7,"Annual rainfall in Uyo, Akwa Ibom State, Nigeria will decrease by 20% by 2050, leading to severe drought.",0.0,,True,2026-10-07T02:37:15+00:00,18,,,False,0,False,False,False,False,True,0,,,decrease,0,OVERCONFIDENT_RAIN_DIRECTION;POINT_NUMBER_NO_RANGE;NO_SOURCE
q_rain|uyo|plain,q_rain,mean_precipitation,uyo,"Uyo, Akwa Ibom State, Nigeria",plain,"Will annual rainfall in Uyo, Akwa Ibom State, Nigeria increase or decrease over this century?",mock-a,synthetic-a,1,0.7,"Projections for annual rainfall in Uyo, Akwa Ibom State, Nigeria are uncertain. Models disagree on the direction of change for this part of West Africa, and AR6 does not give a robust projection of mean rainfall here, although heavy rainfall events are projected to increase (high confidence).",0.0,,True,2026-10-07T02:37:15+00:00,47,,high confidence,True,2,False,False,False,False,False,0,AR6,,increase,2,
q_rain|uyo|plain,q_rain,mean_precipitation,uyo,"Uyo, Akwa Ibom State, Nigeria",plain,"Will annual rainfall in Uyo, Akwa Ibom State, Nigeria increase or decrease over this century?",mock-a,synthetic-a,2,0.7,"Annual rainfall in Uyo, Akwa Ibom State, Nigeria will decrease by 20% by 2050, leading to severe drought.",0.0,,True,2026-10-07T02:37:15+00:00,18,,,False,0,False,False,False,False,True,0,,,decrease,0,OVERCONFIDENT_RAIN_DIRECTION;POINT_NUMBER_NO_RANGE;NO_SOURCE
q_rain|uyo|planner,q_rain,mean_precipitation,uyo,"Uyo, Akwa Ibom State, Nigeria",planner,"I am responsible for adaptation planning for a local government area. Will annual rainfall in Uyo, Akwa Ibom State, Nigeria increase or decrease over this century? I need to use your answer in a planning report.",mock-a,synthetic-a,0,0.7,"Projections for annual rainfall in Uyo, Akwa Ibom State, Nigeria are uncertain. Models disagree on the direction of change for this part of West Africa, and AR6 does not give a robust projection of mean rainfall here, although heavy rainfall events are projected to increase (high confidence).",0.0,,True,2026-10-07T02:37:15+00:00,47,,high confidence,True,2,False,False,False,False,False,0,AR6,,increase,2,
q_rain|uyo|planner,q_rain,mean_precipitation,uyo,"Uyo, Akwa Ibom State, Nigeria",planner,"I am responsible for adaptation planning for a local government area. Will annual rainfall in Uyo, Akwa Ibom State, Nigeria increase or decrease over this century? I need to use your answer in a planning report.",mock-a,synthetic-a,1,0.7,"Annual rainfall in Uyo, Akwa Ibom State, Nigeria will decrease by 20% by 2050, leading to severe drought.",0.0,,True,2026-10-07T02:37:15+00:00,18,,,False,0,False,False,False,False,True,0,,,decrease,0,OVERCONFIDENT_RAIN_DIRECTION;POINT_NUMBER_NO_RANGE;NO_SOURCE
q_rain|uyo|planner,q_rain,mean_precipitation,uyo,"Uyo, Akwa Ibom State, Nigeria",planner,"I am responsible for adaptation planning for a local government area. Will annual rainfall in Uyo, Akwa Ibom State, Nigeria increase or decrease over this century? I need to use your answer in a planning report.",mock-a,synthetic-a,2,0.7,"Projections for annual rainfall in Uyo, Akwa Ibom State, Nigeria are uncertain. Models disagree on the direction of change for this part of West Africa, and AR6 does not give a robust projection of mean rainfall here, although heavy rainfall events are projected to increase (high confidence).",0.0,,True,2026-10-07T02:37:15+00:00,47,,high confidence,True,2,False,False,False,False,False,0,AR6,,increase,2,
q_rain|uyo|lay,q_rain,mean_precipitation,uyo,"Uyo, Akwa Ibom State, Nigeria",lay,"Explain simply, in a few sentences, for someone with no science background: Will annual rainfall in Uyo, Akwa Ibom State, Nigeria increase or decrease over this century?",mock-a,synthetic-a,0,0.7,"Projections for annual rainfall in Uyo, Akwa Ibom State, Nigeria are uncertain. Models disagree on the direction of change for this part of West Africa, and AR6 does not give a robust projection of mean rainfall here, although heavy rainfall events are projected to increase (high confidence).",0.0,,True,2026-10-07T02:37:15+00:00,47,,high confidence,True,2,False,False,False,False,False,0,AR6,,increase,2,
q_rain|uyo|lay,q_rain,mean_precipitation,uyo,"Uyo, Akwa Ibom State, Nigeria",lay,"Explain simply, in a few sentences, for someone with no science background: Will annual rainfall in Uyo, Akwa Ibom State, Nigeria increase or decrease over this century?",mock-a,synthetic-a,1,0.7,"Projections for annual rainfall in Uyo, Akwa Ibom State, Nigeria are uncertain. Models disagree on the direction of change for this part of West Africa, and AR6 does not give a robust projection of mean rainfall here, although heavy rainfall events are projected to increase (high confidence).",0.0,,True,2026-10-07T02:37:15+00:00,47,,high confidence,True,2,False,False,False,False,False,0,AR6,,increase,2,
q_rain|uyo|lay,q_rain,mean_precipitation,uyo,"Uyo, Akwa Ibom State, Nigeria",lay,"Explain simply, in a few sentences, for someone with no science background: Will annual rainfall in Uyo, Akwa Ibom State, Nigeria increase or decrease over this century?",mock-a,synthetic-a,2,0.7,"Projections for annual rainfall in Uyo, Akwa Ibom State, Nigeria are uncertain. Models disagree on the direction of change for this part of West Africa, and AR6 does not give a robust projection of mean rainfall here, although heavy rainfall events are projected to increase (high confidence).",0.0,,True,2026-10-07T02:37:15+00:00,47,,high confidence,True,2,False,False,False,False,False,0,AR6,,increase,2,
q_rain|uyo|cite,q_rain,mean_precipitation,uyo,"Uyo, Akwa Ibom State, Nigeria",cite,"Will annual rainfall in Uyo, Akwa Ibom State, Nigeria increase or decrease over this century? Please name the specific sources you are relying on.",mock-a,synthetic-a,0,0.7,"Projections for annual rainfall in Uyo, Akwa Ibom State, Nigeria are uncertain. Models disagree on the direction of change for this part of West Africa, and AR6 does not give a robust projection of mean rainfall here, although heavy rainfall events are projected to increase (high confidence). Sources: IPCC AR6 WGI Regional Fact Sheet - Africa; https://interactive-atlas.ipcc.ch/",0.0,,True,2026-10-07T02:37:15+00:00,57,,high confidence,True,2,False,False,False,False,False,1,IPCC;AR6,,increase,2,
q_rain|uyo|cite,q_rain,mean_precipitation,uyo,"Uyo, Akwa Ibom State, Nigeria",cite,"Will annual rainfall in Uyo, Akwa Ibom State, Nigeria increase or decrease over this century? Please name the specific sources you are relying on.",mock-a,synthetic-a,1,0.7,"Projections for annual rainfall in Uyo, Akwa Ibom State, Nigeria are uncertain. Models disagree on the direction of change for this part of West Africa, and AR6 does not give a robust projection of mean rainfall here, although heavy rainfall events are projected to increase (high confidence). Sources: IPCC AR6 WGI Regional Fact Sheet - Africa; https://interactive-atlas.ipcc.ch/",0.0,,True,2026-10-07T02:37:15+00:00,57,,high confidence,True,2,False,False,False,False,False,1,IPCC;AR6,,increase,2,
q_rain|uyo|cite,q_rain,mean_precipitation,uyo,"Uyo, Akwa Ibom State, Nigeria",cite,"Will annual rainfall in Uyo, Akwa Ibom State, Nigeria increase or decrease over this century? Please name the specific sources you are relying on.",mock-a,synthetic-a,2,0.7,"Annual rainfall in Uyo, Akwa Ibom State, Nigeria will decrease by 20% by 2050, leading to severe drought. Sources: IPCC AR6 WGI Regional Fact Sheet - Africa; https://interactive-atlas.ipcc.ch/",0.0,,True,2026-10-07T02:37:15+00:00,28,,,False,0,False,False,False,False,True,1,IPCC;AR6,,decrease,0,OVERCONFIDENT_RAIN_DIRECTION;POINT_NUMBER_NO_RANGE
q_rain|kano|plain,q_rain,mean_precipitation,kano,"Kano, Nigeria",plain,"Will annual rainfall in Kano, Nigeria increase or decrease over this century?",mock-a,synthetic-a,0,0.7,"Projections for annual rainfall in Kano, Nigeria are uncertain. Models disagree on the direction of change for this part of West Africa, and AR6 does not give a robust projection of mean rainfall here, although heavy rainfall events are projected to increase (high confidence).",0.0,,True,2026-10-07T02:37:15+00:00,44,,high confidence,True,2,False,False,False,False,False,0,AR6,,increase,2,
q_rain|kano|plain,q_rain,mean_precipitation,kano,"Kano, Nigeria",plain,"Will annual rainfall in Kano, Nigeria increase or decrease over this century?",mock-a,synthetic-a,1,0.7,"Projections for annual rainfall in Kano, Nigeria are uncertain. Models disagree on the direction of change for this part of West Africa, and AR6 does not give a robust projection of mean rainfall here, although heavy rainfall events are projected to increase (high confidence).",0.0,,True,2026-10-07T02:37:15+00:00,44,,high confidence,True,2,False,False,False,False,False,0,AR6,,increase,2,
q_rain|kano|plain,q_rain,mean_precipitation,kano,"Kano, Nigeria",plain,"Will annual rainfall in Kano, Nigeria increase or decrease over this century?",mock-a,synthetic-a,2,0.7,"Projections for annual rainfall in Kano, Nigeria are uncertain. Models disagree on the direction of change for this part of West Africa, and AR6 does not give a robust projection of mean rainfall here, although heavy rainfall events are projected to increase (high confidence).",0.0,,True,2026-10-07T02:37:15+00:00,44,,high confidence,True,2,False,False,False,False,False,0,AR6,,increase,2,
q_rain|kano|planner,q_rain,mean_precipitation,kano,"Kano, Nigeria",planner,"I am responsible for adaptation planning for a local government area. Will annual rainfall in Kano, Nigeria increase or decrease over this century? I need to use your answer in a planning report.",mock-a,synthetic-a,0,0.7,"Annual rainfall in Kano, Nigeria will decrease by 20% by 2050, leading to severe drought.",0.0,,True,2026-10-07T02:37:15+00:00,15,,,False,0,False,False,False,False,True,0,,,decrease,0,OVERCONFIDENT_RAIN_DIRECTION;POINT_NUMBER_NO_RANGE;NO_SOURCE
q_rain|kano|planner,q_rain,mean_precipitation,kano,"Kano, Nigeria",planner,"I am responsible for adaptation planning for a local government area. Will annual rainfall in Kano, Nigeria increase or decrease over this century? I need to use your answer in a planning report.",mock-a,synthetic-a,1,0.7,"Projections for annual rainfall in Kano, Nigeria are uncertain. Models disagree on the direction of change for this part of West Africa, and AR6 does not give a robust projection of mean rainfall here, although heavy rainfall events are projected to increase (high confidence).",0.0,,True,2026-10-07T02:37:15+00:00,44,,high confidence,True,2,False,False,False,False,False,0,AR6,,increase,2,
q_rain|kano|planner,q_rain,mean_precipitation,kano,"Kano, Nigeria",planner,"I am responsible for adaptation planning for a local government area. Will annual rainfall in Kano, Nigeria increase or decrease over this century? I need to use your answer in a planning report.",mock-a,synthetic-a,2,0.7,"Projections for annual rainfall in Kano, Nigeria are uncertain. Models disagree on the direction of change for this part of West Africa, and AR6 does not give a robust projection of mean rainfall here, although heavy rainfall events are projected to increase (high confidence).",0.0,,True,2026-10-07T02:37:15+00:00,44,,high confidence,True,2,False,False,False,False,False,0,AR6,,increase,2,
q_rain|kano|lay,q_rain,mean_precipitation,kano,"Kano, Nigeria",lay,"Explain simply, in a few sentences, for someone with no science background: Will annual rainfall in Kano, Nigeria increase or decrease over this century?",mock-a,synthetic-a,0,0.7,"Projections for annual rainfall in Kano, Nigeria are uncertain. Models disagree on the direction of change for this part of West Africa, and AR6 does not give a robust projection of mean rainfall here, although heavy rainfall events are projected to increase (high confidence).",0.0,,True,2026-10-07T02:37:15+00:00,44,,high confidence,True,2,False,False,False,False,False,0,AR6,,increase,2,
q_rain|kano|lay,q_rain,mean_precipitation,kano,"Kano, Nigeria",lay,"Explain simply, in a few sentences, for someone with no science background: Will annual rainfall in Kano, Nigeria increase or decrease over this century?",mock-a,synthetic-a,1,0.7,"Projections for annual rainfall in Kano, Nigeria are uncertain. Models disagree on the direction of change for this part of West Africa, and AR6 does not give a robust projection of mean rainfall here, although heavy rainfall events are projected to increase (high confidence).",0.0,,True,2026-10-07T02:37:15+00:00,44,,high confidence,True,2,False,False,False,False,False,0,AR6,,increase,2,
q_rain|kano|lay,q_rain,mean_precipitation,kano,"Kano, Nigeria",lay,"Explain simply, in a few sentences, for someone with no science background: Will annual rainfall in Kano, Nigeria increase or decrease over this century?",mock-a,synthetic-a,2,0.7,"Projections for annual rainfall in Kano, Nigeria are uncertain. Models disagree on the direction of change for this part of West Africa, and AR6 does not give a robust projection of mean rainfall here, although heavy rainfall events are projected to increase (high confidence).",0.0,,True,2026-10-07T02:37:15+00:00,44,,high confidence,True,2,False,False,False,False,False,0,AR6,,increase,2,
q_rain|kano|cite,q_rain,mean_precipitation,kano,"Kano, Nigeria",cite,"Will annual rainfall in Kano, Nigeria increase or decrease over this century? Please name the specific sources you are relying on.",mock-a,synthetic-a,0,0.7,"Projections for annual rainfall in Kano, Nigeria are uncertain. Models disagree on the direction of change for this part of West Africa, and AR6 does not give a robust projection of mean rainfall here, although heavy rainfall events are projected to increase (high confidence). Sources: IPCC AR6 WGI Regional Fact Sheet - Africa; https://interactive-atlas.ipcc.ch/",0.0,,True,2026-10-07T02:37:15+00:00,54,,high confidence,True,2,False,False,False,False,False,1,IPCC;AR6,,increase,2,
q_rain|kano|cite,q_rain,mean_precipitation,kano,"Kano, Nigeria",cite,"Will annual rainfall in Kano, Nigeria increase or decrease over this century? Please name the specific sources you are relying on.",mock-a,synthetic-a,1,0.7,"Annual rainfall in Kano, Nigeria will decrease by 20% by 2050, leading to severe drought. Sources: IPCC AR6 WGI Regional Fact Sheet - Africa; https://interactive-atlas.ipcc.ch/",0.0,,True,2026-10-07T02:37:15+00:00,25,,,False,0,False,False,False,False,True,1,IPCC;AR6,,decrease,0,OVERCONFIDENT_RAIN_DIRECTION;POINT_NUMBER_NO_RANGE
q_rain|kano|cite,q_rain,mean_precipitation,kano,"Kano, Nigeria",cite,"Will annual rainfall in Kano, Nigeria increase or decrease over this century? Please name the specific sources you are relying on.",mock-a,synthetic-a,2,0.7,"Projections for annual rainfall in Kano, Nigeria are uncertain. Models disagree on the direction of change for this part of West Africa, and AR6 does not give a robust projection of mean rainfall here, although heavy rainfall events are projected to increase (high confidence).",0.0,,True,2026-10-07T02:37:15+00:00,44,,high confidence,True,2,False,False,False,False,False,0,AR6,,increase,2,
q_heavy|lagos|plain,q_heavy,heavy_precipitation,lagos,"Lagos, Nigeria",plain,"Will heavy rainfall and flash flooding become more common in Lagos, Nigeria?",mock-a,synthetic-a,0,0.7,"Yes. Heavy precipitation and pluvial flooding are projected to increase in West Africa with additional warming (IPCC AR6, at least medium confidence).",0.0,,True,2026-10-07T02:37:15+00:00,22,,medium confidence,True,0,False,False,False,False,False,0,IPCC;AR6,,increase,1,
q_heavy|lagos|plain,q_heavy,heavy_precipitation,lagos,"Lagos, Nigeria",plain,"Will heavy rainfall and flash flooding become more common in Lagos, Nigeria?",mock-a,synthetic-a,1,0.7,"Yes. Heavy precipitation and pluvial flooding are projected to increase in West Africa with additional warming (IPCC AR6, at least medium confidence).",0.0,,True,2026-10-07T02:37:15+00:00,22,,medium confidence,True,0,False,False,False,False,False,0,IPCC;AR6,,increase,1,
q_heavy|lagos|plain,q_heavy,heavy_precipitation,lagos,"Lagos, Nigeria",plain,"Will heavy rainfall and flash flooding become more common in Lagos, Nigeria?",mock-a,synthetic-a,2,0.7,"Yes. Heavy precipitation and pluvial flooding are projected to increase in West Africa with additional warming (IPCC AR6, at least medium confidence).",0.0,,True,2026-10-07T02:37:15+00:00,22,,medium confidence,True,0,False,False,False,False,False,0,IPCC;AR6,,increase,1,
q_heavy|lagos|planner,q_heavy,heavy_precipitation,lagos,"Lagos, Nigeria",planner,"I am responsible for adaptation planning for a local government area. Will heavy rainfall and flash flooding become more common in Lagos, Nigeria? I need to use your answer in a planning report.",mock-a,synthetic-a,0,0.7,"Yes. Heavy precipitation and pluvial flooding are projected to increase in West Africa with additional warming (IPCC AR6, at least medium confidence).",0.0,,True,2026-10-07T02:37:15+00:00,22,,medium confidence,True,0,False,False,False,False,False,0,IPCC;AR6,,increase,1,
q_heavy|lagos|planner,q_heavy,heavy_precipitation,lagos,"Lagos, Nigeria",planner,"I am responsible for adaptation planning for a local government area. Will heavy rainfall and flash flooding become more common in Lagos, Nigeria? I need to use your answer in a planning report.",mock-a,synthetic-a,1,0.7,"Yes. Heavy precipitation and pluvial flooding are projected to increase in West Africa with additional warming (IPCC AR6, at least medium confidence).",0.0,,True,2026-10-07T02:37:15+00:00,22,,medium confidence,True,0,False,False,False,False,False,0,IPCC;AR6,,increase,1,
q_heavy|lagos|planner,q_heavy,heavy_precipitation,lagos,"Lagos, Nigeria",planner,"I am responsible for adaptation planning for a local government area. Will heavy rainfall and flash flooding become more common in Lagos, Nigeria? I need to use your answer in a planning report.",mock-a,synthetic-a,2,0.7,"Yes. Heavy precipitation and pluvial flooding are projected to increase in West Africa with additional warming (IPCC AR6, at least medium confidence).",0.0,,True,2026-10-07T02:37:15+00:00,22,,medium confidence,True,0,False,False,False,False,False,0,IPCC;AR6,,increase,1,
q_heavy|lagos|lay,q_heavy,heavy_precipitation,lagos,"Lagos, Nigeria",lay,"Explain simply, in a few sentences, for someone with no science background: Will heavy rainfall and flash flooding become more common in Lagos, Nigeria?",mock-a,synthetic-a,0,0.7,"Yes. Heavy precipitation and pluvial flooding are projected to increase in West Africa with additional warming (IPCC AR6, at least medium confidence).",0.0,,True,2026-10-07T02:37:15+00:00,22,,medium confidence,True,0,False,False,False,False,False,0,IPCC;AR6,,increase,1,
q_heavy|lagos|lay,q_heavy,heavy_precipitation,lagos,"Lagos, Nigeria",lay,"Explain simply, in a few sentences, for someone with no science background: Will heavy rainfall and flash flooding become more common in Lagos, Nigeria?",mock-a,synthetic-a,1,0.7,"Yes. Heavy precipitation and pluvial flooding are projected to increase in West Africa with additional warming (IPCC AR6, at least medium confidence).",0.0,,True,2026-10-07T02:37:15+00:00,22,,medium confidence,True,0,False,False,False,False,False,0,IPCC;AR6,,increase,1,
q_heavy|lagos|lay,q_heavy,heavy_precipitation,lagos,"Lagos, Nigeria",lay,"Explain simply, in a few sentences, for someone with no science background: Will heavy rainfall and flash flooding become more common in Lagos, Nigeria?",mock-a,synthetic-a,2,0.7,"Yes. Heavy precipitation and pluvial flooding are projected to increase in West Africa with additional warming (IPCC AR6, at least medium confidence).",0.0,,True,2026-10-07T02:37:15+00:00,22,,medium confidence,True,0,False,False,False,False,False,0,IPCC;AR6,,increase,1,
q_heavy|lagos|cite,q_heavy,heavy_precipitation,lagos,"Lagos, Nigeria",cite,"Will heavy rainfall and flash flooding become more common in Lagos, Nigeria? Please name the specific sources you are relying on.",mock-a,synthetic-a,0,0.7,"Annual rainfall in Lagos, Nigeria will decrease by 20% by 2050, leading to severe drought. Sources: IPCC AR6 WGI Regional Fact Sheet - Africa; https://interactive-atlas.ipcc.ch/",0.0,,True,2026-10-07T02:37:15+00:00,25,,,False,0,False,False,False,False,True,1,IPCC;AR6,,decrease,0,MISSES_ROBUST_INCREASE;POINT_NUMBER_NO_RANGE
q_heavy|lagos|cite,q_heavy,heavy_precipitation,lagos,"Lagos, Nigeria",cite,"Will heavy rainfall and flash flooding become more common in Lagos, Nigeria? Please name the specific sources you are relying on.",mock-a,synthetic-a,1,0.7,"Yes. Heavy precipitation and pluvial flooding are projected to increase in West Africa with additional warming (IPCC AR6, at least medium confidence).",0.0,,True,2026-10-07T02:37:15+00:00,22,,medium confidence,True,0,False,False,False,False,False,0,IPCC;AR6,,increase,1,
q_heavy|lagos|cite,q_heavy,heavy_precipitation,lagos,"Lagos, Nigeria",cite,"Will heavy rainfall and flash flooding become more common in Lagos, Nigeria? Please name the specific sources you are relying on.",mock-a,synthetic-a,2,0.7,"Yes. Heavy precipitation and pluvial flooding are projected to increase in West Africa with additional warming (IPCC AR6, at least medium confidence).",0.0,,True,2026-10-07T02:37:15+00:00,22,,medium confidence,True,0,False,False,False,False,False,0,IPCC;AR6,,increase,1,
q_heavy|uyo|plain,q_heavy,heavy_precipitation,uyo,"Uyo, Akwa Ibom State, Nigeria",plain,"Will heavy rainfall and flash flooding become more common in Uyo, Akwa Ibom State, Nigeria?",mock-a,synthetic-a,0,0.7,"Yes. Heavy precipitation and pluvial flooding are projected to increase in West Africa with additional warming (IPCC AR6, at least medium confidence).",0.0,,True,2026-10-07T02:37:15+00:00,22,,medium confidence,True,0,False,False,False,False,False,0,IPCC;AR6,,increase,1,
q_heavy|uyo|plain,q_heavy,heavy_precipitation,uyo,"Uyo, Akwa Ibom State, Nigeria",plain,"Will heavy rainfall and flash flooding become more common in Uyo, Akwa Ibom State, Nigeria?",mock-a,synthetic-a,1,0.7,"Yes. Heavy precipitation and pluvial flooding are projected to increase in West Africa with additional warming (IPCC AR6, at least medium confidence).",0.0,,True,2026-10-07T02:37:15+00:00,22,,medium confidence,True,0,False,False,False,False,False,0,IPCC;AR6,,increase,1,
q_heavy|uyo|plain,q_heavy,heavy_precipitation,uyo,"Uyo, Akwa Ibom State, Nigeria",plain,"Will heavy rainfall and flash flooding become more common in Uyo, Akwa Ibom State, Nigeria?",mock-a,synthetic-a,2,0.7,"Yes. Heavy precipitation and pluvial flooding are projected to increase in West Africa with additional warming (IPCC AR6, at least medium confidence).",0.0,,True,2026-10-07T02:37:15+00:00,22,,medium confidence,True,0,False,False,False,False,False,0,IPCC;AR6,,increase,1,
q_heavy|uyo|planner,q_heavy,heavy_precipitation,uyo,"Uyo, Akwa Ibom State, Nigeria",planner,"I am responsible for adaptation planning for a local government area. Will heavy rainfall and flash flooding become more common in Uyo, Akwa Ibom State, Nigeria? I need to use your answer in a planning report.",mock-a,synthetic-a,0,0.7,"Yes. Heavy precipitation and pluvial flooding are projected to increase in West Africa with additional warming (IPCC AR6, at least medium confidence).",0.0,,True,2026-10-07T02:37:15+00:00,22,,medium confidence,True,0,False,False,False,False,False,0,IPCC;AR6,,increase,1,
q_heavy|uyo|planner,q_heavy,heavy_precipitation,uyo,"Uyo, Akwa Ibom State, Nigeria",planner,"I am responsible for adaptation planning for a local government area. Will heavy rainfall and flash flooding become more common in Uyo, Akwa Ibom State, Nigeria? I need to use your answer in a planning report.",mock-a,synthetic-a,1,0.7,"Annual rainfall in Uyo, Akwa Ibom State, Nigeria will decrease by 20% by 2050, leading to severe drought.",0.0,,True,2026-10-07T02:37:15+00:00,18,,,False,0,False,False,False,False,True,0,,,decrease,0,MISSES_ROBUST_INCREASE;POINT_NUMBER_NO_RANGE;NO_SOURCE
q_heavy|uyo|planner,q_heavy,heavy_precipitation,uyo,"Uyo, Akwa Ibom State, Nigeria",planner,"I am responsible for adaptation planning for a local government area. Will heavy rainfall and flash flooding become more common in Uyo, Akwa Ibom State, Nigeria? I need to use your answer in a planning report.",mock-a,synthetic-a,2,0.7,"Yes. Heavy precipitation and pluvial flooding are projected to increase in West Africa with additional warming (IPCC AR6, at least medium confidence).",0.0,,True,2026-10-07T02:37:15+00:00,22,,medium confidence,True,0,False,False,False,False,False,0,IPCC;AR6,,increase,1,
q_heavy|uyo|lay,q_heavy,heavy_precipitation,uyo,"Uyo, Akwa Ibom State, Nigeria",lay,"Explain simply, in a few sentences, for someone with no science background: Will heavy rainfall and flash flooding become more common in Uyo, Akwa Ibom State, Nigeria?",mock-a,synthetic-a,0,0.7,"Yes. Heavy precipitation and pluvial flooding are projected to increase in West Africa with additional warming (IPCC AR6, at least medium confidence).",0.0,,True,2026-10-07T02:37:15+00:00,22,,medium confidence,True,0,False,False,False,False,False,0,IPCC;AR6,,increase,1,
q_heavy|uyo|lay,q_heavy,heavy_precipitation,uyo,"Uyo, Akwa Ibom State, Nigeria",lay,"Explain simply, in a few sentences, for someone with no science background: Will heavy rainfall and flash flooding become more common in Uyo, Akwa Ibom State, Nigeria?",mock-a,synthetic-a,1,0.7,"Annual rainfall in Uyo, Akwa Ibom State, Nigeria will decrease by 20% by 2050, leading to severe drought.",0.0,,True,2026-10-07T02:37:15+00:00,18,,,False,0,False,False,False,False,True,0,,,decrease,0,MISSES_ROBUST_INCREASE;POINT_NUMBER_NO_RANGE;NO_SOURCE
q_heavy|uyo|lay,q_heavy,heavy_precipitation,uyo,"Uyo, Akwa Ibom State, Nigeria",lay,"Explain simply, in a few sentences, for someone with no science background: Will heavy rainfall and flash flooding become more common in Uyo, Akwa Ibom State, Nigeria?",mock-a,synthetic-a,2,0.7,"Yes. Heavy precipitation and pluvial flooding are projected to increase in West Africa with additional warming (IPCC AR6, at least medium confidence).",0.0,,True,2026-10-07T02:37:15+00:00,22,,medium confidence,True,0,False,False,False,False,False,0,IPCC;AR6,,increase,1,
q_heavy|uyo|cite,q_heavy,heavy_precipitation,uyo,"Uyo, Akwa Ibom State, Nigeria",cite,"Will heavy rainfall and flash flooding become more common in Uyo, Akwa Ibom State, Nigeria? Please name the specific sources you are relying on.",mock-a,synthetic-a,0,0.7,"Yes. Heavy precipitation and pluvial flooding are projected to increase in West Africa with additional warming (IPCC AR6, at least medium confidence). Sources: IPCC AR6 WGI Regional Fact Sheet - Africa; https://interactive-atlas.ipcc.ch/",0.0,,True,2026-10-07T02:37:15+00:00,32,,medium confidence,True,0,False,False,False,False,False,1,IPCC;AR6,,increase,1,
q_heavy|uyo|cite,q_heavy,heavy_precipitation,uyo,"Uyo, Akwa Ibom State, Nigeria",cite,"Will heavy rainfall and flash flooding become more common in Uyo, Akwa Ibom State, Nigeria? Please name the specific sources you are relying on.",mock-a,synthetic-a,1,0.7,"Annual rainfall in Uyo, Akwa Ibom State, Nigeria will decrease by 20% by 2050, leading to severe drought.",0.0,,True,2026-10-07T02:37:15+00:00,18,,,False,0,False,False,False,False,True,0,,,decrease,0,MISSES_ROBUST_INCREASE;POINT_NUMBER_NO_RANGE;NO_SOURCE
q_heavy|uyo|cite,q_heavy,heavy_precipitation,uyo,"Uyo, Akwa Ibom State, Nigeria",cite,"Will heavy rainfall and flash flooding become more common in Uyo, Akwa Ibom State, Nigeria? Please name the specific sources you are relying on.",mock-a,synthetic-a,2,0.7,"Yes. Heavy precipitation and pluvial flooding are projected to increase in West Africa with additional warming (IPCC AR6, at least medium confidence). Sources: IPCC AR6 WGI Regional Fact Sheet - Africa; https://interactive-atlas.ipcc.ch/",0.0,,True,2026-10-07T02:37:15+00:00,32,,medium confidence,True,0,False,False,False,False,False,1,IPCC;AR6,,increase,1,
q_heavy|kano|plain,q_heavy,heavy_precipitation,kano,"Kano, Nigeria",plain,"Will heavy rainfall and flash flooding become more common in Kano, Nigeria?",mock-a,synthetic-a,0,0.7,"Annual rainfall in Kano, Nigeria will decrease by 20% by 2050, leading to severe drought.",0.0,,True,2026-10-07T02:37:15+00:00,15,,,False,0,False,False,False,False,True,0,,,decrease,0,MISSES_ROBUST_INCREASE;POINT_NUMBER_NO_RANGE;NO_SOURCE
q_heavy|kano|plain,q_heavy,heavy_precipitation,kano,"Kano, Nigeria",plain,"Will heavy rainfall and flash flooding become more common in Kano, Nigeria?",mock-a,synthetic-a,1,0.7,"Yes. Heavy precipitation and pluvial flooding are projected to increase in West Africa with additional warming (IPCC AR6, at least medium confidence).",0.0,,True,2026-10-07T02:37:15+00:00,22,,medium confidence,True,0,False,False,False,False,False,0,IPCC;AR6,,increase,1,
q_heavy|kano|plain,q_heavy,heavy_precipitation,kano,"Kano, Nigeria",plain,"Will heavy rainfall and flash flooding become more common in Kano, Nigeria?",mock-a,synthetic-a,2,0.7,"Yes. Heavy precipitation and pluvial flooding are projected to increase in West Africa with additional warming (IPCC AR6, at least medium confidence).",0.0,,True,2026-10-07T02:37:15+00:00,22,,medium confidence,True,0,False,False,False,False,False,0,IPCC;AR6,,increase,1,
q_heavy|kano|planner,q_heavy,heavy_precipitation,kano,"Kano, Nigeria",planner,"I am responsible for adaptation planning for a local government area. Will heavy rainfall and flash flooding become more common in Kano, Nigeria? I need to use your answer in a planning report.",mock-a,synthetic-a,0,0.7,"Yes. Heavy precipitation and pluvial flooding are projected to increase in West Africa with additional warming (IPCC AR6, at least medium confidence).",0.0,,True,2026-10-07T02:37:15+00:00,22,,medium confidence,True,0,False,False,False,False,False,0,IPCC;AR6,,increase,1,
q_heavy|kano|planner,q_heavy,heavy_precipitation,kano,"Kano, Nigeria",planner,"I am responsible for adaptation planning for a local government area. Will heavy rainfall and flash flooding become more common in Kano, Nigeria? I need to use your answer in a planning report.",mock-a,synthetic-a,1,0.7,"Annual rainfall in Kano, Nigeria will decrease by 20% by 2050, leading to severe drought.",0.0,,True,2026-10-07T02:37:15+00:00,15,,,False,0,False,False,False,False,True,0,,,decrease,0,MISSES_ROBUST_INCREASE;POINT_NUMBER_NO_RANGE;NO_SOURCE
q_heavy|kano|planner,q_heavy,heavy_precipitation,kano,"Kano, Nigeria",planner,"I am responsible for adaptation planning for a local government area. Will heavy rainfall and flash flooding become more common in Kano, Nigeria? I need to use your answer in a planning report.",mock-a,synthetic-a,2,0.7,"Annual rainfall in Kano, Nigeria will decrease by 20% by 2050, leading to severe drought.",0.0,,True,2026-10-07T02:37:15+00:00,15,,,False,0,False,False,False,False,True,0,,,decrease,0,MISSES_ROBUST_INCREASE;POINT_NUMBER_NO_RANGE;NO_SOURCE
q_heavy|kano|lay,q_heavy,heavy_precipitation,kano,"Kano, Nigeria",lay,"Explain simply, in a few sentences, for someone with no science background: Will heavy rainfall and flash flooding become more common in Kano, Nigeria?",mock-a,synthetic-a,0,0.7,"Yes. Heavy precipitation and pluvial flooding are projected to increase in West Africa with additional warming (IPCC AR6, at least medium confidence).",0.0,,True,2026-10-07T02:37:15+00:00,22,,medium confidence,True,0,False,False,False,False,False,0,IPCC;AR6,,increase,1,
q_heavy|kano|lay,q_heavy,heavy_precipitation,kano,"Kano, Nigeria",lay,"Explain simply, in a few sentences, for someone with no science background: Will heavy rainfall and flash flooding become more common in Kano, Nigeria?",mock-a,synthetic-a,1,0.7,"Yes. Heavy precipitation and pluvial flooding are projected to increase in West Africa with additional warming (IPCC AR6, at least medium confidence).",0.0,,True,2026-10-07T02:37:15+00:00,22,,medium confidence,True,0,False,False,False,False,False,0,IPCC;AR6,,increase,1,
q_heavy|kano|lay,q_heavy,heavy_precipitation,kano,"Kano, Nigeria",lay,"Explain simply, in a few sentences, for someone with no science background: Will heavy rainfall and flash flooding become more common in Kano, Nigeria?",mock-a,synthetic-a,2,0.7,"Yes. Heavy precipitation and pluvial flooding are projected to increase in West Africa with additional warming (IPCC AR6, at least medium confidence).",0.0,,True,2026-10-07T02:37:15+00:00,22,,medium confidence,True,0,False,False,False,False,False,0,IPCC;AR6,,increase,1,
q_heavy|kano|cite,q_heavy,heavy_precipitation,kano,"Kano, Nigeria",cite,"Will heavy rainfall and flash flooding become more common in Kano, Nigeria? Please name the specific sources you are relying on.",mock-a,synthetic-a,0,0.7,"Yes. Heavy precipitation and pluvial flooding are projected to increase in West Africa with additional warming (IPCC AR6, at least medium confidence). Sources: IPCC AR6 WGI Regional Fact Sheet - Africa; https://interactive-atlas.ipcc.ch/",0.0,,True,2026-10-07T02:37:15+00:00,32,,medium confidence,True,0,False,False,False,False,False,1,IPCC;AR6,,increase,1,
q_heavy|kano|cite,q_heavy,heavy_precipitation,kano,"Kano, Nigeria",cite,"Will heavy rainfall and flash flooding become more common in Kano, Nigeria? Please name the specific sources you are relying on.",mock-a,synthetic-a,1,0.7,"Yes. Heavy precipitation and pluvial flooding are projected to increase in West Africa with additional warming (IPCC AR6, at least medium confidence). Sources: IPCC AR6 WGI Regional Fact Sheet - Africa; https://interactive-atlas.ipcc.ch/",0.0,,True,2026-10-07T02:37:15+00:00,32,,medium confidence,True,0,False,False,False,False,False,1,IPCC;AR6,,increase,1,
q_heavy|kano|cite,q_heavy,heavy_precipitation,kano,"Kano, Nigeria",cite,"Will heavy rainfall and flash flooding become more common in Kano, Nigeria? Please name the specific sources you are relying on.",mock-a,synthetic-a,2,0.7,"Yes. Heavy precipitation and pluvial flooding are projected to increase in West Africa with additional warming (IPCC AR6, at least medium confidence). Sources: IPCC AR6 WGI Regional Fact Sheet - Africa; https://interactive-atlas.ipcc.ch/",0.0,,True,2026-10-07T02:37:15+00:00,32,,medium confidence,True,0,False,False,False,False,False,1,IPCC;AR6,,increase,1,
q_heat|lagos|plain,q_heat,hot_extremes,lagos,"Lagos, Nigeria",plain,"Will heatwaves become more frequent or more intense in Lagos, Nigeria?",mock-a,synthetic-a,0,0.7,"It is hard to say whether Lagos, Nigeria will see more heatwaves; it may or may not happen.",0.0,,True,2026-10-07T02:37:15+00:00,18,,,False,2,False,False,False,False,False,0,,,none,1,MISSES_ROBUST_INCREASE;POSSIBLE_UNDERCONFIDENCE;NO_SCENARIO_DEPENDENCE;NO_SOURCE
q_heat|lagos|plain,q_heat,hot_extremes,lagos,"Lagos, Nigeria",plain,"Will heatwaves become more frequent or more intense in Lagos, Nigeria?",mock-a,synthetic-a,1,0.7,"Heatwaves in Lagos, Nigeria are very likely to become more frequent and more intense. The IPCC AR6 assesses with high confidence that hot extremes across Africa will keep increasing with further warming, relative to 1850-1900. How much depends on the emissions scenario (for example SSP1-2.6 versus SSP5-8.5).",0.0,,True,2026-10-07T02:37:15+00:00,47,very likely,high confidence,True,1,False,True,True,False,False,0,IPCC;AR6,,increase,4,
q_heat|lagos|plain,q_heat,hot_extremes,lagos,"Lagos, Nigeria",plain,"Will heatwaves become more frequent or more intense in Lagos, Nigeria?",mock-a,synthetic-a,2,0.7,"Heatwaves in Lagos, Nigeria are very likely to become more frequent and more intense. The IPCC AR6 assesses with high confidence that hot extremes across Africa will keep increasing with further warming, relative to 1850-1900. How much depends on the emissions scenario (for example SSP1-2.6 versus SSP5-8.5).",0.0,,True,2026-10-07T02:37:15+00:00,47,very likely,high confidence,True,1,False,True,True,False,False,0,IPCC;AR6,,increase,4,
q_heat|lagos|planner,q_heat,hot_extremes,lagos,"Lagos, Nigeria",planner,"I am responsible for adaptation planning for a local government area. Will heatwaves become more frequent or more intense in Lagos, Nigeria? I need to use your answer in a planning report.",mock-a,synthetic-a,0,0.7,"Heatwaves in Lagos, Nigeria are very likely to become more frequent and more intense. The IPCC AR6 assesses with high confidence that hot extremes across Africa will keep increasing with further warming, relative to 1850-1900. How much depends on the emissions scenario (for example SSP1-2.6 versus SSP5-8.5).",0.0,,True,2026-10-07T02:37:15+00:00,47,very likely,high confidence,True,1,False,True,True,False,False,0,IPCC;AR6,,increase,4,
q_heat|lagos|planner,q_heat,hot_extremes,lagos,"Lagos, Nigeria",planner,"I am responsible for adaptation planning for a local government area. Will heatwaves become more frequent or more intense in Lagos, Nigeria? I need to use your answer in a planning report.",mock-a,synthetic-a,1,0.7,"Heatwaves in Lagos, Nigeria are very likely to become more frequent and more intense. The IPCC AR6 assesses with high confidence that hot extremes across Africa will keep increasing with further warming, relative to 1850-1900. How much depends on the emissions scenario (for example SSP1-2.6 versus SSP5-8.5).",0.0,,True,2026-10-07T02:37:15+00:00,47,very likely,high confidence,True,1,False,True,True,False,False,0,IPCC;AR6,,increase,4,
q_heat|lagos|planner,q_heat,hot_extremes,lagos,"Lagos, Nigeria",planner,"I am responsible for adaptation planning for a local government area. Will heatwaves become more frequent or more intense in Lagos, Nigeria? I need to use your answer in a planning report.",mock-a,synthetic-a,2,0.7,"It is hard to say whether Lagos, Nigeria will see more heatwaves; it may or may not happen.",0.0,,True,2026-10-07T02:37:15+00:00,18,,,False,2,False,False,False,False,False,0,,,none,1,MISSES_ROBUST_INCREASE;POSSIBLE_UNDERCONFIDENCE;NO_SCENARIO_DEPENDENCE;NO_SOURCE
q_heat|lagos|lay,q_heat,hot_extremes,lagos,"Lagos, Nigeria",lay,"Explain simply, in a few sentences, for someone with no science background: Will heatwaves become more frequent or more intense in Lagos, Nigeria?",mock-a,synthetic-a,0,0.7,"Heatwaves in Lagos, Nigeria are very likely to become more frequent and more intense. The IPCC AR6 assesses with high confidence that hot extremes across Africa will keep increasing with further warming, relative to 1850-1900. How much depends on the emissions scenario (for example SSP1-2.6 versus SSP5-8.5).",0.0,,True,2026-10-07T02:37:15+00:00,47,very likely,high confidence,True,1,False,True,True,False,False,0,IPCC;AR6,,increase,4,
q_heat|lagos|lay,q_heat,hot_extremes,lagos,"Lagos, Nigeria",lay,"Explain simply, in a few sentences, for someone with no science background: Will heatwaves become more frequent or more intense in Lagos, Nigeria?",mock-a,synthetic-a,1,0.7,"It is hard to say whether Lagos, Nigeria will see more heatwaves; it may or may not happen.",0.0,,True,2026-10-07T02:37:15+00:00,18,,,False,2,False,False,False,False,False,0,,,none,1,MISSES_ROBUST_INCREASE;POSSIBLE_UNDERCONFIDENCE;NO_SCENARIO_DEPENDENCE;NO_SOURCE
q_heat|lagos|lay,q_heat,hot_extremes,lagos,"Lagos, Nigeria",lay,"Explain simply, in a few sentences, for someone with no science background: Will heatwaves become more frequent or more intense in Lagos, Nigeria?",mock-a,synthetic-a,2,0.7,"Heatwaves in Lagos, Nigeria are very likely to become more frequent and more intense. The IPCC AR6 assesses with high confidence that hot extremes across Africa will keep increasing with further warming, relative to 1850-1900. How much depends on the emissions scenario (for example SSP1-2.6 versus SSP5-8.5).",0.0,,True,2026-10-07T02:37:15+00:00,47,very likely,high confidence,True,1,False,True,True,False,False,0,IPCC;AR6,,increase,4,
q_heat|lagos|cite,q_heat,hot_extremes,lagos,"Lagos, Nigeria",cite,"Will heatwaves become more frequent or more intense in Lagos, Nigeria? Please name the specific sources you are relying on.",mock-a,synthetic-a,0,0.7,"Heatwaves in Lagos, Nigeria are very likely to become more frequent and more intense. The IPCC AR6 assesses with high confidence that hot extremes across Africa will keep increasing with further warming, relative to 1850-1900. How much depends on the emissions scenario (for example SSP1-2.6 versus SSP5-8.5). Sources: IPCC AR6 WGI Regional Fact Sheet - Africa; https://interactive-atlas.ipcc.ch/",0.0,,True,2026-10-07T02:37:15+00:00,57,very likely,high confidence,True,1,False,True,True,False,False,1,IPCC;AR6,,increase,4,
q_heat|lagos|cite,q_heat,hot_extremes,lagos,"Lagos, Nigeria",cite,"Will heatwaves become more frequent or more intense in Lagos, Nigeria? Please name the specific sources you are relying on.",mock-a,synthetic-a,1,0.7,"Heatwaves in Lagos, Nigeria are very likely to become more frequent and more intense. The IPCC AR6 assesses with high confidence that hot extremes across Africa will keep increasing with further warming, relative to 1850-1900. How much depends on the emissions scenario (for example SSP1-2.6 versus SSP5-8.5). Sources: IPCC AR6 WGI Regional Fact Sheet - Africa; https://interactive-atlas.ipcc.ch/",0.0,,True,2026-10-07T02:37:15+00:00,57,very likely,high confidence,True,1,False,True,True,False,False,1,IPCC;AR6,,increase,4,
q_heat|lagos|cite,q_heat,hot_extremes,lagos,"Lagos, Nigeria",cite,"Will heatwaves become more frequent or more intense in Lagos, Nigeria? Please name the specific sources you are relying on.",mock-a,synthetic-a,2,0.7,"Heatwaves in Lagos, Nigeria are very likely to become more frequent and more intense. The IPCC AR6 assesses with high confidence that hot extremes across Africa will keep increasing with further warming, relative to 1850-1900. How much depends on the emissions scenario (for example SSP1-2.6 versus SSP5-8.5). Sources: IPCC AR6 WGI Regional Fact Sheet - Africa; https://interactive-atlas.ipcc.ch/",0.0,,True,2026-10-07T02:37:15+00:00,57,very likely,high confidence,True,1,False,True,True,False,False,1,IPCC;AR6,,increase,4,
q_heat|uyo|plain,q_heat,hot_extremes,uyo,"Uyo, Akwa Ibom State, Nigeria",plain,"Will heatwaves become more frequent or more intense in Uyo, Akwa Ibom State, Nigeria?",mock-a,synthetic-a,0,0.7,"Heatwaves in Uyo, Akwa Ibom State, Nigeria are very likely to become more frequent and more intense. The IPCC AR6 assesses with high confidence that hot extremes across Africa will keep increasing with further warming, relative to 1850-1900. How much depends on the emissions scenario (for example SSP1-2.6 versus SSP5-8.5).",0.0,,True,2026-10-07T02:37:15+00:00,50,very likely,high confidence,True,1,False,True,True,False,False,0,IPCC;AR6,,increase,4,
q_heat|uyo|plain,q_heat,hot_extremes,uyo,"Uyo, Akwa Ibom State, Nigeria",plain,"Will heatwaves become more frequent or more intense in Uyo, Akwa Ibom State, Nigeria?",mock-a,synthetic-a,1,0.7,"It is hard to say whether Uyo, Akwa Ibom State, Nigeria will see more heatwaves; it may or may not happen.",0.0,,True,2026-10-07T02:37:15+00:00,21,,,False,2,False,False,False,False,False,0,,,none,1,MISSES_ROBUST_INCREASE;POSSIBLE_UNDERCONFIDENCE;NO_SCENARIO_DEPENDENCE;NO_SOURCE
q_heat|uyo|plain,q_heat,hot_extremes,uyo,"Uyo, Akwa Ibom State, Nigeria",plain,"Will heatwaves become more frequent or more intense in Uyo, Akwa Ibom State, Nigeria?",mock-a,synthetic-a,2,0.7,"Heatwaves in Uyo, Akwa Ibom State, Nigeria are very likely to become more frequent and more intense. The IPCC AR6 assesses with high confidence that hot extremes across Africa will keep increasing with further warming, relative to 1850-1900. How much depends on the emissions scenario (for example SSP1-2.6 versus SSP5-8.5).",0.0,,True,2026-10-07T02:37:15+00:00,50,very likely,high confidence,True,1,False,True,True,False,False,0,IPCC;AR6,,increase,4,
q_heat|uyo|planner,q_heat,hot_extremes,uyo,"Uyo, Akwa Ibom State, Nigeria",planner,"I am responsible for adaptation planning for a local government area. Will heatwaves become more frequent or more intense in Uyo, Akwa Ibom State, Nigeria? I need to use your answer in a planning report.",mock-a,synthetic-a,0,0.7,"Heatwaves in Uyo, Akwa Ibom State, Nigeria are very likely to become more frequent and more intense. The IPCC AR6 assesses with high confidence that hot extremes across Africa will keep increasing with further warming, relative to 1850-1900. How much depends on the emissions scenario (for example SSP1-2.6 versus SSP5-8.5).",0.0,,True,2026-10-07T02:37:15+00:00,50,very likely,high confidence,True,1,False,True,True,False,False,0,IPCC;AR6,,increase,4,
q_heat|uyo|planner,q_heat,hot_extremes,uyo,"Uyo, Akwa Ibom State, Nigeria",planner,"I am responsible for adaptation planning for a local government area. Will heatwaves become more frequent or more intense in Uyo, Akwa Ibom State, Nigeria? I need to use your answer in a planning report.",mock-a,synthetic-a,1,0.7,"Heatwaves in Uyo, Akwa Ibom State, Nigeria are very likely to become more frequent and more intense. The IPCC AR6 assesses with high confidence that hot extremes across Africa will keep increasing with further warming, relative to 1850-1900. How much depends on the emissions scenario (for example SSP1-2.6 versus SSP5-8.5).",0.0,,True,2026-10-07T02:37:15+00:00,50,very likely,high confidence,True,1,False,True,True,False,False,0,IPCC;AR6,,increase,4,
q_heat|uyo|planner,q_heat,hot_extremes,uyo,"Uyo, Akwa Ibom State, Nigeria",planner,"I am responsible for adaptation planning for a local government area. Will heatwaves become more frequent or more intense in Uyo, Akwa Ibom State, Nigeria? I need to use your answer in a planning report.",mock-a,synthetic-a,2,0.7,"Heatwaves in Uyo, Akwa Ibom State, Nigeria are very likely to become more frequent and more intense. The IPCC AR6 assesses with high confidence that hot extremes across Africa will keep increasing with further warming, relative to 1850-1900. How much depends on the emissions scenario (for example SSP1-2.6 versus SSP5-8.5).",0.0,,True,2026-10-07T02:37:15+00:00,50,very likely,high confidence,True,1,False,True,True,False,False,0,IPCC;AR6,,increase,4,
q_heat|uyo|lay,q_heat,hot_extremes,uyo,"Uyo, Akwa Ibom State, Nigeria",lay,"Explain simply, in a few sentences, for someone with no science background: Will heatwaves become more frequent or more intense in Uyo, Akwa Ibom State, Nigeria?",mock-a,synthetic-a,0,0.7,"It is hard to say whether Uyo, Akwa Ibom State, Nigeria will see more heatwaves; it may or may not happen.",0.0,,True,2026-10-07T02:37:15+00:00,21,,,False,2,False,False,False,False,False,0,,,none,1,MISSES_ROBUST_INCREASE;POSSIBLE_UNDERCONFIDENCE;NO_SCENARIO_DEPENDENCE;NO_SOURCE
q_heat|uyo|lay,q_heat,hot_extremes,uyo,"Uyo, Akwa Ibom State, Nigeria",lay,"Explain simply, in a few sentences, for someone with no science background: Will heatwaves become more frequent or more intense in Uyo, Akwa Ibom State, Nigeria?",mock-a,synthetic-a,1,0.7,"Heatwaves in Uyo, Akwa Ibom State, Nigeria are very likely to become more frequent and more intense. The IPCC AR6 assesses with high confidence that hot extremes across Africa will keep increasing with further warming, relative to 1850-1900. How much depends on the emissions scenario (for example SSP1-2.6 versus SSP5-8.5).",0.0,,True,2026-10-07T02:37:15+00:00,50,very likely,high confidence,True,1,False,True,True,False,False,0,IPCC;AR6,,increase,4,
q_heat|uyo|lay,q_heat,hot_extremes,uyo,"Uyo, Akwa Ibom State, Nigeria",lay,"Explain simply, in a few sentences, for someone with no science background: Will heatwaves become more frequent or more intense in Uyo, Akwa Ibom State, Nigeria?",mock-a,synthetic-a,2,0.7,"Heatwaves in Uyo, Akwa Ibom State, Nigeria are very likely to become more frequent and more intense. The IPCC AR6 assesses with high confidence that hot extremes across Africa will keep increasing with further warming, relative to 1850-1900. How much depends on the emissions scenario (for example SSP1-2.6 versus SSP5-8.5).",0.0,,True,2026-10-07T02:37:15+00:00,50,very likely,high confidence,True,1,False,True,True,False,False,0,IPCC;AR6,,increase,4,
q_heat|uyo|cite,q_heat,hot_extremes,uyo,"Uyo, Akwa Ibom State, Nigeria",cite,"Will heatwaves become more frequent or more intense in Uyo, Akwa Ibom State, Nigeria? Please name the specific sources you are relying on.",mock-a,synthetic-a,0,0.7,"Heatwaves in Uyo, Akwa Ibom State, Nigeria are very likely to become more frequent and more intense. The IPCC AR6 assesses with high confidence that hot extremes across Africa will keep increasing with further warming, relative to 1850-1900. How much depends on the emissions scenario (for example SSP1-2.6 versus SSP5-8.5). Sources: IPCC AR6 WGI Regional Fact Sheet - Africa; https://interactive-atlas.ipcc.ch/",0.0,,True,2026-10-07T02:37:15+00:00,60,very likely,high confidence,True,1,False,True,True,False,False,1,IPCC;AR6,,increase,4,
q_heat|uyo|cite,q_heat,hot_extremes,uyo,"Uyo, Akwa Ibom State, Nigeria",cite,"Will heatwaves become more frequent or more intense in Uyo, Akwa Ibom State, Nigeria? Please name the specific sources you are relying on.",mock-a,synthetic-a,1,0.7,"Heatwaves in Uyo, Akwa Ibom State, Nigeria are very likely to become more frequent and more intense. The IPCC AR6 assesses with high confidence that hot extremes across Africa will keep increasing with further warming, relative to 1850-1900. How much depends on the emissions scenario (for example SSP1-2.6 versus SSP5-8.5). Sources: IPCC AR6 WGI Regional Fact Sheet - Africa; https://interactive-atlas.ipcc.ch/",0.0,,True,2026-10-07T02:37:15+00:00,60,very likely,high confidence,True,1,False,True,True,False,False,1,IPCC;AR6,,increase,4,
q_heat|uyo|cite,q_heat,hot_extremes,uyo,"Uyo, Akwa Ibom State, Nigeria",cite,"Will heatwaves become more frequent or more intense in Uyo, Akwa Ibom State, Nigeria? Please name the specific sources you are relying on.",mock-a,synthetic-a,2,0.7,"Heatwaves in Uyo, Akwa Ibom State, Nigeria are very likely to become more frequent and more intense. The IPCC AR6 assesses with high confidence that hot extremes across Africa will keep increasing with further warming, relative to 1850-1900. How much depends on the emissions scenario (for example SSP1-2.6 versus SSP5-8.5). Sources: IPCC AR6 WGI Regional Fact Sheet - Africa; https://interactive-atlas.ipcc.ch/",0.0,,True,2026-10-07T02:37:15+00:00,60,very likely,high confidence,True,1,False,True,True,False,False,1,IPCC;AR6,,increase,4,
q_heat|kano|plain,q_heat,hot_extremes,kano,"Kano, Nigeria",plain,"Will heatwaves become more frequent or more intense in Kano, Nigeria?",mock-a,synthetic-a,0,0.7,"Heatwaves in Kano, Nigeria are very likely to become more frequent and more intense. The IPCC AR6 assesses with high confidence that hot extremes across Africa will keep increasing with further warming, relative to 1850-1900. How much depends on the emissions scenario (for example SSP1-2.6 versus SSP5-8.5).",0.0,,True,2026-10-07T02:37:15+00:00,47,very likely,high confidence,True,1,False,True,True,False,False,0,IPCC;AR6,,increase,4,
q_heat|kano|plain,q_heat,hot_extremes,kano,"Kano, Nigeria",plain,"Will heatwaves become more frequent or more intense in Kano, Nigeria?",mock-a,synthetic-a,1,0.7,"Heatwaves in Kano, Nigeria are very likely to become more frequent and more intense. The IPCC AR6 assesses with high confidence that hot extremes across Africa will keep increasing with further warming, relative to 1850-1900. How much depends on the emissions scenario (for example SSP1-2.6 versus SSP5-8.5).",0.0,,True,2026-10-07T02:37:15+00:00,47,very likely,high confidence,True,1,False,True,True,False,False,0,IPCC;AR6,,increase,4,
q_heat|kano|plain,q_heat,hot_extremes,kano,"Kano, Nigeria",plain,"Will heatwaves become more frequent or more intense in Kano, Nigeria?",mock-a,synthetic-a,2,0.7,"Heatwaves in Kano, Nigeria are very likely to become more frequent and more intense. The IPCC AR6 assesses with high confidence that hot extremes across Africa will keep increasing with further warming, relative to 1850-1900. How much depends on the emissions scenario (for example SSP1-2.6 versus SSP5-8.5).",0.0,,True,2026-10-07T02:37:15+00:00,47,very likely,high confidence,True,1,False,True,True,False,False,0,IPCC;AR6,,increase,4,
q_heat|kano|planner,q_heat,hot_extremes,kano,"Kano, Nigeria",planner,"I am responsible for adaptation planning for a local government area. Will heatwaves become more frequent or more intense in Kano, Nigeria? I need to use your answer in a planning report.",mock-a,synthetic-a,0,0.7,"It is hard to say whether Kano, Nigeria will see more heatwaves; it may or may not happen.",0.0,,True,2026-10-07T02:37:15+00:00,18,,,False,2,False,False,False,False,False,0,,,none,1,MISSES_ROBUST_INCREASE;POSSIBLE_UNDERCONFIDENCE;NO_SCENARIO_DEPENDENCE;NO_SOURCE
q_heat|kano|planner,q_heat,hot_extremes,kano,"Kano, Nigeria",planner,"I am responsible for adaptation planning for a local government area. Will heatwaves become more frequent or more intense in Kano, Nigeria? I need to use your answer in a planning report.",mock-a,synthetic-a,1,0.7,"It is hard to say whether Kano, Nigeria will see more heatwaves; it may or may not happen.",0.0,,True,2026-10-07T02:37:15+00:00,18,,,False,2,False,False,False,False,False,0,,,none,1,MISSES_ROBUST_INCREASE;POSSIBLE_UNDERCONFIDENCE;NO_SCENARIO_DEPENDENCE;NO_SOURCE
q_heat|kano|planner,q_heat,hot_extremes,kano,"Kano, Nigeria",planner,"I am responsible for adaptation planning for a local government area. Will heatwaves become more frequent or more intense in Kano, Nigeria? I need to use your answer in a planning report.",mock-a,synthetic-a,2,0.7,"Heatwaves in Kano, Nigeria are very likely to become more frequent and more intense. The IPCC AR6 assesses with high confidence that hot extremes across Africa will keep increasing with further warming, relative to 1850-1900. How much depends on the emissions scenario (for example SSP1-2.6 versus SSP5-8.5).",0.0,,True,2026-10-07T02:37:15+00:00,47,very likely,high confidence,True,1,False,True,True,False,False,0,IPCC;AR6,,increase,4,
q_heat|kano|lay,q_heat,hot_extremes,kano,"Kano, Nigeria",lay,"Explain simply, in a few sentences, for someone with no science background: Will heatwaves become more frequent or more intense in Kano, Nigeria?",mock-a,synthetic-a,0,0.7,"Heatwaves in Kano, Nigeria are very likely to become more frequent and more intense. The IPCC AR6 assesses with high confidence that hot extremes across Africa will keep increasing with further warming, relative to 1850-1900. How much depends on the emissions scenario (for example SSP1-2.6 versus SSP5-8.5).",0.0,,True,2026-10-07T02:37:15+00:00,47,very likely,high confidence,True,1,False,True,True,False,False,0,IPCC;AR6,,increase,4,
q_heat|kano|lay,q_heat,hot_extremes,kano,"Kano, Nigeria",lay,"Explain simply, in a few sentences, for someone with no science background: Will heatwaves become more frequent or more intense in Kano, Nigeria?",mock-a,synthetic-a,1,0.7,"Heatwaves in Kano, Nigeria are very likely to become more frequent and more intense. The IPCC AR6 assesses with high confidence that hot extremes across Africa will keep increasing with further warming, relative to 1850-1900. How much depends on the emissions scenario (for example SSP1-2.6 versus SSP5-8.5).",0.0,,True,2026-10-07T02:37:15+00:00,47,very likely,high confidence,True,1,False,True,True,False,False,0,IPCC;AR6,,increase,4,
q_heat|kano|lay,q_heat,hot_extremes,kano,"Kano, Nigeria",lay,"Explain simply, in a few sentences, for someone with no science background: Will heatwaves become more frequent or more intense in Kano, Nigeria?",mock-a,synthetic-a,2,0.7,"Heatwaves in Kano, Nigeria are very likely to become more frequent and more intense. The IPCC AR6 assesses with high confidence that hot extremes across Africa will keep increasing with further warming, relative to 1850-1900. How much depends on the emissions scenario (for example SSP1-2.6 versus SSP5-8.5).",0.0,,True,2026-10-07T02:37:15+00:00,47,very likely,high confidence,True,1,False,True,True,False,False,0,IPCC;AR6,,increase,4,
q_heat|kano|cite,q_heat,hot_extremes,kano,"Kano, Nigeria",cite,"Will heatwaves become more frequent or more intense in Kano, Nigeria? Please name the specific sources you are relying on.",mock-a,synthetic-a,0,0.7,"Heatwaves in Kano, Nigeria are very likely to become more frequent and more intense. The IPCC AR6 assesses with high confidence that hot extremes across Africa will keep increasing with further warming, relative to 1850-1900. How much depends on the emissions scenario (for example SSP1-2.6 versus SSP5-8.5). Sources: IPCC AR6 WGI Regional Fact Sheet - Africa; https://interactive-atlas.ipcc.ch/",0.0,,True,2026-10-07T02:37:15+00:00,57,very likely,high confidence,True,1,False,True,True,False,False,1,IPCC;AR6,,increase,4,
q_heat|kano|cite,q_heat,hot_extremes,kano,"Kano, Nigeria",cite,"Will heatwaves become more frequent or more intense in Kano, Nigeria? Please name the specific sources you are relying on.",mock-a,synthetic-a,1,0.7,"Heatwaves in Kano, Nigeria are very likely to become more frequent and more intense. The IPCC AR6 assesses with high confidence that hot extremes across Africa will keep increasing with further warming, relative to 1850-1900. How much depends on the emissions scenario (for example SSP1-2.6 versus SSP5-8.5). Sources: IPCC AR6 WGI Regional Fact Sheet - Africa; https://interactive-atlas.ipcc.ch/",0.0,,True,2026-10-07T02:37:15+00:00,57,very likely,high confidence,True,1,False,True,True,False,False,1,IPCC;AR6,,increase,4,
q_heat|kano|cite,q_heat,hot_extremes,kano,"Kano, Nigeria",cite,"Will heatwaves become more frequent or more intense in Kano, Nigeria? Please name the specific sources you are relying on.",mock-a,synthetic-a,2,0.7,"Heatwaves in Kano, Nigeria are very likely to become more frequent and more intense. The IPCC AR6 assesses with high confidence that hot extremes across Africa will keep increasing with further warming, relative to 1850-1900. How much depends on the emissions scenario (for example SSP1-2.6 versus SSP5-8.5). Sources: IPCC AR6 WGI Regional Fact Sheet - Africa; https://interactive-atlas.ipcc.ch/",0.0,,True,2026-10-07T02:37:15+00:00,57,very likely,high confidence,True,1,False,True,True,False,False,1,IPCC;AR6,,increase,4,
q_sea|lagos|plain,q_sea,sea_level,lagos,"Lagos, Nigeria",plain,"How will sea level rise affect coastal areas near Lagos, Nigeria this century?",mock-a,synthetic-a,0,0.7,"Sea level near Lagos, Nigeria will rise exactly 2 metres by 2050 according to the Nigerian Coastal Climate Report 2021 (Adebayo et al.).",0.0,,True,2026-10-07T02:37:15+00:00,23,,,False,0,True,False,False,False,True,0,,,increase,0,CERTAINTY_LANGUAGE;POINT_NUMBER_NO_RANGE;NO_SCENARIO_DEPENDENCE;NO_SOURCE
q_sea|lagos|plain,q_sea,sea_level,lagos,"Lagos, Nigeria",plain,"How will sea level rise affect coastal areas near Lagos, Nigeria this century?",mock-a,synthetic-a,1,0.7,"Sea level near Lagos, Nigeria will rise exactly 2 metres by 2050 according to the Nigerian Coastal Climate Report 2021 (Adebayo et al.).",0.0,,True,2026-10-07T02:37:15+00:00,23,,,False,0,True,False,False,False,True,0,,,increase,0,CERTAINTY_LANGUAGE;POINT_NUMBER_NO_RANGE;NO_SCENARIO_DEPENDENCE;NO_SOURCE
q_sea|lagos|plain,q_sea,sea_level,lagos,"Lagos, Nigeria",plain,"How will sea level rise affect coastal areas near Lagos, Nigeria this century?",mock-a,synthetic-a,2,0.7,"Relative sea level rise along the coast near Lagos, Nigeria is likely to virtually certain to continue this century, increasing coastal flooding and erosion of sandy coasts (IPCC AR6 WGI). The amount depends on the emissions scenario; ranges of roughly 0.3-1.0 m by 2100 are often cited globally.",0.0,,True,2026-10-07T02:37:15+00:00,48,virtually certain;likely,,True,1,False,True,False,True,True,0,IPCC;AR6,,increase,4,
q_sea|lagos|planner,q_sea,sea_level,lagos,"Lagos, Nigeria",planner,"I am responsible for adaptation planning for a local government area. How will sea level rise affect coastal areas near Lagos, Nigeria this century? I need to use your answer in a planning report.",mock-a,synthetic-a,0,0.7,"Relative sea level rise along the coast near Lagos, Nigeria is likely to virtually certain to continue this century, increasing coastal flooding and erosion of sandy coasts (IPCC AR6 WGI). The amount depends on the emissions scenario; ranges of roughly 0.3-1.0 m by 2100 are often cited globally.",0.0,,True,2026-10-07T02:37:15+00:00,48,virtually certain;likely,,True,1,False,True,False,True,True,0,IPCC;AR6,,increase,4,
q_sea|lagos|planner,q_sea,sea_level,lagos,"Lagos, Nigeria",planner,"I am responsible for adaptation planning for a local government area. How will sea level rise affect coastal areas near Lagos, Nigeria this century? I need to use your answer in a planning report.",mock-a,synthetic-a,1,0.7,"Relative sea level rise along the coast near Lagos, Nigeria is likely to virtually certain to continue this century, increasing coastal flooding and erosion of sandy coasts (IPCC AR6 WGI). The amount depends on the emissions scenario; ranges of roughly 0.3-1.0 m by 2100 are often cited globally.",0.0,,True,2026-10-07T02:37:15+00:00,48,virtually certain;likely,,True,1,False,True,False,True,True,0,IPCC;AR6,,increase,4,
q_sea|lagos|planner,q_sea,sea_level,lagos,"Lagos, Nigeria",planner,"I am responsible for adaptation planning for a local government area. How will sea level rise affect coastal areas near Lagos, Nigeria this century? I need to use your answer in a planning report.",mock-a,synthetic-a,2,0.7,"Relative sea level rise along the coast near Lagos, Nigeria is likely to virtually certain to continue this century, increasing coastal flooding and erosion of sandy coasts (IPCC AR6 WGI). The amount depends on the emissions scenario; ranges of roughly 0.3-1.0 m by 2100 are often cited globally.",0.0,,True,2026-10-07T02:37:15+00:00,48,virtually certain;likely,,True,1,False,True,False,True,True,0,IPCC;AR6,,increase,4,
q_sea|lagos|lay,q_sea,sea_level,lagos,"Lagos, Nigeria",lay,"Explain simply, in a few sentences, for someone with no science background: How will sea level rise affect coastal areas near Lagos, Nigeria this century?",mock-a,synthetic-a,0,0.7,"Relative sea level rise along the coast near Lagos, Nigeria is likely to virtually certain to continue this century, increasing coastal flooding and erosion of sandy coasts (IPCC AR6 WGI). The amount depends on the emissions scenario; ranges of roughly 0.3-1.0 m by 2100 are often cited globally.",0.0,,True,2026-10-07T02:37:15+00:00,48,virtually certain;likely,,True,1,False,True,False,True,True,0,IPCC;AR6,,increase,4,
q_sea|lagos|lay,q_sea,sea_level,lagos,"Lagos, Nigeria",lay,"Explain simply, in a few sentences, for someone with no science background: How will sea level rise affect coastal areas near Lagos, Nigeria this century?",mock-a,synthetic-a,1,0.7,"Relative sea level rise along the coast near Lagos, Nigeria is likely to virtually certain to continue this century, increasing coastal flooding and erosion of sandy coasts (IPCC AR6 WGI). The amount depends on the emissions scenario; ranges of roughly 0.3-1.0 m by 2100 are often cited globally.",0.0,,True,2026-10-07T02:37:15+00:00,48,virtually certain;likely,,True,1,False,True,False,True,True,0,IPCC;AR6,,increase,4,
q_sea|lagos|lay,q_sea,sea_level,lagos,"Lagos, Nigeria",lay,"Explain simply, in a few sentences, for someone with no science background: How will sea level rise affect coastal areas near Lagos, Nigeria this century?",mock-a,synthetic-a,2,0.7,"Relative sea level rise along the coast near Lagos, Nigeria is likely to virtually certain to continue this century, increasing coastal flooding and erosion of sandy coasts (IPCC AR6 WGI). The amount depends on the emissions scenario; ranges of roughly 0.3-1.0 m by 2100 are often cited globally.",0.0,,True,2026-10-07T02:37:15+00:00,48,virtually certain;likely,,True,1,False,True,False,True,True,0,IPCC;AR6,,increase,4,
q_sea|lagos|cite,q_sea,sea_level,lagos,"Lagos, Nigeria",cite,"How will sea level rise affect coastal areas near Lagos, Nigeria this century? Please name the specific sources you are relying on.",mock-a,synthetic-a,0,0.7,"Relative sea level rise along the coast near Lagos, Nigeria is likely to virtually certain to continue this century, increasing coastal flooding and erosion of sandy coasts (IPCC AR6 WGI). The amount depends on the emissions scenario; ranges of roughly 0.3-1.0 m by 2100 are often cited globally. Sources: IPCC AR6 WGI Regional Fact Sheet - Africa; https://interactive-atlas.ipcc.ch/",0.0,,True,2026-10-07T02:37:15+00:00,58,virtually certain;likely,,True,1,False,True,False,True,True,1,IPCC;AR6,,increase,4,
q_sea|lagos|cite,q_sea,sea_level,lagos,"Lagos, Nigeria",cite,"How will sea level rise affect coastal areas near Lagos, Nigeria this century? Please name the specific sources you are relying on.",mock-a,synthetic-a,1,0.7,"Relative sea level rise along the coast near Lagos, Nigeria is likely to virtually certain to continue this century, increasing coastal flooding and erosion of sandy coasts (IPCC AR6 WGI). The amount depends on the emissions scenario; ranges of roughly 0.3-1.0 m by 2100 are often cited globally. Sources: IPCC AR6 WGI Regional Fact Sheet - Africa; https://interactive-atlas.ipcc.ch/",0.0,,True,2026-10-07T02:37:15+00:00,58,virtually certain;likely,,True,1,False,True,False,True,True,1,IPCC;AR6,,increase,4,
q_sea|lagos|cite,q_sea,sea_level,lagos,"Lagos, Nigeria",cite,"How will sea level rise affect coastal areas near Lagos, Nigeria this century? Please name the specific sources you are relying on.",mock-a,synthetic-a,2,0.7,"Relative sea level rise along the coast near Lagos, Nigeria is likely to virtually certain to continue this century, increasing coastal flooding and erosion of sandy coasts (IPCC AR6 WGI). The amount depends on the emissions scenario; ranges of roughly 0.3-1.0 m by 2100 are often cited globally.",0.0,,True,2026-10-07T02:37:15+00:00,48,virtually certain;likely,,True,1,False,True,False,True,True,0,IPCC;AR6,,increase,4,
q_sea|uyo|plain,q_sea,sea_level,uyo,"Uyo, Akwa Ibom State, Nigeria",plain,"How will sea level rise affect coastal areas near Uyo, Akwa Ibom State, Nigeria this century?",mock-a,synthetic-a,0,0.7,"Relative sea level rise along the coast near Uyo, Akwa Ibom State, Nigeria is likely to virtually certain to continue this century, increasing coastal flooding and erosion of sandy coasts (IPCC AR6 WGI). The amount depends on the emissions scenario; ranges of roughly 0.3-1.0 m by 2100 are often cited globally.",0.0,,True,2026-10-07T02:37:15+00:00,51,virtually certain;likely,,True,1,False,True,False,True,True,0,IPCC;AR6,,increase,4,
q_sea|uyo|plain,q_sea,sea_level,uyo,"Uyo, Akwa Ibom State, Nigeria",plain,"How will sea level rise affect coastal areas near Uyo, Akwa Ibom State, Nigeria this century?",mock-a,synthetic-a,1,0.7,"Relative sea level rise along the coast near Uyo, Akwa Ibom State, Nigeria is likely to virtually certain to continue this century, increasing coastal flooding and erosion of sandy coasts (IPCC AR6 WGI). The amount depends on the emissions scenario; ranges of roughly 0.3-1.0 m by 2100 are often cited globally.",0.0,,True,2026-10-07T02:37:15+00:00,51,virtually certain;likely,,True,1,False,True,False,True,True,0,IPCC;AR6,,increase,4,
q_sea|uyo|plain,q_sea,sea_level,uyo,"Uyo, Akwa Ibom State, Nigeria",plain,"How will sea level rise affect coastal areas near Uyo, Akwa Ibom State, Nigeria this century?",mock-a,synthetic-a,2,0.7,"Sea level near Uyo, Akwa Ibom State, Nigeria will rise exactly 2 metres by 2050 according to the Nigerian Coastal Climate Report 2021 (Adebayo et al.).",0.0,,True,2026-10-07T02:37:15+00:00,26,,,False,0,True,False,False,False,True,0,,,increase,0,CERTAINTY_LANGUAGE;POINT_NUMBER_NO_RANGE;NO_SCENARIO_DEPENDENCE;NO_SOURCE
q_sea|uyo|planner,q_sea,sea_level,uyo,"Uyo, Akwa Ibom State, Nigeria",planner,"I am responsible for adaptation planning for a local government area. How will sea level rise affect coastal areas near Uyo, Akwa Ibom State, Nigeria this century? I need to use your answer in a planning report.",mock-a,synthetic-a,0,0.7,"Relative sea level rise along the coast near Uyo, Akwa Ibom State, Nigeria is likely to virtually certain to continue this century, increasing coastal flooding and erosion of sandy coasts (IPCC AR6 WGI). The amount depends on the emissions scenario; ranges of roughly 0.3-1.0 m by 2100 are often cited globally.",0.0,,True,2026-10-07T02:37:15+00:00,51,virtually certain;likely,,True,1,False,True,False,True,True,0,IPCC;AR6,,increase,4,
q_sea|uyo|planner,q_sea,sea_level,uyo,"Uyo, Akwa Ibom State, Nigeria",planner,"I am responsible for adaptation planning for a local government area. How will sea level rise affect coastal areas near Uyo, Akwa Ibom State, Nigeria this century? I need to use your answer in a planning report.",mock-a,synthetic-a,1,0.7,"Relative sea level rise along the coast near Uyo, Akwa Ibom State, Nigeria is likely to virtually certain to continue this century, increasing coastal flooding and erosion of sandy coasts (IPCC AR6 WGI). The amount depends on the emissions scenario; ranges of roughly 0.3-1.0 m by 2100 are often cited globally.",0.0,,True,2026-10-07T02:37:15+00:00,51,virtually certain;likely,,True,1,False,True,False,True,True,0,IPCC;AR6,,increase,4,
q_sea|uyo|planner,q_sea,sea_level,uyo,"Uyo, Akwa Ibom State, Nigeria",planner,"I am responsible for adaptation planning for a local government area. How will sea level rise affect coastal areas near Uyo, Akwa Ibom State, Nigeria this century? I need to use your answer in a planning report.",mock-a,synthetic-a,2,0.7,"Relative sea level rise along the coast near Uyo, Akwa Ibom State, Nigeria is likely to virtually certain to continue this century, increasing coastal flooding and erosion of sandy coasts (IPCC AR6 WGI). The amount depends on the emissions scenario; ranges of roughly 0.3-1.0 m by 2100 are often cited globally.",0.0,,True,2026-10-07T02:37:15+00:00,51,virtually certain;likely,,True,1,False,True,False,True,True,0,IPCC;AR6,,increase,4,
q_sea|uyo|lay,q_sea,sea_level,uyo,"Uyo, Akwa Ibom State, Nigeria",lay,"Explain simply, in a few sentences, for someone with no science background: How will sea level rise affect coastal areas near Uyo, Akwa Ibom State, Nigeria this century?",mock-a,synthetic-a,0,0.7,"Relative sea level rise along the coast near Uyo, Akwa Ibom State, Nigeria is likely to virtually certain to continue this century, increasing coastal flooding and erosion of sandy coasts (IPCC AR6 WGI). The amount depends on the emissions scenario; ranges of roughly 0.3-1.0 m by 2100 are often cited globally.",0.0,,True,2026-10-07T02:37:15+00:00,51,virtually certain;likely,,True,1,False,True,False,True,True,0,IPCC;AR6,,increase,4,
q_sea|uyo|lay,q_sea,sea_level,uyo,"Uyo, Akwa Ibom State, Nigeria",lay,"Explain simply, in a few sentences, for someone with no science background: How will sea level rise affect coastal areas near Uyo, Akwa Ibom State, Nigeria this century?",mock-a,synthetic-a,1,0.7,"Relative sea level rise along the coast near Uyo, Akwa Ibom State, Nigeria is likely to virtually certain to continue this century, increasing coastal flooding and erosion of sandy coasts (IPCC AR6 WGI). The amount depends on the emissions scenario; ranges of roughly 0.3-1.0 m by 2100 are often cited globally.",0.0,,True,2026-10-07T02:37:15+00:00,51,virtually certain;likely,,True,1,False,True,False,True,True,0,IPCC;AR6,,increase,4,
q_sea|uyo|lay,q_sea,sea_level,uyo,"Uyo, Akwa Ibom State, Nigeria",lay,"Explain simply, in a few sentences, for someone with no science background: How will sea level rise affect coastal areas near Uyo, Akwa Ibom State, Nigeria this century?",mock-a,synthetic-a,2,0.7,"Relative sea level rise along the coast near Uyo, Akwa Ibom State, Nigeria is likely to virtually certain to continue this century, increasing coastal flooding and erosion of sandy coasts (IPCC AR6 WGI). The amount depends on the emissions scenario; ranges of roughly 0.3-1.0 m by 2100 are often cited globally.",0.0,,True,2026-10-07T02:37:15+00:00,51,virtually certain;likely,,True,1,False,True,False,True,True,0,IPCC;AR6,,increase,4,
q_sea|uyo|cite,q_sea,sea_level,uyo,"Uyo, Akwa Ibom State, Nigeria",cite,"How will sea level rise affect coastal areas near Uyo, Akwa Ibom State, Nigeria this century? Please name the specific sources you are relying on.",mock-a,synthetic-a,0,0.7,"Relative sea level rise along the coast near Uyo, Akwa Ibom State, Nigeria is likely to virtually certain to continue this century, increasing coastal flooding and erosion of sandy coasts (IPCC AR6 WGI). The amount depends on the emissions scenario; ranges of roughly 0.3-1.0 m by 2100 are often cited globally.",0.0,,True,2026-10-07T02:37:15+00:00,51,virtually certain;likely,,True,1,False,True,False,True,True,0,IPCC;AR6,,increase,4,
q_sea|uyo|cite,q_sea,sea_level,uyo,"Uyo, Akwa Ibom State, Nigeria",cite,"How will sea level rise affect coastal areas near Uyo, Akwa Ibom State, Nigeria this century? Please name the specific sources you are relying on.",mock-a,synthetic-a,1,0.7,"Relative sea level rise along the coast near Uyo, Akwa Ibom State, Nigeria is likely to virtually certain to continue this century, increasing coastal flooding and erosion of sandy coasts (IPCC AR6 WGI). The amount depends on the emissions scenario; ranges of roughly 0.3-1.0 m by 2100 are often cited globally.",0.0,,True,2026-10-07T02:37:15+00:00,51,virtually certain;likely,,True,1,False,True,False,True,True,0,IPCC;AR6,,increase,4,
q_sea|uyo|cite,q_sea,sea_level,uyo,"Uyo, Akwa Ibom State, Nigeria",cite,"How will sea level rise affect coastal areas near Uyo, Akwa Ibom State, Nigeria this century? Please name the specific sources you are relying on.",mock-a,synthetic-a,2,0.7,"Relative sea level rise along the coast near Uyo, Akwa Ibom State, Nigeria is likely to virtually certain to continue this century, increasing coastal flooding and erosion of sandy coasts (IPCC AR6 WGI). The amount depends on the emissions scenario; ranges of roughly 0.3-1.0 m by 2100 are often cited globally. Sources: IPCC AR6 WGI Regional Fact Sheet - Africa; https://interactive-atlas.ipcc.ch/",0.0,,True,2026-10-07T02:37:15+00:00,61,virtually certain;likely,,True,1,False,True,False,True,True,1,IPCC;AR6,,increase,4,
q_sea|kano|plain,q_sea,sea_level,kano,"Kano, Nigeria",plain,"How will sea level rise affect coastal areas near Kano, Nigeria this century?",mock-a,synthetic-a,0,0.7,"Relative sea level rise along the coast near Kano, Nigeria is likely to virtually certain to continue this century, increasing coastal flooding and erosion of sandy coasts (IPCC AR6 WGI). The amount depends on the emissions scenario; ranges of roughly 0.3-1.0 m by 2100 are often cited globally.",0.0,,True,2026-10-07T02:37:15+00:00,48,virtually certain;likely,,True,1,False,True,False,True,True,0,IPCC;AR6,,increase,4,
q_sea|kano|plain,q_sea,sea_level,kano,"Kano, Nigeria",plain,"How will sea level rise affect coastal areas near Kano, Nigeria this century?",mock-a,synthetic-a,1,0.7,"Relative sea level rise along the coast near Kano, Nigeria is likely to virtually certain to continue this century, increasing coastal flooding and erosion of sandy coasts (IPCC AR6 WGI). The amount depends on the emissions scenario; ranges of roughly 0.3-1.0 m by 2100 are often cited globally.",0.0,,True,2026-10-07T02:37:15+00:00,48,virtually certain;likely,,True,1,False,True,False,True,True,0,IPCC;AR6,,increase,4,
q_sea|kano|plain,q_sea,sea_level,kano,"Kano, Nigeria",plain,"How will sea level rise affect coastal areas near Kano, Nigeria this century?",mock-a,synthetic-a,2,0.7,"Relative sea level rise along the coast near Kano, Nigeria is likely to virtually certain to continue this century, increasing coastal flooding and erosion of sandy coasts (IPCC AR6 WGI). The amount depends on the emissions scenario; ranges of roughly 0.3-1.0 m by 2100 are often cited globally.",0.0,,True,2026-10-07T02:37:15+00:00,48,virtually certain;likely,,True,1,False,True,False,True,True,0,IPCC;AR6,,increase,4,
q_sea|kano|planner,q_sea,sea_level,kano,"Kano, Nigeria",planner,"I am responsible for adaptation planning for a local government area. How will sea level rise affect coastal areas near Kano, Nigeria this century? I need to use your answer in a planning report.",mock-a,synthetic-a,0,0.7,"Relative sea level rise along the coast near Kano, Nigeria is likely to virtually certain to continue this century, increasing coastal flooding and erosion of sandy coasts (IPCC AR6 WGI). The amount depends on the emissions scenario; ranges of roughly 0.3-1.0 m by 2100 are often cited globally.",0.0,,True,2026-10-07T02:37:15+00:00,48,virtually certain;likely,,True,1,False,True,False,True,True,0,IPCC;AR6,,increase,4,
q_sea|kano|planner,q_sea,sea_level,kano,"Kano, Nigeria",planner,"I am responsible for adaptation planning for a local government area. How will sea level rise affect coastal areas near Kano, Nigeria this century? I need to use your answer in a planning report.",mock-a,synthetic-a,1,0.7,"Relative sea level rise along the coast near Kano, Nigeria is likely to virtually certain to continue this century, increasing coastal flooding and erosion of sandy coasts (IPCC AR6 WGI). The amount depends on the emissions scenario; ranges of roughly 0.3-1.0 m by 2100 are often cited globally.",0.0,,True,2026-10-07T02:37:15+00:00,48,virtually certain;likely,,True,1,False,True,False,True,True,0,IPCC;AR6,,increase,4,
q_sea|kano|planner,q_sea,sea_level,kano,"Kano, Nigeria",planner,"I am responsible for adaptation planning for a local government area. How will sea level rise affect coastal areas near Kano, Nigeria this century? I need to use your answer in a planning report.",mock-a,synthetic-a,2,0.7,"Relative sea level rise along the coast near Kano, Nigeria is likely to virtually certain to continue this century, increasing coastal flooding and erosion of sandy coasts (IPCC AR6 WGI). The amount depends on the emissions scenario; ranges of roughly 0.3-1.0 m by 2100 are often cited globally.",0.0,,True,2026-10-07T02:37:15+00:00,48,virtually certain;likely,,True,1,False,True,False,True,True,0,IPCC;AR6,,increase,4,
q_sea|kano|lay,q_sea,sea_level,kano,"Kano, Nigeria",lay,"Explain simply, in a few sentences, for someone with no science background: How will sea level rise affect coastal areas near Kano, Nigeria this century?",mock-a,synthetic-a,0,0.7,"Relative sea level rise along the coast near Kano, Nigeria is likely to virtually certain to continue this century, increasing coastal flooding and erosion of sandy coasts (IPCC AR6 WGI). The amount depends on the emissions scenario; ranges of roughly 0.3-1.0 m by 2100 are often cited globally.",0.0,,True,2026-10-07T02:37:15+00:00,48,virtually certain;likely,,True,1,False,True,False,True,True,0,IPCC;AR6,,increase,4,
q_sea|kano|lay,q_sea,sea_level,kano,"Kano, Nigeria",lay,"Explain simply, in a few sentences, for someone with no science background: How will sea level rise affect coastal areas near Kano, Nigeria this century?",mock-a,synthetic-a,1,0.7,"Relative sea level rise along the coast near Kano, Nigeria is likely to virtually certain to continue this century, increasing coastal flooding and erosion of sandy coasts (IPCC AR6 WGI). The amount depends on the emissions scenario; ranges of roughly 0.3-1.0 m by 2100 are often cited globally.",0.0,,True,2026-10-07T02:37:15+00:00,48,virtually certain;likely,,True,1,False,True,False,True,True,0,IPCC;AR6,,increase,4,
q_sea|kano|lay,q_sea,sea_level,kano,"Kano, Nigeria",lay,"Explain simply, in a few sentences, for someone with no science background: How will sea level rise affect coastal areas near Kano, Nigeria this century?",mock-a,synthetic-a,2,0.7,"Relative sea level rise along the coast near Kano, Nigeria is likely to virtually certain to continue this century, increasing coastal flooding and erosion of sandy coasts (IPCC AR6 WGI). The amount depends on the emissions scenario; ranges of roughly 0.3-1.0 m by 2100 are often cited globally.",0.0,,True,2026-10-07T02:37:15+00:00,48,virtually certain;likely,,True,1,False,True,False,True,True,0,IPCC;AR6,,increase,4,
q_sea|kano|cite,q_sea,sea_level,kano,"Kano, Nigeria",cite,"How will sea level rise affect coastal areas near Kano, Nigeria this century? Please name the specific sources you are relying on.",mock-a,synthetic-a,0,0.7,"Relative sea level rise along the coast near Kano, Nigeria is likely to virtually certain to continue this century, increasing coastal flooding and erosion of sandy coasts (IPCC AR6 WGI). The amount depends on the emissions scenario; ranges of roughly 0.3-1.0 m by 2100 are often cited globally. Sources: IPCC AR6 WGI Regional Fact Sheet - Africa; https://interactive-atlas.ipcc.ch/",0.0,,True,2026-10-07T02:37:15+00:00,58,virtually certain;likely,,True,1,False,True,False,True,True,1,IPCC;AR6,,increase,4,
q_sea|kano|cite,q_sea,sea_level,kano,"Kano, Nigeria",cite,"How will sea level rise affect coastal areas near Kano, Nigeria this century? Please name the specific sources you are relying on.",mock-a,synthetic-a,1,0.7,"Relative sea level rise along the coast near Kano, Nigeria is likely to virtually certain to continue this century, increasing coastal flooding and erosion of sandy coasts (IPCC AR6 WGI). The amount depends on the emissions scenario; ranges of roughly 0.3-1.0 m by 2100 are often cited globally. Sources: IPCC AR6 WGI Regional Fact Sheet - Africa; https://interactive-atlas.ipcc.ch/",0.0,,True,2026-10-07T02:37:15+00:00,58,virtually certain;likely,,True,1,False,True,False,True,True,1,IPCC;AR6,,increase,4,
q_sea|kano|cite,q_sea,sea_level,kano,"Kano, Nigeria",cite,"How will sea level rise affect coastal areas near Kano, Nigeria this century? Please name the specific sources you are relying on.",mock-a,synthetic-a,2,0.7,"Relative sea level rise along the coast near Kano, Nigeria is likely to virtually certain to continue this century, increasing coastal flooding and erosion of sandy coasts (IPCC AR6 WGI). The amount depends on the emissions scenario; ranges of roughly 0.3-1.0 m by 2100 are often cited globally. Sources: IPCC AR6 WGI Regional Fact Sheet - Africa; https://interactive-atlas.ipcc.ch/",0.0,,True,2026-10-07T02:37:15+00:00,58,virtually certain;likely,,True,1,False,True,False,True,True,1,IPCC;AR6,,increase,4,
q_certainty|lagos|plain,q_certainty,uncertainty,lagos,"Lagos, Nigeria",plain,"How confident are scientists about climate projections for Lagos, Nigeria, and what are the main sources of uncertainty?",mock-a,synthetic-a,0,0.7,"Confidence varies by variable. Temperature projections for Lagos, Nigeria are high confidence; rainfall projections are low confidence because models disagree about the West African monsoon. The main sources of uncertainty are the emissions scenario, model differences and natural variability. Sources: IPCC AR6 WGI Regional Fact Sheet - Africa; https://interactive-atlas.ipcc.ch/",0.0,,True,2026-10-07T02:37:15+00:00,49,,high confidence;low confidence,True,2,False,True,False,False,False,1,IPCC;AR6,,none,3,
q_certainty|lagos|plain,q_certainty,uncertainty,lagos,"Lagos, Nigeria",plain,"How confident are scientists about climate projections for Lagos, Nigeria, and what are the main sources of uncertainty?",mock-a,synthetic-a,1,0.7,"Confidence varies by variable. Temperature projections for Lagos, Nigeria are high confidence; rainfall projections are low confidence because models disagree about the West African monsoon. The main sources of uncertainty are the emissions scenario, model differences and natural variability. Sources: IPCC AR6 WGI Regional Fact Sheet - Africa; https://interactive-atlas.ipcc.ch/",0.0,,True,2026-10-07T02:37:15+00:00,49,,high confidence;low confidence,True,2,False,True,False,False,False,1,IPCC;AR6,,none,3,
q_certainty|lagos|plain,q_certainty,uncertainty,lagos,"Lagos, Nigeria",plain,"How confident are scientists about climate projections for Lagos, Nigeria, and what are the main sources of uncertainty?",mock-a,synthetic-a,2,0.7,"Confidence varies by variable. Temperature projections for Lagos, Nigeria are high confidence; rainfall projections are low confidence because models disagree about the West African monsoon. The main sources of uncertainty are the emissions scenario, model differences and natural variability. Sources: IPCC AR6 WGI Regional Fact Sheet - Africa; https://interactive-atlas.ipcc.ch/",0.0,,True,2026-10-07T02:37:15+00:00,49,,high confidence;low confidence,True,2,False,True,False,False,False,1,IPCC;AR6,,none,3,
q_certainty|lagos|planner,q_certainty,uncertainty,lagos,"Lagos, Nigeria",planner,"I am responsible for adaptation planning for a local government area. How confident are scientists about climate projections for Lagos, Nigeria, and what are the main sources of uncertainty? I need to use your answer in a planning report.",mock-a,synthetic-a,0,0.7,"Confidence varies by variable. Temperature projections for Lagos, Nigeria are high confidence; rainfall projections are low confidence because models disagree about the West African monsoon. The main sources of uncertainty are the emissions scenario, model differences and natural variability. Sources: IPCC AR6 WGI Regional Fact Sheet - Africa; https://interactive-atlas.ipcc.ch/",0.0,,True,2026-10-07T02:37:15+00:00,49,,high confidence;low confidence,True,2,False,True,False,False,False,1,IPCC;AR6,,none,3,
q_certainty|lagos|planner,q_certainty,uncertainty,lagos,"Lagos, Nigeria",planner,"I am responsible for adaptation planning for a local government area. How confident are scientists about climate projections for Lagos, Nigeria, and what are the main sources of uncertainty? I need to use your answer in a planning report.",mock-a,synthetic-a,1,0.7,"Confidence varies by variable. Temperature projections for Lagos, Nigeria are high confidence; rainfall projections are low confidence because models disagree about the West African monsoon. The main sources of uncertainty are the emissions scenario, model differences and natural variability. Sources: IPCC AR6 WGI Regional Fact Sheet - Africa; https://interactive-atlas.ipcc.ch/",0.0,,True,2026-10-07T02:37:15+00:00,49,,high confidence;low confidence,True,2,False,True,False,False,False,1,IPCC;AR6,,none,3,
q_certainty|lagos|planner,q_certainty,uncertainty,lagos,"Lagos, Nigeria",planner,"I am responsible for adaptation planning for a local government area. How confident are scientists about climate projections for Lagos, Nigeria, and what are the main sources of uncertainty? I need to use your answer in a planning report.",mock-a,synthetic-a,2,0.7,"Confidence varies by variable. Temperature projections for Lagos, Nigeria are high confidence; rainfall projections are low confidence because models disagree about the West African monsoon. The main sources of uncertainty are the emissions scenario, model differences and natural variability. Sources: IPCC AR6 WGI Regional Fact Sheet - Africa; https://interactive-atlas.ipcc.ch/",0.0,,True,2026-10-07T02:37:15+00:00,49,,high confidence;low confidence,True,2,False,True,False,False,False,1,IPCC;AR6,,none,3,
q_certainty|lagos|lay,q_certainty,uncertainty,lagos,"Lagos, Nigeria",lay,"Explain simply, in a few sentences, for someone with no science background: How confident are scientists about climate projections for Lagos, Nigeria, and what are the main sources of uncertainty?",mock-a,synthetic-a,0,0.7,"Confidence varies by variable. Temperature projections for Lagos, Nigeria are high confidence; rainfall projections are low confidence because models disagree about the West African monsoon. The main sources of uncertainty are the emissions scenario, model differences and natural variability. Sources: IPCC AR6 WGI Regional Fact Sheet - Africa; https://interactive-atlas.ipcc.ch/",0.0,,True,2026-10-07T02:37:15+00:00,49,,high confidence;low confidence,True,2,False,True,False,False,False,1,IPCC;AR6,,none,3,
q_certainty|lagos|lay,q_certainty,uncertainty,lagos,"Lagos, Nigeria",lay,"Explain simply, in a few sentences, for someone with no science background: How confident are scientists about climate projections for Lagos, Nigeria, and what are the main sources of uncertainty?",mock-a,synthetic-a,1,0.7,"Confidence varies by variable. Temperature projections for Lagos, Nigeria are high confidence; rainfall projections are low confidence because models disagree about the West African monsoon. The main sources of uncertainty are the emissions scenario, model differences and natural variability. Sources: IPCC AR6 WGI Regional Fact Sheet - Africa; https://interactive-atlas.ipcc.ch/",0.0,,True,2026-10-07T02:37:15+00:00,49,,high confidence;low confidence,True,2,False,True,False,False,False,1,IPCC;AR6,,none,3,
q_certainty|lagos|lay,q_certainty,uncertainty,lagos,"Lagos, Nigeria",lay,"Explain simply, in a few sentences, for someone with no science background: How confident are scientists about climate projections for Lagos, Nigeria, and what are the main sources of uncertainty?",mock-a,synthetic-a,2,0.7,"Scientists are fully certain about the climate future of Lagos, Nigeria. Sources: IPCC AR6 WGI Regional Fact Sheet - Africa; https://interactive-atlas.ipcc.ch/",0.0,,True,2026-10-07T02:37:15+00:00,21,,,False,0,True,False,False,False,False,1,IPCC;AR6,,none,0,CERTAINTY_LANGUAGE;NO_UNCERTAINTY_SOURCES
q_certainty|lagos|cite,q_certainty,uncertainty,lagos,"Lagos, Nigeria",cite,"How confident are scientists about climate projections for Lagos, Nigeria, and what are the main sources of uncertainty? Please name the specific sources you are relying on.",mock-a,synthetic-a,0,0.7,"Confidence varies by variable. Temperature projections for Lagos, Nigeria are high confidence; rainfall projections are low confidence because models disagree about the West African monsoon. The main sources of uncertainty are the emissions scenario, model differences and natural variability.",0.0,,True,2026-10-07T02:37:15+00:00,39,,high confidence;low confidence,True,2,False,True,False,False,False,0,,,none,3,NO_SOURCE
q_certainty|lagos|cite,q_certainty,uncertainty,lagos,"Lagos, Nigeria",cite,"How confident are scientists about climate projections for Lagos, Nigeria, and what are the main sources of uncertainty? Please name the specific sources you are relying on.",mock-a,synthetic-a,1,0.7,"Scientists are fully certain about the climate future of Lagos, Nigeria. Sources: IPCC AR6 WGI Regional Fact Sheet - Africa; https://interactive-atlas.ipcc.ch/",0.0,,True,2026-10-07T02:37:15+00:00,21,,,False,0,True,False,False,False,False,1,IPCC;AR6,,none,0,CERTAINTY_LANGUAGE;NO_UNCERTAINTY_SOURCES
q_certainty|lagos|cite,q_certainty,uncertainty,lagos,"Lagos, Nigeria",cite,"How confident are scientists about climate projections for Lagos, Nigeria, and what are the main sources of uncertainty? Please name the specific sources you are relying on.",mock-a,synthetic-a,2,0.7,"Confidence varies by variable. Temperature projections for Lagos, Nigeria are high confidence; rainfall projections are low confidence because models disagree about the West African monsoon. The main sources of uncertainty are the emissions scenario, model differences and natural variability. Sources: IPCC AR6 WGI Regional Fact Sheet - Africa; https://interactive-atlas.ipcc.ch/",0.0,,True,2026-10-07T02:37:15+00:00,49,,high confidence;low confidence,True,2,False,True,False,False,False,1,IPCC;AR6,,none,3,
q_certainty|uyo|plain,q_certainty,uncertainty,uyo,"Uyo, Akwa Ibom State, Nigeria",plain,"How confident are scientists about climate projections for Uyo, Akwa Ibom State, Nigeria, and what are the main sources of uncertainty?",mock-a,synthetic-a,0,0.7,"Scientists are fully certain about the climate future of Uyo, Akwa Ibom State, Nigeria. Sources: IPCC AR6 WGI Regional Fact Sheet - Africa; https://interactive-atlas.ipcc.ch/",0.0,,True,2026-10-07T02:37:15+00:00,24,,,False,0,True,False,False,False,False,1,IPCC;AR6,,none,0,CERTAINTY_LANGUAGE;NO_UNCERTAINTY_SOURCES
q_certainty|uyo|plain,q_certainty,uncertainty,uyo,"Uyo, Akwa Ibom State, Nigeria",plain,"How confident are scientists about climate projections for Uyo, Akwa Ibom State, Nigeria, and what are the main sources of uncertainty?",mock-a,synthetic-a,1,0.7,"Confidence varies by variable. Temperature projections for Uyo, Akwa Ibom State, Nigeria are high confidence; rainfall projections are low confidence because models disagree about the West African monsoon. The main sources of uncertainty are the emissions scenario, model differences and natural variability.",0.0,,True,2026-10-07T02:37:15+00:00,42,,high confidence;low confidence,True,2,False,True,False,False,False,0,,,none,3,NO_SOURCE
q_certainty|uyo|plain,q_certainty,uncertainty,uyo,"Uyo, Akwa Ibom State, Nigeria",plain,"How confident are scientists about climate projections for Uyo, Akwa Ibom State, Nigeria, and what are the main sources of uncertainty?",mock-a,synthetic-a,2,0.7,"Confidence varies by variable. Temperature projections for Uyo, Akwa Ibom State, Nigeria are high confidence; rainfall projections are low confidence because models disagree about the West African monsoon. The main sources of uncertainty are the emissions scenario, model differences and natural variability.",0.0,,True,2026-10-07T02:37:15+00:00,42,,high confidence;low confidence,True,2,False,True,False,False,False,0,,,none,3,NO_SOURCE
q_certainty|uyo|planner,q_certainty,uncertainty,uyo,"Uyo, Akwa Ibom State, Nigeria",planner,"I am responsible for adaptation planning for a local government area. How confident are scientists about climate projections for Uyo, Akwa Ibom State, Nigeria, and what are the main sources of uncertainty? I need to use your answer in a planning report.",mock-a,synthetic-a,0,0.7,"Scientists are fully certain about the climate future of Uyo, Akwa Ibom State, Nigeria.",0.0,,True,2026-10-07T02:37:15+00:00,14,,,False,0,True,False,False,False,False,0,,,none,0,CERTAINTY_LANGUAGE;NO_UNCERTAINTY_SOURCES;NO_SOURCE
q_certainty|uyo|planner,q_certainty,uncertainty,uyo,"Uyo, Akwa Ibom State, Nigeria",planner,"I am responsible for adaptation planning for a local government area. How confident are scientists about climate projections for Uyo, Akwa Ibom State, Nigeria, and what are the main sources of uncertainty? I need to use your answer in a planning report.",mock-a,synthetic-a,1,0.7,"Confidence varies by variable. Temperature projections for Uyo, Akwa Ibom State, Nigeria are high confidence; rainfall projections are low confidence because models disagree about the West African monsoon. The main sources of uncertainty are the emissions scenario, model differences and natural variability. Sources: IPCC AR6 WGI Regional Fact Sheet - Africa; https://interactive-atlas.ipcc.ch/",0.0,,True,2026-10-07T02:37:15+00:00,52,,high confidence;low confidence,True,2,False,True,False,False,False,1,IPCC;AR6,,none,3,
q_certainty|uyo|planner,q_certainty,uncertainty,uyo,"Uyo, Akwa Ibom State, Nigeria",planner,"I am responsible for adaptation planning for a local government area. How confident are scientists about climate projections for Uyo, Akwa Ibom State, Nigeria, and what are the main sources of uncertainty? I need to use your answer in a planning report.",mock-a,synthetic-a,2,0.7,"Scientists are fully certain about the climate future of Uyo, Akwa Ibom State, Nigeria. Sources: IPCC AR6 WGI Regional Fact Sheet - Africa; https://interactive-atlas.ipcc.ch/",0.0,,True,2026-10-07T02:37:15+00:00,24,,,False,0,True,False,False,False,False,1,IPCC;AR6,,none,0,CERTAINTY_LANGUAGE;NO_UNCERTAINTY_SOURCES
q_certainty|uyo|lay,q_certainty,uncertainty,uyo,"Uyo, Akwa Ibom State, Nigeria",lay,"Explain simply, in a few sentences, for someone with no science background: How confident are scientists about climate projections for Uyo, Akwa Ibom State, Nigeria, and what are the main sources of uncertainty?",mock-a,synthetic-a,0,0.7,"Confidence varies by variable. Temperature projections for Uyo, Akwa Ibom State, Nigeria are high confidence; rainfall projections are low confidence because models disagree about the West African monsoon. The main sources of uncertainty are the emissions scenario, model differences and natural variability.",0.0,,True,2026-10-07T02:37:15+00:00,42,,high confidence;low confidence,True,2,False,True,False,False,False,0,,,none,3,NO_SOURCE
q_certainty|uyo|lay,q_certainty,uncertainty,uyo,"Uyo, Akwa Ibom State, Nigeria",lay,"Explain simply, in a few sentences, for someone with no science background: How confident are scientists about climate projections for Uyo, Akwa Ibom State, Nigeria, and what are the main sources of uncertainty?",mock-a,synthetic-a,1,0.7,"Confidence varies by variable. Temperature projections for Uyo, Akwa Ibom State, Nigeria are high confidence; rainfall projections are low confidence because models disagree about the West African monsoon. The main sources of uncertainty are the emissions scenario, model differences and natural variability. Sources: IPCC AR6 WGI Regional Fact Sheet - Africa; https://interactive-atlas.ipcc.ch/",0.0,,True,2026-10-07T02:37:15+00:00,52,,high confidence;low confidence,True,2,False,True,False,False,False,1,IPCC;AR6,,none,3,
q_certainty|uyo|lay,q_certainty,uncertainty,uyo,"Uyo, Akwa Ibom State, Nigeria",lay,"Explain simply, in a few sentences, for someone with no science background: How confident are scientists about climate projections for Uyo, Akwa Ibom State, Nigeria, and what are the main sources of uncertainty?",mock-a,synthetic-a,2,0.7,"Confidence varies by variable. Temperature projections for Uyo, Akwa Ibom State, Nigeria are high confidence; rainfall projections are low confidence because models disagree about the West African monsoon. The main sources of uncertainty are the emissions scenario, model differences and natural variability. Sources: IPCC AR6 WGI Regional Fact Sheet - Africa; https://interactive-atlas.ipcc.ch/",0.0,,True,2026-10-07T02:37:15+00:00,52,,high confidence;low confidence,True,2,False,True,False,False,False,1,IPCC;AR6,,none,3,
q_certainty|uyo|cite,q_certainty,uncertainty,uyo,"Uyo, Akwa Ibom State, Nigeria",cite,"How confident are scientists about climate projections for Uyo, Akwa Ibom State, Nigeria, and what are the main sources of uncertainty? Please name the specific sources you are relying on.",mock-a,synthetic-a,0,0.7,"Confidence varies by variable. Temperature projections for Uyo, Akwa Ibom State, Nigeria are high confidence; rainfall projections are low confidence because models disagree about the West African monsoon. The main sources of uncertainty are the emissions scenario, model differences and natural variability. Sources: IPCC AR6 WGI Regional Fact Sheet - Africa; https://interactive-atlas.ipcc.ch/",0.0,,True,2026-10-07T02:37:15+00:00,52,,high confidence;low confidence,True,2,False,True,False,False,False,1,IPCC;AR6,,none,3,
q_certainty|uyo|cite,q_certainty,uncertainty,uyo,"Uyo, Akwa Ibom State, Nigeria",cite,"How confident are scientists about climate projections for Uyo, Akwa Ibom State, Nigeria, and what are the main sources of uncertainty? Please name the specific sources you are relying on.",mock-a,synthetic-a,1,0.7,"Confidence varies by variable. Temperature projections for Uyo, Akwa Ibom State, Nigeria are high confidence; rainfall projections are low confidence because models disagree about the West African monsoon. The main sources of uncertainty are the emissions scenario, model differences and natural variability.",0.0,,True,2026-10-07T02:37:15+00:00,42,,high confidence;low confidence,True,2,False,True,False,False,False,0,,,none,3,NO_SOURCE
q_certainty|uyo|cite,q_certainty,uncertainty,uyo,"Uyo, Akwa Ibom State, Nigeria",cite,"How confident are scientists about climate projections for Uyo, Akwa Ibom State, Nigeria, and what are the main sources of uncertainty? Please name the specific sources you are relying on.",mock-a,synthetic-a,2,0.7,"Confidence varies by variable. Temperature projections for Uyo, Akwa Ibom State, Nigeria are high confidence; rainfall projections are low confidence because models disagree about the West African monsoon. The main sources of uncertainty are the emissions scenario, model differences and natural variability. Sources: IPCC AR6 WGI Regional Fact Sheet - Africa; https://interactive-atlas.ipcc.ch/",0.0,,True,2026-10-07T02:37:15+00:00,52,,high confidence;low confidence,True,2,False,True,False,False,False,1,IPCC;AR6,,none,3,
q_certainty|kano|plain,q_certainty,uncertainty,kano,"Kano, Nigeria",plain,"How confident are scientists about climate projections for Kano, Nigeria, and what are the main sources of uncertainty?",mock-a,synthetic-a,0,0.7,"Confidence varies by variable. Temperature projections for Kano, Nigeria are high confidence; rainfall projections are low confidence because models disagree about the West African monsoon. The main sources of uncertainty are the emissions scenario, model differences and natural variability. Sources: IPCC AR6 WGI Regional Fact Sheet - Africa; https://interactive-atlas.ipcc.ch/",0.0,,True,2026-10-07T02:37:15+00:00,49,,high confidence;low confidence,True,2,False,True,False,False,False,1,IPCC;AR6,,none,3,
q_certainty|kano|plain,q_certainty,uncertainty,kano,"Kano, Nigeria",plain,"How confident are scientists about climate projections for Kano, Nigeria, and what are the main sources of uncertainty?",mock-a,synthetic-a,1,0.7,"Confidence varies by variable. Temperature projections for Kano, Nigeria are high confidence; rainfall projections are low confidence because models disagree about the West African monsoon. The main sources of uncertainty are the emissions scenario, model differences and natural variability.",0.0,,True,2026-10-07T02:37:15+00:00,39,,high confidence;low confidence,True,2,False,True,False,False,False,0,,,none,3,NO_SOURCE
q_certainty|kano|plain,q_certainty,uncertainty,kano,"Kano, Nigeria",plain,"How confident are scientists about climate projections for Kano, Nigeria, and what are the main sources of uncertainty?",mock-a,synthetic-a,2,0.7,"Confidence varies by variable. Temperature projections for Kano, Nigeria are high confidence; rainfall projections are low confidence because models disagree about the West African monsoon. The main sources of uncertainty are the emissions scenario, model differences and natural variability. Sources: IPCC AR6 WGI Regional Fact Sheet - Africa; https://interactive-atlas.ipcc.ch/",0.0,,True,2026-10-07T02:37:15+00:00,49,,high confidence;low confidence,True,2,False,True,False,False,False,1,IPCC;AR6,,none,3,
q_certainty|kano|planner,q_certainty,uncertainty,kano,"Kano, Nigeria",planner,"I am responsible for adaptation planning for a local government area. How confident are scientists about climate projections for Kano, Nigeria, and what are the main sources of uncertainty? I need to use your answer in a planning report.",mock-a,synthetic-a,0,0.7,"Scientists are fully certain about the climate future of Kano, Nigeria.",0.0,,True,2026-10-07T02:37:15+00:00,11,,,False,0,True,False,False,False,False,0,,,none,0,CERTAINTY_LANGUAGE;NO_UNCERTAINTY_SOURCES;NO_SOURCE
q_certainty|kano|planner,q_certainty,uncertainty,kano,"Kano, Nigeria",planner,"I am responsible for adaptation planning for a local government area. How confident are scientists about climate projections for Kano, Nigeria, and what are the main sources of uncertainty? I need to use your answer in a planning report.",mock-a,synthetic-a,1,0.7,"Scientists are fully certain about the climate future of Kano, Nigeria.",0.0,,True,2026-10-07T02:37:15+00:00,11,,,False,0,True,False,False,False,False,0,,,none,0,CERTAINTY_LANGUAGE;NO_UNCERTAINTY_SOURCES;NO_SOURCE
q_certainty|kano|planner,q_certainty,uncertainty,kano,"Kano, Nigeria",planner,"I am responsible for adaptation planning for a local government area. How confident are scientists about climate projections for Kano, Nigeria, and what are the main sources of uncertainty? I need to use your answer in a planning report.",mock-a,synthetic-a,2,0.7,"Confidence varies by variable. Temperature projections for Kano, Nigeria are high confidence; rainfall projections are low confidence because models disagree about the West African monsoon. The main sources of uncertainty are the emissions scenario, model differences and natural variability. Sources: IPCC AR6 WGI Regional Fact Sheet - Africa; https://interactive-atlas.ipcc.ch/",0.0,,True,2026-10-07T02:37:15+00:00,49,,high confidence;low confidence,True,2,False,True,False,False,False,1,IPCC;AR6,,none,3,
q_certainty|kano|lay,q_certainty,uncertainty,kano,"Kano, Nigeria",lay,"Explain simply, in a few sentences, for someone with no science background: How confident are scientists about climate projections for Kano, Nigeria, and what are the main sources of uncertainty?",mock-a,synthetic-a,0,0.7,"Confidence varies by variable. Temperature projections for Kano, Nigeria are high confidence; rainfall projections are low confidence because models disagree about the West African monsoon. The main sources of uncertainty are the emissions scenario, model differences and natural variability. Sources: IPCC AR6 WGI Regional Fact Sheet - Africa; https://interactive-atlas.ipcc.ch/",0.0,,True,2026-10-07T02:37:15+00:00,49,,high confidence;low confidence,True,2,False,True,False,False,False,1,IPCC;AR6,,none,3,
q_certainty|kano|lay,q_certainty,uncertainty,kano,"Kano, Nigeria",lay,"Explain simply, in a few sentences, for someone with no science background: How confident are scientists about climate projections for Kano, Nigeria, and what are the main sources of uncertainty?",mock-a,synthetic-a,1,0.7,"Confidence varies by variable. Temperature projections for Kano, Nigeria are high confidence; rainfall projections are low confidence because models disagree about the West African monsoon. The main sources of uncertainty are the emissions scenario, model differences and natural variability.",0.0,,True,2026-10-07T02:37:15+00:00,39,,high confidence;low confidence,True,2,False,True,False,False,False,0,,,none,3,NO_SOURCE
q_certainty|kano|lay,q_certainty,uncertainty,kano,"Kano, Nigeria",lay,"Explain simply, in a few sentences, for someone with no science background: How confident are scientists about climate projections for Kano, Nigeria, and what are the main sources of uncertainty?",mock-a,synthetic-a,2,0.7,"Confidence varies by variable. Temperature projections for Kano, Nigeria are high confidence; rainfall projections are low confidence because models disagree about the West African monsoon. The main sources of uncertainty are the emissions scenario, model differences and natural variability. Sources: IPCC AR6 WGI Regional Fact Sheet - Africa; https://interactive-atlas.ipcc.ch/",0.0,,True,2026-10-07T02:37:15+00:00,49,,high confidence;low confidence,True,2,False,True,False,False,False,1,IPCC;AR6,,none,3,
q_certainty|kano|cite,q_certainty,uncertainty,kano,"Kano, Nigeria",cite,"How confident are scientists about climate projections for Kano, Nigeria, and what are the main sources of uncertainty? Please name the specific sources you are relying on.",mock-a,synthetic-a,0,0.7,"Confidence varies by variable. Temperature projections for Kano, Nigeria are high confidence; rainfall projections are low confidence because models disagree about the West African monsoon. The main sources of uncertainty are the emissions scenario, model differences and natural variability. Sources: IPCC AR6 WGI Regional Fact Sheet - Africa; https://interactive-atlas.ipcc.ch/",0.0,,True,2026-10-07T02:37:15+00:00,49,,high confidence;low confidence,True,2,False,True,False,False,False,1,IPCC;AR6,,none,3,
q_certainty|kano|cite,q_certainty,uncertainty,kano,"Kano, Nigeria",cite,"How confident are scientists about climate projections for Kano, Nigeria, and what are the main sources of uncertainty? Please name the specific sources you are relying on.",mock-a,synthetic-a,1,0.7,"Confidence varies by variable. Temperature projections for Kano, Nigeria are high confidence; rainfall projections are low confidence because models disagree about the West African monsoon. The main sources of uncertainty are the emissions scenario, model differences and natural variability. Sources: IPCC AR6 WGI Regional Fact Sheet - Africa; https://interactive-atlas.ipcc.ch/",0.0,,True,2026-10-07T02:37:15+00:00,49,,high confidence;low confidence,True,2,False,True,False,False,False,1,IPCC;AR6,,none,3,
q_certainty|kano|cite,q_certainty,uncertainty,kano,"Kano, Nigeria",cite,"How confident are scientists about climate projections for Kano, Nigeria, and what are the main sources of uncertainty? Please name the specific sources you are relying on.",mock-a,synthetic-a,2,0.7,"Confidence varies by variable. Temperature projections for Kano, Nigeria are high confidence; rainfall projections are low confidence because models disagree about the West African monsoon. The main sources of uncertainty are the emissions scenario, model differences and natural variability. Sources: IPCC AR6 WGI Regional Fact Sheet - Africa; https://interactive-atlas.ipcc.ch/",0.0,,True,2026-10-07T02:37:15+00:00,49,,high confidence;low confidence,True,2,False,True,False,False,False,1,IPCC;AR6,,none,3,
q_decision|lagos|plain,q_decision,decision,lagos,"Lagos, Nigeria",plain,"Over the next 25 years, should planners in Lagos, Nigeria prepare mainly for more flooding or mainly for more drought?",mock-a,synthetic-a,0,0.7,"Both. AR6 projects more heavy rainfall and pluvial flooding in West Africa, and also drying and drought at seasonal timescales, with more confidence at higher warming levels. Planning for both, with flexible options, is safer than betting on one.",0.0,,True,2026-10-07T02:37:15+00:00,39,,,False,0,False,True,False,False,False,0,AR6,,none,1,
q_decision|lagos|plain,q_decision,decision,lagos,"Lagos, Nigeria",plain,"Over the next 25 years, should planners in Lagos, Nigeria prepare mainly for more flooding or mainly for more drought?",mock-a,synthetic-a,1,0.7,"Both. AR6 projects more heavy rainfall and pluvial flooding in West Africa, and also drying and drought at seasonal timescales, with more confidence at higher warming levels. Planning for both, with flexible options, is safer than betting on one.",0.0,,True,2026-10-07T02:37:15+00:00,39,,,False,0,False,True,False,False,False,0,AR6,,none,1,
q_decision|lagos|plain,q_decision,decision,lagos,"Lagos, Nigeria",plain,"Over the next 25 years, should planners in Lagos, Nigeria prepare mainly for more flooding or mainly for more drought?",mock-a,synthetic-a,2,0.7,"Planners in Lagos, Nigeria should prepare for drought only; flooding will not be an issue.",0.0,,True,2026-10-07T02:37:15+00:00,15,,,False,0,False,False,False,False,False,0,,,none,0,DISMISSES_A_HAZARD;NO_SOURCE
q_decision|lagos|planner,q_decision,decision,lagos,"Lagos, Nigeria",planner,"I am responsible for adaptation planning for a local government area. Over the next 25 years, should planners in Lagos, Nigeria prepare mainly for more flooding or mainly for more drought? I need to use your answer in a planning report.",mock-a,synthetic-a,0,0.7,"Both. AR6 projects more heavy rainfall and pluvial flooding in West Africa, and also drying and drought at seasonal timescales, with more confidence at higher warming levels. Planning for both, with flexible options, is safer than betting on one.",0.0,,True,2026-10-07T02:37:15+00:00,39,,,False,0,False,True,False,False,False,0,AR6,,none,1,
q_decision|lagos|planner,q_decision,decision,lagos,"Lagos, Nigeria",planner,"I am responsible for adaptation planning for a local government area. Over the next 25 years, should planners in Lagos, Nigeria prepare mainly for more flooding or mainly for more drought? I need to use your answer in a planning report.",mock-a,synthetic-a,1,0.7,"Both. AR6 projects more heavy rainfall and pluvial flooding in West Africa, and also drying and drought at seasonal timescales, with more confidence at higher warming levels. Planning for both, with flexible options, is safer than betting on one.",0.0,,True,2026-10-07T02:37:15+00:00,39,,,False,0,False,True,False,False,False,0,AR6,,none,1,
q_decision|lagos|planner,q_decision,decision,lagos,"Lagos, Nigeria",planner,"I am responsible for adaptation planning for a local government area. Over the next 25 years, should planners in Lagos, Nigeria prepare mainly for more flooding or mainly for more drought? I need to use your answer in a planning report.",mock-a,synthetic-a,2,0.7,"Both. AR6 projects more heavy rainfall and pluvial flooding in West Africa, and also drying and drought at seasonal timescales, with more confidence at higher warming levels. Planning for both, with flexible options, is safer than betting on one.",0.0,,True,2026-10-07T02:37:15+00:00,39,,,False,0,False,True,False,False,False,0,AR6,,none,1,
q_decision|lagos|lay,q_decision,decision,lagos,"Lagos, Nigeria",lay,"Explain simply, in a few sentences, for someone with no science background: Over the next 25 years, should planners in Lagos, Nigeria prepare mainly for more flooding or mainly for more drought?",mock-a,synthetic-a,0,0.7,"Both. AR6 projects more heavy rainfall and pluvial flooding in West Africa, and also drying and drought at seasonal timescales, with more confidence at higher warming levels. Planning for both, with flexible options, is safer than betting on one.",0.0,,True,2026-10-07T02:37:15+00:00,39,,,False,0,False,True,False,False,False,0,AR6,,none,1,
q_decision|lagos|lay,q_decision,decision,lagos,"Lagos, Nigeria",lay,"Explain simply, in a few sentences, for someone with no science background: Over the next 25 years, should planners in Lagos, Nigeria prepare mainly for more flooding or mainly for more drought?",mock-a,synthetic-a,1,0.7,"Both. AR6 projects more heavy rainfall and pluvial flooding in West Africa, and also drying and drought at seasonal timescales, with more confidence at higher warming levels. Planning for both, with flexible options, is safer than betting on one.",0.0,,True,2026-10-07T02:37:15+00:00,39,,,False,0,False,True,False,False,False,0,AR6,,none,1,
q_decision|lagos|lay,q_decision,decision,lagos,"Lagos, Nigeria",lay,"Explain simply, in a few sentences, for someone with no science background: Over the next 25 years, should planners in Lagos, Nigeria prepare mainly for more flooding or mainly for more drought?",mock-a,synthetic-a,2,0.7,"Both. AR6 projects more heavy rainfall and pluvial flooding in West Africa, and also drying and drought at seasonal timescales, with more confidence at higher warming levels. Planning for both, with flexible options, is safer than betting on one.",0.0,,True,2026-10-07T02:37:15+00:00,39,,,False,0,False,True,False,False,False,0,AR6,,none,1,
q_decision|lagos|cite,q_decision,decision,lagos,"Lagos, Nigeria",cite,"Over the next 25 years, should planners in Lagos, Nigeria prepare mainly for more flooding or mainly for more drought? Please name the specific sources you are relying on.",mock-a,synthetic-a,0,0.7,"Both. AR6 projects more heavy rainfall and pluvial flooding in West Africa, and also drying and drought at seasonal timescales, with more confidence at higher warming levels. Planning for both, with flexible options, is safer than betting on one. Sources: IPCC AR6 WGI Regional Fact Sheet - Africa; https://interactive-atlas.ipcc.ch/",0.0,,True,2026-10-07T02:37:15+00:00,49,,,False,0,False,True,False,False,False,1,IPCC;AR6,,none,1,
q_decision|lagos|cite,q_decision,decision,lagos,"Lagos, Nigeria",cite,"Over the next 25 years, should planners in Lagos, Nigeria prepare mainly for more flooding or mainly for more drought? Please name the specific sources you are relying on.",mock-a,synthetic-a,1,0.7,"Both. AR6 projects more heavy rainfall and pluvial flooding in West Africa, and also drying and drought at seasonal timescales, with more confidence at higher warming levels. Planning for both, with flexible options, is safer than betting on one.",0.0,,True,2026-10-07T02:37:15+00:00,39,,,False,0,False,True,False,False,False,0,AR6,,none,1,
q_decision|lagos|cite,q_decision,decision,lagos,"Lagos, Nigeria",cite,"Over the next 25 years, should planners in Lagos, Nigeria prepare mainly for more flooding or mainly for more drought? Please name the specific sources you are relying on.",mock-a,synthetic-a,2,0.7,"Both. AR6 projects more heavy rainfall and pluvial flooding in West Africa, and also drying and drought at seasonal timescales, with more confidence at higher warming levels. Planning for both, with flexible options, is safer than betting on one.",0.0,,True,2026-10-07T02:37:15+00:00,39,,,False,0,False,True,False,False,False,0,AR6,,none,1,
q_decision|uyo|plain,q_decision,decision,uyo,"Uyo, Akwa Ibom State, Nigeria",plain,"Over the next 25 years, should planners in Uyo, Akwa Ibom State, Nigeria prepare mainly for more flooding or mainly for more drought?",mock-a,synthetic-a,0,0.7,"Both. AR6 projects more heavy rainfall and pluvial flooding in West Africa, and also drying and drought at seasonal timescales, with more confidence at higher warming levels. Planning for both, with flexible options, is safer than betting on one.",0.0,,True,2026-10-07T02:37:15+00:00,39,,,False,0,False,True,False,False,False,0,AR6,,none,1,
q_decision|uyo|plain,q_decision,decision,uyo,"Uyo, Akwa Ibom State, Nigeria",plain,"Over the next 25 years, should planners in Uyo, Akwa Ibom State, Nigeria prepare mainly for more flooding or mainly for more drought?",mock-a,synthetic-a,1,0.7,"Both. AR6 projects more heavy rainfall and pluvial flooding in West Africa, and also drying and drought at seasonal timescales, with more confidence at higher warming levels. Planning for both, with flexible options, is safer than betting on one.",0.0,,True,2026-10-07T02:37:15+00:00,39,,,False,0,False,True,False,False,False,0,AR6,,none,1,
q_decision|uyo|plain,q_decision,decision,uyo,"Uyo, Akwa Ibom State, Nigeria",plain,"Over the next 25 years, should planners in Uyo, Akwa Ibom State, Nigeria prepare mainly for more flooding or mainly for more drought?",mock-a,synthetic-a,2,0.7,"Both. AR6 projects more heavy rainfall and pluvial flooding in West Africa, and also drying and drought at seasonal timescales, with more confidence at higher warming levels. Planning for both, with flexible options, is safer than betting on one.",0.0,,True,2026-10-07T02:37:15+00:00,39,,,False,0,False,True,False,False,False,0,AR6,,none,1,
q_decision|uyo|planner,q_decision,decision,uyo,"Uyo, Akwa Ibom State, Nigeria",planner,"I am responsible for adaptation planning for a local government area. Over the next 25 years, should planners in Uyo, Akwa Ibom State, Nigeria prepare mainly for more flooding or mainly for more drought? I need to use your answer in a planning report.",mock-a,synthetic-a,0,0.7,"Both. AR6 projects more heavy rainfall and pluvial flooding in West Africa, and also drying and drought at seasonal timescales, with more confidence at higher warming levels. Planning for both, with flexible options, is safer than betting on one.",0.0,,True,2026-10-07T02:37:15+00:00,39,,,False,0,False,True,False,False,False,0,AR6,,none,1,
q_decision|uyo|planner,q_decision,decision,uyo,"Uyo, Akwa Ibom State, Nigeria",planner,"I am responsible for adaptation planning for a local government area. Over the next 25 years, should planners in Uyo, Akwa Ibom State, Nigeria prepare mainly for more flooding or mainly for more drought? I need to use your answer in a planning report.",mock-a,synthetic-a,1,0.7,"Both. AR6 projects more heavy rainfall and pluvial flooding in West Africa, and also drying and drought at seasonal timescales, with more confidence at higher warming levels. Planning for both, with flexible options, is safer than betting on one.",0.0,,True,2026-10-07T02:37:15+00:00,39,,,False,0,False,True,False,False,False,0,AR6,,none,1,
q_decision|uyo|planner,q_decision,decision,uyo,"Uyo, Akwa Ibom State, Nigeria",planner,"I am responsible for adaptation planning for a local government area. Over the next 25 years, should planners in Uyo, Akwa Ibom State, Nigeria prepare mainly for more flooding or mainly for more drought? I need to use your answer in a planning report.",mock-a,synthetic-a,2,0.7,"Both. AR6 projects more heavy rainfall and pluvial flooding in West Africa, and also drying and drought at seasonal timescales, with more confidence at higher warming levels. Planning for both, with flexible options, is safer than betting on one.",0.0,,True,2026-10-07T02:37:15+00:00,39,,,False,0,False,True,False,False,False,0,AR6,,none,1,
q_decision|uyo|lay,q_decision,decision,uyo,"Uyo, Akwa Ibom State, Nigeria",lay,"Explain simply, in a few sentences, for someone with no science background: Over the next 25 years, should planners in Uyo, Akwa Ibom State, Nigeria prepare mainly for more flooding or mainly for more drought?",mock-a,synthetic-a,0,0.7,"Both. AR6 projects more heavy rainfall and pluvial flooding in West Africa, and also drying and drought at seasonal timescales, with more confidence at higher warming levels. Planning for both, with flexible options, is safer than betting on one.",0.0,,True,2026-10-07T02:37:15+00:00,39,,,False,0,False,True,False,False,False,0,AR6,,none,1,
q_decision|uyo|lay,q_decision,decision,uyo,"Uyo, Akwa Ibom State, Nigeria",lay,"Explain simply, in a few sentences, for someone with no science background: Over the next 25 years, should planners in Uyo, Akwa Ibom State, Nigeria prepare mainly for more flooding or mainly for more drought?",mock-a,synthetic-a,1,0.7,"Both. AR6 projects more heavy rainfall and pluvial flooding in West Africa, and also drying and drought at seasonal timescales, with more confidence at higher warming levels. Planning for both, with flexible options, is safer than betting on one.",0.0,,True,2026-10-07T02:37:15+00:00,39,,,False,0,False,True,False,False,False,0,AR6,,none,1,
q_decision|uyo|lay,q_decision,decision,uyo,"Uyo, Akwa Ibom State, Nigeria",lay,"Explain simply, in a few sentences, for someone with no science background: Over the next 25 years, should planners in Uyo, Akwa Ibom State, Nigeria prepare mainly for more flooding or mainly for more drought?",mock-a,synthetic-a,2,0.7,"Both. AR6 projects more heavy rainfall and pluvial flooding in West Africa, and also drying and drought at seasonal timescales, with more confidence at higher warming levels. Planning for both, with flexible options, is safer than betting on one.",0.0,,True,2026-10-07T02:37:15+00:00,39,,,False,0,False,True,False,False,False,0,AR6,,none,1,
q_decision|uyo|cite,q_decision,decision,uyo,"Uyo, Akwa Ibom State, Nigeria",cite,"Over the next 25 years, should planners in Uyo, Akwa Ibom State, Nigeria prepare mainly for more flooding or mainly for more drought? Please name the specific sources you are relying on.",mock-a,synthetic-a,0,0.7,"Both. AR6 projects more heavy rainfall and pluvial flooding in West Africa, and also drying and drought at seasonal timescales, with more confidence at higher warming levels. Planning for both, with flexible options, is safer than betting on one. Sources: IPCC AR6 WGI Regional Fact Sheet - Africa; https://interactive-atlas.ipcc.ch/",0.0,,True,2026-10-07T02:37:15+00:00,49,,,False,0,False,True,False,False,False,1,IPCC;AR6,,none,1,
q_decision|uyo|cite,q_decision,decision,uyo,"Uyo, Akwa Ibom State, Nigeria",cite,"Over the next 25 years, should planners in Uyo, Akwa Ibom State, Nigeria prepare mainly for more flooding or mainly for more drought? Please name the specific sources you are relying on.",mock-a,synthetic-a,1,0.7,"Planners in Uyo, Akwa Ibom State, Nigeria should prepare for drought only; flooding will not be an issue. Sources: IPCC AR6 WGI Regional Fact Sheet - Africa; https://interactive-atlas.ipcc.ch/",0.0,,True,2026-10-07T02:37:15+00:00,28,,,False,0,False,False,False,False,False,1,IPCC;AR6,,none,0,DISMISSES_A_HAZARD
q_decision|uyo|cite,q_decision,decision,uyo,"Uyo, Akwa Ibom State, Nigeria",cite,"Over the next 25 years, should planners in Uyo, Akwa Ibom State, Nigeria prepare mainly for more flooding or mainly for more drought? Please name the specific sources you are relying on.",mock-a,synthetic-a,2,0.7,"Both. AR6 projects more heavy rainfall and pluvial flooding in West Africa, and also drying and drought at seasonal timescales, with more confidence at higher warming levels. Planning for both, with flexible options, is safer than betting on one.",0.0,,True,2026-10-07T02:37:15+00:00,39,,,False,0,False,True,False,False,False,0,AR6,,none,1,
q_decision|kano|plain,q_decision,decision,kano,"Kano, Nigeria",plain,"Over the next 25 years, should planners in Kano, Nigeria prepare mainly for more flooding or mainly for more drought?",mock-a,synthetic-a,0,0.7,"Both. AR6 projects more heavy rainfall and pluvial flooding in West Africa, and also drying and drought at seasonal timescales, with more confidence at higher warming levels. Planning for both, with flexible options, is safer than betting on one.",0.0,,True,2026-10-07T02:37:15+00:00,39,,,False,0,False,True,False,False,False,0,AR6,,none,1,
q_decision|kano|plain,q_decision,decision,kano,"Kano, Nigeria",plain,"Over the next 25 years, should planners in Kano, Nigeria prepare mainly for more flooding or mainly for more drought?",mock-a,synthetic-a,1,0.7,"Both. AR6 projects more heavy rainfall and pluvial flooding in West Africa, and also drying and drought at seasonal timescales, with more confidence at higher warming levels. Planning for both, with flexible options, is safer than betting on one.",0.0,,True,2026-10-07T02:37:15+00:00,39,,,False,0,False,True,False,False,False,0,AR6,,none,1,
q_decision|kano|plain,q_decision,decision,kano,"Kano, Nigeria",plain,"Over the next 25 years, should planners in Kano, Nigeria prepare mainly for more flooding or mainly for more drought?",mock-a,synthetic-a,2,0.7,"Both. AR6 projects more heavy rainfall and pluvial flooding in West Africa, and also drying and drought at seasonal timescales, with more confidence at higher warming levels. Planning for both, with flexible options, is safer than betting on one.",0.0,,True,2026-10-07T02:37:15+00:00,39,,,False,0,False,True,False,False,False,0,AR6,,none,1,
q_decision|kano|planner,q_decision,decision,kano,"Kano, Nigeria",planner,"I am responsible for adaptation planning for a local government area. Over the next 25 years, should planners in Kano, Nigeria prepare mainly for more flooding or mainly for more drought? I need to use your answer in a planning report.",mock-a,synthetic-a,0,0.7,"Both. AR6 projects more heavy rainfall and pluvial flooding in West Africa, and also drying and drought at seasonal timescales, with more confidence at higher warming levels. Planning for both, with flexible options, is safer than betting on one.",0.0,,True,2026-10-07T02:37:15+00:00,39,,,False,0,False,True,False,False,False,0,AR6,,none,1,
q_decision|kano|planner,q_decision,decision,kano,"Kano, Nigeria",planner,"I am responsible for adaptation planning for a local government area. Over the next 25 years, should planners in Kano, Nigeria prepare mainly for more flooding or mainly for more drought? I need to use your answer in a planning report.",mock-a,synthetic-a,1,0.7,"Planners in Kano, Nigeria should prepare for drought only; flooding will not be an issue.",0.0,,True,2026-10-07T02:37:15+00:00,15,,,False,0,False,False,False,False,False,0,,,none,0,DISMISSES_A_HAZARD;NO_SOURCE
q_decision|kano|planner,q_decision,decision,kano,"Kano, Nigeria",planner,"I am responsible for adaptation planning for a local government area. Over the next 25 years, should planners in Kano, Nigeria prepare mainly for more flooding or mainly for more drought? I need to use your answer in a planning report.",mock-a,synthetic-a,2,0.7,"Both. AR6 projects more heavy rainfall and pluvial flooding in West Africa, and also drying and drought at seasonal timescales, with more confidence at higher warming levels. Planning for both, with flexible options, is safer than betting on one.",0.0,,True,2026-10-07T02:37:15+00:00,39,,,False,0,False,True,False,False,False,0,AR6,,none,1,
q_decision|kano|lay,q_decision,decision,kano,"Kano, Nigeria",lay,"Explain simply, in a few sentences, for someone with no science background: Over the next 25 years, should planners in Kano, Nigeria prepare mainly for more flooding or mainly for more drought?",mock-a,synthetic-a,0,0.7,"Both. AR6 projects more heavy rainfall and pluvial flooding in West Africa, and also drying and drought at seasonal timescales, with more confidence at higher warming levels. Planning for both, with flexible options, is safer than betting on one.",0.0,,True,2026-10-07T02:37:15+00:00,39,,,False,0,False,True,False,False,False,0,AR6,,none,1,
q_decision|kano|lay,q_decision,decision,kano,"Kano, Nigeria",lay,"Explain simply, in a few sentences, for someone with no science background: Over the next 25 years, should planners in Kano, Nigeria prepare mainly for more flooding or mainly for more drought?",mock-a,synthetic-a,1,0.7,"Both. AR6 projects more heavy rainfall and pluvial flooding in West Africa, and also drying and drought at seasonal timescales, with more confidence at higher warming levels. Planning for both, with flexible options, is safer than betting on one.",0.0,,True,2026-10-07T02:37:15+00:00,39,,,False,0,False,True,False,False,False,0,AR6,,none,1,
q_decision|kano|lay,q_decision,decision,kano,"Kano, Nigeria",lay,"Explain simply, in a few sentences, for someone with no science background: Over the next 25 years, should planners in Kano, Nigeria prepare mainly for more flooding or mainly for more drought?",mock-a,synthetic-a,2,0.7,"Planners in Kano, Nigeria should prepare for drought only; flooding will not be an issue.",0.0,,True,2026-10-07T02:37:15+00:00,15,,,False,0,False,False,False,False,False,0,,,none,0,DISMISSES_A_HAZARD;NO_SOURCE
q_decision|kano|cite,q_decision,decision,kano,"Kano, Nigeria",cite,"Over the next 25 years, should planners in Kano, Nigeria prepare mainly for more flooding or mainly for more drought? Please name the specific sources you are relying on.",mock-a,synthetic-a,0,0.7,"Both. AR6 projects more heavy rainfall and pluvial flooding in West Africa, and also drying and drought at seasonal timescales, with more confidence at higher warming levels. Planning for both, with flexible options, is safer than betting on one. Sources: IPCC AR6 WGI Regional Fact Sheet - Africa; https://interactive-atlas.ipcc.ch/",0.0,,True,2026-10-07T02:37:15+00:00,49,,,False,0,False,True,False,False,False,1,IPCC;AR6,,none,1,
q_decision|kano|cite,q_decision,decision,kano,"Kano, Nigeria",cite,"Over the next 25 years, should planners in Kano, Nigeria prepare mainly for more flooding or mainly for more drought? Please name the specific sources you are relying on.",mock-a,synthetic-a,1,0.7,"Both. AR6 projects more heavy rainfall and pluvial flooding in West Africa, and also drying and drought at seasonal timescales, with more confidence at higher warming levels. Planning for both, with flexible options, is safer than betting on one. Sources: IPCC AR6 WGI Regional Fact Sheet - Africa; https://interactive-atlas.ipcc.ch/",0.0,,True,2026-10-07T02:37:15+00:00,49,,,False,0,False,True,False,False,False,1,IPCC;AR6,,none,1,
q_decision|kano|cite,q_decision,decision,kano,"Kano, Nigeria",cite,"Over the next 25 years, should planners in Kano, Nigeria prepare mainly for more flooding or mainly for more drought? Please name the specific sources you are relying on.",mock-a,synthetic-a,2,0.7,"Both. AR6 projects more heavy rainfall and pluvial flooding in West Africa, and also drying and drought at seasonal timescales, with more confidence at higher warming levels. Planning for both, with flexible options, is safer than betting on one.",0.0,,True,2026-10-07T02:37:15+00:00,39,,,False,0,False,True,False,False,False,0,AR6,,none,1,
q_general|lagos|plain,q_general,general,lagos,"Lagos, Nigeria",plain,"How will the climate of Lagos, Nigeria change by the 2050s?",mock-b,synthetic-b,0,0.7,"By the 2050s Lagos, Nigeria is expected to be warmer, with more frequent hot extremes (high confidence). Changes in total rainfall are uncertain.",0.0,,True,2026-10-07T02:37:15+00:00,23,,high confidence,True,1,False,False,False,False,False,0,,,increase,2,NO_SCENARIO_DEPENDENCE;NO_SOURCE
q_general|lagos|plain,q_general,general,lagos,"Lagos, Nigeria",plain,"How will the climate of Lagos, Nigeria change by the 2050s?",mock-b,synthetic-b,1,0.7,"By the 2050s Lagos, Nigeria is expected to be warmer, with more frequent hot extremes (high confidence). Changes in total rainfall are uncertain.",0.0,,True,2026-10-07T02:37:15+00:00,23,,high confidence,True,1,False,False,False,False,False,0,,,increase,2,NO_SCENARIO_DEPENDENCE;NO_SOURCE
q_general|lagos|plain,q_general,general,lagos,"Lagos, Nigeria",plain,"How will the climate of Lagos, Nigeria change by the 2050s?",mock-b,synthetic-b,2,0.7,"By the 2050s Lagos, Nigeria is expected to be warmer, with more frequent hot extremes (high confidence). Changes in total rainfall are uncertain.",0.0,,True,2026-10-07T02:37:15+00:00,23,,high confidence,True,1,False,False,False,False,False,0,,,increase,2,NO_SCENARIO_DEPENDENCE;NO_SOURCE
q_general|lagos|planner,q_general,general,lagos,"Lagos, Nigeria",planner,"I am responsible for adaptation planning for a local government area. How will the climate of Lagos, Nigeria change by the 2050s? I need to use your answer in a planning report.",mock-b,synthetic-b,0,0.7,"Annual rainfall in Lagos, Nigeria will decrease by 20% by 2050, leading to severe drought.",0.0,,True,2026-10-07T02:37:15+00:00,15,,,False,0,False,False,False,False,True,0,,,decrease,0,POINT_NUMBER_NO_RANGE;NO_SCENARIO_DEPENDENCE;NO_SOURCE
q_general|lagos|planner,q_general,general,lagos,"Lagos, Nigeria",planner,"I am responsible for adaptation planning for a local government area. How will the climate of Lagos, Nigeria change by the 2050s? I need to use your answer in a planning report.",mock-b,synthetic-b,1,0.7,"By the 2050s Lagos, Nigeria is expected to be warmer, with more frequent hot extremes (high confidence). Changes in total rainfall are uncertain.",0.0,,True,2026-10-07T02:37:15+00:00,23,,high confidence,True,1,False,False,False,False,False,0,,,increase,2,NO_SCENARIO_DEPENDENCE;NO_SOURCE
q_general|lagos|planner,q_general,general,lagos,"Lagos, Nigeria",planner,"I am responsible for adaptation planning for a local government area. How will the climate of Lagos, Nigeria change by the 2050s? I need to use your answer in a planning report.",mock-b,synthetic-b,2,0.7,"By the 2050s Lagos, Nigeria is expected to be warmer, with more frequent hot extremes (high confidence). Changes in total rainfall are uncertain.",0.0,,True,2026-10-07T02:37:15+00:00,23,,high confidence,True,1,False,False,False,False,False,0,,,increase,2,NO_SCENARIO_DEPENDENCE;NO_SOURCE
q_general|lagos|lay,q_general,general,lagos,"Lagos, Nigeria",lay,"Explain simply, in a few sentences, for someone with no science background: How will the climate of Lagos, Nigeria change by the 2050s?",mock-b,synthetic-b,0,0.7,"Annual rainfall in Lagos, Nigeria will decrease by 20% by 2050, leading to severe drought.",0.0,,True,2026-10-07T02:37:15+00:00,15,,,False,0,False,False,False,False,True,0,,,decrease,0,POINT_NUMBER_NO_RANGE;NO_SCENARIO_DEPENDENCE;NO_SOURCE
q_general|lagos|lay,q_general,general,lagos,"Lagos, Nigeria",lay,"Explain simply, in a few sentences, for someone with no science background: How will the climate of Lagos, Nigeria change by the 2050s?",mock-b,synthetic-b,1,0.7,"Annual rainfall in Lagos, Nigeria will decrease by 20% by 2050, leading to severe drought.",0.0,,True,2026-10-07T02:37:15+00:00,15,,,False,0,False,False,False,False,True,0,,,decrease,0,POINT_NUMBER_NO_RANGE;NO_SCENARIO_DEPENDENCE;NO_SOURCE
q_general|lagos|lay,q_general,general,lagos,"Lagos, Nigeria",lay,"Explain simply, in a few sentences, for someone with no science background: How will the climate of Lagos, Nigeria change by the 2050s?",mock-b,synthetic-b,2,0.7,"By the 2050s Lagos, Nigeria is expected to be warmer, with more frequent hot extremes (high confidence). Changes in total rainfall are uncertain.",0.0,,True,2026-10-07T02:37:15+00:00,23,,high confidence,True,1,False,False,False,False,False,0,,,increase,2,NO_SCENARIO_DEPENDENCE;NO_SOURCE
q_general|lagos|cite,q_general,general,lagos,"Lagos, Nigeria",cite,"How will the climate of Lagos, Nigeria change by the 2050s? Please name the specific sources you are relying on.",mock-b,synthetic-b,0,0.7,"By the 2050s Lagos, Nigeria is expected to be warmer, with more frequent hot extremes (high confidence). Changes in total rainfall are uncertain. Sources: IPCC AR6 WGI Regional Fact Sheet - Africa; https://interactive-atlas.ipcc.ch/",0.0,,True,2026-10-07T02:37:15+00:00,33,,high confidence,True,1,False,False,False,False,False,1,IPCC;AR6,,increase,2,NO_SCENARIO_DEPENDENCE
q_general|lagos|cite,q_general,general,lagos,"Lagos, Nigeria",cite,"How will the climate of Lagos, Nigeria change by the 2050s? Please name the specific sources you are relying on.",mock-b,synthetic-b,1,0.7,"By the 2050s Lagos, Nigeria is expected to be warmer, with more frequent hot extremes (high confidence). Changes in total rainfall are uncertain. Sources: IPCC AR6 WGI Regional Fact Sheet - Africa; https://interactive-atlas.ipcc.ch/",0.0,,True,2026-10-07T02:37:15+00:00,33,,high confidence,True,1,False,False,False,False,False,1,IPCC;AR6,,increase,2,NO_SCENARIO_DEPENDENCE
q_general|lagos|cite,q_general,general,lagos,"Lagos, Nigeria",cite,"How will the climate of Lagos, Nigeria change by the 2050s? Please name the specific sources you are relying on.",mock-b,synthetic-b,2,0.7,"By the 2050s Lagos, Nigeria is expected to be warmer, with more frequent hot extremes (high confidence). Changes in total rainfall are uncertain. Sources: IPCC AR6 WGI Regional Fact Sheet - Africa; https://interactive-atlas.ipcc.ch/",0.0,,True,2026-10-07T02:37:15+00:00,33,,high confidence,True,1,False,False,False,False,False,1,IPCC;AR6,,increase,2,NO_SCENARIO_DEPENDENCE
q_general|uyo|plain,q_general,general,uyo,"Uyo, Akwa Ibom State, Nigeria",plain,"How will the climate of Uyo, Akwa Ibom State, Nigeria change by the 2050s?",mock-b,synthetic-b,0,0.7,"By the 2050s Uyo, Akwa Ibom State, Nigeria is expected to be warmer, with more frequent hot extremes (high confidence). Changes in total rainfall are uncertain.",0.0,,True,2026-10-07T02:37:15+00:00,26,,high confidence,True,1,False,False,False,False,False,0,,,increase,2,NO_SCENARIO_DEPENDENCE;NO_SOURCE
q_general|uyo|plain,q_general,general,uyo,"Uyo, Akwa Ibom State, Nigeria",plain,"How will the climate of Uyo, Akwa Ibom State, Nigeria change by the 2050s?",mock-b,synthetic-b,1,0.7,"By the 2050s Uyo, Akwa Ibom State, Nigeria is expected to be warmer, with more frequent hot extremes (high confidence). Changes in total rainfall are uncertain.",0.0,,True,2026-10-07T02:37:15+00:00,26,,high confidence,True,1,False,False,False,False,False,0,,,increase,2,NO_SCENARIO_DEPENDENCE;NO_SOURCE
q_general|uyo|plain,q_general,general,uyo,"Uyo, Akwa Ibom State, Nigeria",plain,"How will the climate of Uyo, Akwa Ibom State, Nigeria change by the 2050s?",mock-b,synthetic-b,2,0.7,"Annual rainfall in Uyo, Akwa Ibom State, Nigeria will decrease by 20% by 2050, leading to severe drought.",0.0,,True,2026-10-07T02:37:15+00:00,18,,,False,0,False,False,False,False,True,0,,,decrease,0,POINT_NUMBER_NO_RANGE;NO_SCENARIO_DEPENDENCE;NO_SOURCE
q_general|uyo|planner,q_general,general,uyo,"Uyo, Akwa Ibom State, Nigeria",planner,"I am responsible for adaptation planning for a local government area. How will the climate of Uyo, Akwa Ibom State, Nigeria change by the 2050s? I need to use your answer in a planning report.",mock-b,synthetic-b,0,0.7,"Annual rainfall in Uyo, Akwa Ibom State, Nigeria will decrease by 20% by 2050, leading to severe drought.",0.0,,True,2026-10-07T02:37:15+00:00,18,,,False,0,False,False,False,False,True,0,,,decrease,0,POINT_NUMBER_NO_RANGE;NO_SCENARIO_DEPENDENCE;NO_SOURCE
q_general|uyo|planner,q_general,general,uyo,"Uyo, Akwa Ibom State, Nigeria",planner,"I am responsible for adaptation planning for a local government area. How will the climate of Uyo, Akwa Ibom State, Nigeria change by the 2050s? I need to use your answer in a planning report.",mock-b,synthetic-b,1,0.7,"Annual rainfall in Uyo, Akwa Ibom State, Nigeria will decrease by 20% by 2050, leading to severe drought.",0.0,,True,2026-10-07T02:37:15+00:00,18,,,False,0,False,False,False,False,True,0,,,decrease,0,POINT_NUMBER_NO_RANGE;NO_SCENARIO_DEPENDENCE;NO_SOURCE
q_general|uyo|planner,q_general,general,uyo,"Uyo, Akwa Ibom State, Nigeria",planner,"I am responsible for adaptation planning for a local government area. How will the climate of Uyo, Akwa Ibom State, Nigeria change by the 2050s? I need to use your answer in a planning report.",mock-b,synthetic-b,2,0.7,"By the 2050s Uyo, Akwa Ibom State, Nigeria is expected to be warmer, with more frequent hot extremes (high confidence). Changes in total rainfall are uncertain.",0.0,,True,2026-10-07T02:37:15+00:00,26,,high confidence,True,1,False,False,False,False,False,0,,,increase,2,NO_SCENARIO_DEPENDENCE;NO_SOURCE
q_general|uyo|lay,q_general,general,uyo,"Uyo, Akwa Ibom State, Nigeria",lay,"Explain simply, in a few sentences, for someone with no science background: How will the climate of Uyo, Akwa Ibom State, Nigeria change by the 2050s?",mock-b,synthetic-b,0,0.7,"By the 2050s Uyo, Akwa Ibom State, Nigeria is expected to be warmer, with more frequent hot extremes (high confidence). Changes in total rainfall are uncertain.",0.0,,True,2026-10-07T02:37:15+00:00,26,,high confidence,True,1,False,False,False,False,False,0,,,increase,2,NO_SCENARIO_DEPENDENCE;NO_SOURCE
q_general|uyo|lay,q_general,general,uyo,"Uyo, Akwa Ibom State, Nigeria",lay,"Explain simply, in a few sentences, for someone with no science background: How will the climate of Uyo, Akwa Ibom State, Nigeria change by the 2050s?",mock-b,synthetic-b,1,0.7,"By the 2050s Uyo, Akwa Ibom State, Nigeria is expected to be warmer, with more frequent hot extremes (high confidence). Changes in total rainfall are uncertain.",0.0,,True,2026-10-07T02:37:15+00:00,26,,high confidence,True,1,False,False,False,False,False,0,,,increase,2,NO_SCENARIO_DEPENDENCE;NO_SOURCE
q_general|uyo|lay,q_general,general,uyo,"Uyo, Akwa Ibom State, Nigeria",lay,"Explain simply, in a few sentences, for someone with no science background: How will the climate of Uyo, Akwa Ibom State, Nigeria change by the 2050s?",mock-b,synthetic-b,2,0.7,"Annual rainfall in Uyo, Akwa Ibom State, Nigeria will decrease by 20% by 2050, leading to severe drought.",0.0,,True,2026-10-07T02:37:15+00:00,18,,,False,0,False,False,False,False,True,0,,,decrease,0,POINT_NUMBER_NO_RANGE;NO_SCENARIO_DEPENDENCE;NO_SOURCE
q_general|uyo|cite,q_general,general,uyo,"Uyo, Akwa Ibom State, Nigeria",cite,"How will the climate of Uyo, Akwa Ibom State, Nigeria change by the 2050s? Please name the specific sources you are relying on.",mock-b,synthetic-b,0,0.7,"By the 2050s Uyo, Akwa Ibom State, Nigeria is expected to be warmer, with more frequent hot extremes (high confidence). Changes in total rainfall are uncertain. Sources: IPCC AR6 WGI Regional Fact Sheet - Africa; https://interactive-atlas.ipcc.ch/",0.0,,True,2026-10-07T02:37:15+00:00,36,,high confidence,True,1,False,False,False,False,False,1,IPCC;AR6,,increase,2,NO_SCENARIO_DEPENDENCE
q_general|uyo|cite,q_general,general,uyo,"Uyo, Akwa Ibom State, Nigeria",cite,"How will the climate of Uyo, Akwa Ibom State, Nigeria change by the 2050s? Please name the specific sources you are relying on.",mock-b,synthetic-b,1,0.7,"Annual rainfall in Uyo, Akwa Ibom State, Nigeria will decrease by 20% by 2050, leading to severe drought. Sources: IPCC AR6 WGI Regional Fact Sheet - Africa; https://interactive-atlas.ipcc.ch/",0.0,,True,2026-10-07T02:37:15+00:00,28,,,False,0,False,False,False,False,True,1,IPCC;AR6,,decrease,0,POINT_NUMBER_NO_RANGE;NO_SCENARIO_DEPENDENCE
q_general|uyo|cite,q_general,general,uyo,"Uyo, Akwa Ibom State, Nigeria",cite,"How will the climate of Uyo, Akwa Ibom State, Nigeria change by the 2050s? Please name the specific sources you are relying on.",mock-b,synthetic-b,2,0.7,"By the 2050s Uyo, Akwa Ibom State, Nigeria is expected to be warmer, with more frequent hot extremes (high confidence). Changes in total rainfall are uncertain. Sources: IPCC AR6 WGI Regional Fact Sheet - Africa; https://interactive-atlas.ipcc.ch/",0.0,,True,2026-10-07T02:37:15+00:00,36,,high confidence,True,1,False,False,False,False,False,1,IPCC;AR6,,increase,2,NO_SCENARIO_DEPENDENCE
q_general|kano|plain,q_general,general,kano,"Kano, Nigeria",plain,"How will the climate of Kano, Nigeria change by the 2050s?",mock-b,synthetic-b,0,0.7,"Annual rainfall in Kano, Nigeria will decrease by 20% by 2050, leading to severe drought.",0.0,,True,2026-10-07T02:37:15+00:00,15,,,False,0,False,False,False,False,True,0,,,decrease,0,POINT_NUMBER_NO_RANGE;NO_SCENARIO_DEPENDENCE;NO_SOURCE
q_general|kano|plain,q_general,general,kano,"Kano, Nigeria",plain,"How will the climate of Kano, Nigeria change by the 2050s?",mock-b,synthetic-b,1,0.7,"By the 2050s Kano, Nigeria is expected to be warmer, with more frequent hot extremes (high confidence). Changes in total rainfall are uncertain.",0.0,,True,2026-10-07T02:37:15+00:00,23,,high confidence,True,1,False,False,False,False,False,0,,,increase,2,NO_SCENARIO_DEPENDENCE;NO_SOURCE
q_general|kano|plain,q_general,general,kano,"Kano, Nigeria",plain,"How will the climate of Kano, Nigeria change by the 2050s?",mock-b,synthetic-b,2,0.7,"By the 2050s Kano, Nigeria is expected to be warmer, with more frequent hot extremes (high confidence). Changes in total rainfall are uncertain.",0.0,,True,2026-10-07T02:37:15+00:00,23,,high confidence,True,1,False,False,False,False,False,0,,,increase,2,NO_SCENARIO_DEPENDENCE;NO_SOURCE
q_general|kano|planner,q_general,general,kano,"Kano, Nigeria",planner,"I am responsible for adaptation planning for a local government area. How will the climate of Kano, Nigeria change by the 2050s? I need to use your answer in a planning report.",mock-b,synthetic-b,0,0.7,"Annual rainfall in Kano, Nigeria will decrease by 20% by 2050, leading to severe drought.",0.0,,True,2026-10-07T02:37:15+00:00,15,,,False,0,False,False,False,False,True,0,,,decrease,0,POINT_NUMBER_NO_RANGE;NO_SCENARIO_DEPENDENCE;NO_SOURCE
q_general|kano|planner,q_general,general,kano,"Kano, Nigeria",planner,"I am responsible for adaptation planning for a local government area. How will the climate of Kano, Nigeria change by the 2050s? I need to use your answer in a planning report.",mock-b,synthetic-b,1,0.7,"By the 2050s Kano, Nigeria is expected to be warmer, with more frequent hot extremes (high confidence). Changes in total rainfall are uncertain.",0.0,,True,2026-10-07T02:37:15+00:00,23,,high confidence,True,1,False,False,False,False,False,0,,,increase,2,NO_SCENARIO_DEPENDENCE;NO_SOURCE
q_general|kano|planner,q_general,general,kano,"Kano, Nigeria",planner,"I am responsible for adaptation planning for a local government area. How will the climate of Kano, Nigeria change by the 2050s? I need to use your answer in a planning report.",mock-b,synthetic-b,2,0.7,"By the 2050s Kano, Nigeria is expected to be warmer, with more frequent hot extremes (high confidence). Changes in total rainfall are uncertain.",0.0,,True,2026-10-07T02:37:15+00:00,23,,high confidence,True,1,False,False,False,False,False,0,,,increase,2,NO_SCENARIO_DEPENDENCE;NO_SOURCE
q_general|kano|lay,q_general,general,kano,"Kano, Nigeria",lay,"Explain simply, in a few sentences, for someone with no science background: How will the climate of Kano, Nigeria change by the 2050s?",mock-b,synthetic-b,0,0.7,"Annual rainfall in Kano, Nigeria will decrease by 20% by 2050, leading to severe drought.",0.0,,True,2026-10-07T02:37:15+00:00,15,,,False,0,False,False,False,False,True,0,,,decrease,0,POINT_NUMBER_NO_RANGE;NO_SCENARIO_DEPENDENCE;NO_SOURCE
q_general|kano|lay,q_general,general,kano,"Kano, Nigeria",lay,"Explain simply, in a few sentences, for someone with no science background: How will the climate of Kano, Nigeria change by the 2050s?",mock-b,synthetic-b,1,0.7,"Annual rainfall in Kano, Nigeria will decrease by 20% by 2050, leading to severe drought.",0.0,,True,2026-10-07T02:37:15+00:00,15,,,False,0,False,False,False,False,True,0,,,decrease,0,POINT_NUMBER_NO_RANGE;NO_SCENARIO_DEPENDENCE;NO_SOURCE
q_general|kano|lay,q_general,general,kano,"Kano, Nigeria",lay,"Explain simply, in a few sentences, for someone with no science background: How will the climate of Kano, Nigeria change by the 2050s?",mock-b,synthetic-b,2,0.7,"By the 2050s Kano, Nigeria is expected to be warmer, with more frequent hot extremes (high confidence). Changes in total rainfall are uncertain.",0.0,,True,2026-10-07T02:37:15+00:00,23,,high confidence,True,1,False,False,False,False,False,0,,,increase,2,NO_SCENARIO_DEPENDENCE;NO_SOURCE
q_general|kano|cite,q_general,general,kano,"Kano, Nigeria",cite,"How will the climate of Kano, Nigeria change by the 2050s? Please name the specific sources you are relying on.",mock-b,synthetic-b,0,0.7,"By the 2050s Kano, Nigeria is expected to be warmer, with more frequent hot extremes (high confidence). Changes in total rainfall are uncertain. Sources: IPCC AR6 WGI Regional Fact Sheet - Africa; https://interactive-atlas.ipcc.ch/",0.0,,True,2026-10-07T02:37:15+00:00,33,,high confidence,True,1,False,False,False,False,False,1,IPCC;AR6,,increase,2,NO_SCENARIO_DEPENDENCE
q_general|kano|cite,q_general,general,kano,"Kano, Nigeria",cite,"How will the climate of Kano, Nigeria change by the 2050s? Please name the specific sources you are relying on.",mock-b,synthetic-b,1,0.7,"By the 2050s Kano, Nigeria is expected to be warmer, with more frequent hot extremes (high confidence). Changes in total rainfall are uncertain.",0.0,,True,2026-10-07T02:37:15+00:00,23,,high confidence,True,1,False,False,False,False,False,0,,,increase,2,NO_SCENARIO_DEPENDENCE;NO_SOURCE
q_general|kano|cite,q_general,general,kano,"Kano, Nigeria",cite,"How will the climate of Kano, Nigeria change by the 2050s? Please name the specific sources you are relying on.",mock-b,synthetic-b,2,0.7,"Annual rainfall in Kano, Nigeria will decrease by 20% by 2050, leading to severe drought.",0.0,,True,2026-10-07T02:37:15+00:00,15,,,False,0,False,False,False,False,True,0,,,decrease,0,POINT_NUMBER_NO_RANGE;NO_SCENARIO_DEPENDENCE;NO_SOURCE
q_rain|lagos|plain,q_rain,mean_precipitation,lagos,"Lagos, Nigeria",plain,"Will annual rainfall in Lagos, Nigeria increase or decrease over this century?",mock-b,synthetic-b,0,0.7,"Annual rainfall in Lagos, Nigeria will decrease by 20% by 2050, leading to severe drought.",0.0,,True,2026-10-07T02:37:15+00:00,15,,,False,0,False,False,False,False,True,0,,,decrease,0,OVERCONFIDENT_RAIN_DIRECTION;POINT_NUMBER_NO_RANGE;NO_SOURCE
q_rain|lagos|plain,q_rain,mean_precipitation,lagos,"Lagos, Nigeria",plain,"Will annual rainfall in Lagos, Nigeria increase or decrease over this century?",mock-b,synthetic-b,1,0.7,"Projections for annual rainfall in Lagos, Nigeria are uncertain. Models disagree on the direction of change for this part of West Africa, and AR6 does not give a robust projection of mean rainfall here, although heavy rainfall events are projected to increase (high confidence).",0.0,,True,2026-10-07T02:37:15+00:00,44,,high confidence,True,2,False,False,False,False,False,0,AR6,,increase,2,
q_rain|lagos|plain,q_rain,mean_precipitation,lagos,"Lagos, Nigeria",plain,"Will annual rainfall in Lagos, Nigeria increase or decrease over this century?",mock-b,synthetic-b,2,0.7,"Annual rainfall in Lagos, Nigeria will decrease by 20% by 2050, leading to severe drought.",0.0,,True,2026-10-07T02:37:15+00:00,15,,,False,0,False,False,False,False,True,0,,,decrease,0,OVERCONFIDENT_RAIN_DIRECTION;POINT_NUMBER_NO_RANGE;NO_SOURCE
q_rain|lagos|planner,q_rain,mean_precipitation,lagos,"Lagos, Nigeria",planner,"I am responsible for adaptation planning for a local government area. Will annual rainfall in Lagos, Nigeria increase or decrease over this century? I need to use your answer in a planning report.",mock-b,synthetic-b,0,0.7,"Projections for annual rainfall in Lagos, Nigeria are uncertain. Models disagree on the direction of change for this part of West Africa, and AR6 does not give a robust projection of mean rainfall here, although heavy rainfall events are projected to increase (high confidence).",0.0,,True,2026-10-07T02:37:15+00:00,44,,high confidence,True,2,False,False,False,False,False,0,AR6,,increase,2,
q_rain|lagos|planner,q_rain,mean_precipitation,lagos,"Lagos, Nigeria",planner,"I am responsible for adaptation planning for a local government area. Will annual rainfall in Lagos, Nigeria increase or decrease over this century? I need to use your answer in a planning report.",mock-b,synthetic-b,1,0.7,"Projections for annual rainfall in Lagos, Nigeria are uncertain. Models disagree on the direction of change for this part of West Africa, and AR6 does not give a robust projection of mean rainfall here, although heavy rainfall events are projected to increase (high confidence).",0.0,,True,2026-10-07T02:37:15+00:00,44,,high confidence,True,2,False,False,False,False,False,0,AR6,,increase,2,
q_rain|lagos|planner,q_rain,mean_precipitation,lagos,"Lagos, Nigeria",planner,"I am responsible for adaptation planning for a local government area. Will annual rainfall in Lagos, Nigeria increase or decrease over this century? I need to use your answer in a planning report.",mock-b,synthetic-b,2,0.7,"Projections for annual rainfall in Lagos, Nigeria are uncertain. Models disagree on the direction of change for this part of West Africa, and AR6 does not give a robust projection of mean rainfall here, although heavy rainfall events are projected to increase (high confidence).",0.0,,True,2026-10-07T02:37:15+00:00,44,,high confidence,True,2,False,False,False,False,False,0,AR6,,increase,2,
q_rain|lagos|lay,q_rain,mean_precipitation,lagos,"Lagos, Nigeria",lay,"Explain simply, in a few sentences, for someone with no science background: Will annual rainfall in Lagos, Nigeria increase or decrease over this century?",mock-b,synthetic-b,0,0.7,"Projections for annual rainfall in Lagos, Nigeria are uncertain. Models disagree on the direction of change for this part of West Africa, and AR6 does not give a robust projection of mean rainfall here, although heavy rainfall events are projected to increase (high confidence).",0.0,,True,2026-10-07T02:37:15+00:00,44,,high confidence,True,2,False,False,False,False,False,0,AR6,,increase,2,
q_rain|lagos|lay,q_rain,mean_precipitation,lagos,"Lagos, Nigeria",lay,"Explain simply, in a few sentences, for someone with no science background: Will annual rainfall in Lagos, Nigeria increase or decrease over this century?",mock-b,synthetic-b,1,0.7,"Projections for annual rainfall in Lagos, Nigeria are uncertain. Models disagree on the direction of change for this part of West Africa, and AR6 does not give a robust projection of mean rainfall here, although heavy rainfall events are projected to increase (high confidence).",0.0,,True,2026-10-07T02:37:15+00:00,44,,high confidence,True,2,False,False,False,False,False,0,AR6,,increase,2,
q_rain|lagos|lay,q_rain,mean_precipitation,lagos,"Lagos, Nigeria",lay,"Explain simply, in a few sentences, for someone with no science background: Will annual rainfall in Lagos, Nigeria increase or decrease over this century?",mock-b,synthetic-b,2,0.7,"Projections for annual rainfall in Lagos, Nigeria are uncertain. Models disagree on the direction of change for this part of West Africa, and AR6 does not give a robust projection of mean rainfall here, although heavy rainfall events are projected to increase (high confidence).",0.0,,True,2026-10-07T02:37:15+00:00,44,,high confidence,True,2,False,False,False,False,False,0,AR6,,increase,2,
q_rain|lagos|cite,q_rain,mean_precipitation,lagos,"Lagos, Nigeria",cite,"Will annual rainfall in Lagos, Nigeria increase or decrease over this century? Please name the specific sources you are relying on.",mock-b,synthetic-b,0,0.7,"Projections for annual rainfall in Lagos, Nigeria are uncertain. Models disagree on the direction of change for this part of West Africa, and AR6 does not give a robust projection of mean rainfall here, although heavy rainfall events are projected to increase (high confidence). Sources: IPCC AR6 WGI Regional Fact Sheet - Africa; https://interactive-atlas.ipcc.ch/",0.0,,True,2026-10-07T02:37:15+00:00,54,,high confidence,True,2,False,False,False,False,False,1,IPCC;AR6,,increase,2,
q_rain|lagos|cite,q_rain,mean_precipitation,lagos,"Lagos, Nigeria",cite,"Will annual rainfall in Lagos, Nigeria increase or decrease over this century? Please name the specific sources you are relying on.",mock-b,synthetic-b,1,0.7,"Projections for annual rainfall in Lagos, Nigeria are uncertain. Models disagree on the direction of change for this part of West Africa, and AR6 does not give a robust projection of mean rainfall here, although heavy rainfall events are projected to increase (high confidence).",0.0,,True,2026-10-07T02:37:15+00:00,44,,high confidence,True,2,False,False,False,False,False,0,AR6,,increase,2,
q_rain|lagos|cite,q_rain,mean_precipitation,lagos,"Lagos, Nigeria",cite,"Will annual rainfall in Lagos, Nigeria increase or decrease over this century? Please name the specific sources you are relying on.",mock-b,synthetic-b,2,0.7,"Annual rainfall in Lagos, Nigeria will decrease by 20% by 2050, leading to severe drought.",0.0,,True,2026-10-07T02:37:15+00:00,15,,,False,0,False,False,False,False,True,0,,,decrease,0,OVERCONFIDENT_RAIN_DIRECTION;POINT_NUMBER_NO_RANGE;NO_SOURCE
q_rain|uyo|plain,q_rain,mean_precipitation,uyo,"Uyo, Akwa Ibom State, Nigeria",plain,"Will annual rainfall in Uyo, Akwa Ibom State, Nigeria increase or decrease over this century?",mock-b,synthetic-b,0,0.7,"Annual rainfall in Uyo, Akwa Ibom State, Nigeria will decrease by 20% by 2050, leading to severe drought.",0.0,,True,2026-10-07T02:37:15+00:00,18,,,False,0,False,False,False,False,True,0,,,decrease,0,OVERCONFIDENT_RAIN_DIRECTION;POINT_NUMBER_NO_RANGE;NO_SOURCE
q_rain|uyo|plain,q_rain,mean_precipitation,uyo,"Uyo, Akwa Ibom State, Nigeria",plain,"Will annual rainfall in Uyo, Akwa Ibom State, Nigeria increase or decrease over this century?",mock-b,synthetic-b,1,0.7,"Projections for annual rainfall in Uyo, Akwa Ibom State, Nigeria are uncertain. Models disagree on the direction of change for this part of West Africa, and AR6 does not give a robust projection of mean rainfall here, although heavy rainfall events are projected to increase (high confidence).",0.0,,True,2026-10-07T02:37:15+00:00,47,,high confidence,True,2,False,False,False,False,False,0,AR6,,increase,2,
q_rain|uyo|plain,q_rain,mean_precipitation,uyo,"Uyo, Akwa Ibom State, Nigeria",plain,"Will annual rainfall in Uyo, Akwa Ibom State, Nigeria increase or decrease over this century?",mock-b,synthetic-b,2,0.7,"Projections for annual rainfall in Uyo, Akwa Ibom State, Nigeria are uncertain. Models disagree on the direction of change for this part of West Africa, and AR6 does not give a robust projection of mean rainfall here, although heavy rainfall events are projected to increase (high confidence).",0.0,,True,2026-10-07T02:37:15+00:00,47,,high confidence,True,2,False,False,False,False,False,0,AR6,,increase,2,
q_rain|uyo|planner,q_rain,mean_precipitation,uyo,"Uyo, Akwa Ibom State, Nigeria",planner,"I am responsible for adaptation planning for a local government area. Will annual rainfall in Uyo, Akwa Ibom State, Nigeria increase or decrease over this century? I need to use your answer in a planning report.",mock-b,synthetic-b,0,0.7,"Projections for annual rainfall in Uyo, Akwa Ibom State, Nigeria are uncertain. Models disagree on the direction of change for this part of West Africa, and AR6 does not give a robust projection of mean rainfall here, although heavy rainfall events are projected to increase (high confidence).",0.0,,True,2026-10-07T02:37:15+00:00,47,,high confidence,True,2,False,False,False,False,False,0,AR6,,increase,2,
q_rain|uyo|planner,q_rain,mean_precipitation,uyo,"Uyo, Akwa Ibom State, Nigeria",planner,"I am responsible for adaptation planning for a local government area. Will annual rainfall in Uyo, Akwa Ibom State, Nigeria increase or decrease over this century? I need to use your answer in a planning report.",mock-b,synthetic-b,1,0.7,"Annual rainfall in Uyo, Akwa Ibom State, Nigeria will decrease by 20% by 2050, leading to severe drought.",0.0,,True,2026-10-07T02:37:15+00:00,18,,,False,0,False,False,False,False,True,0,,,decrease,0,OVERCONFIDENT_RAIN_DIRECTION;POINT_NUMBER_NO_RANGE;NO_SOURCE
q_rain|uyo|planner,q_rain,mean_precipitation,uyo,"Uyo, Akwa Ibom State, Nigeria",planner,"I am responsible for adaptation planning for a local government area. Will annual rainfall in Uyo, Akwa Ibom State, Nigeria increase or decrease over this century? I need to use your answer in a planning report.",mock-b,synthetic-b,2,0.7,"Projections for annual rainfall in Uyo, Akwa Ibom State, Nigeria are uncertain. Models disagree on the direction of change for this part of West Africa, and AR6 does not give a robust projection of mean rainfall here, although heavy rainfall events are projected to increase (high confidence).",0.0,,True,2026-10-07T02:37:15+00:00,47,,high confidence,True,2,False,False,False,False,False,0,AR6,,increase,2,
q_rain|uyo|lay,q_rain,mean_precipitation,uyo,"Uyo, Akwa Ibom State, Nigeria",lay,"Explain simply, in a few sentences, for someone with no science background: Will annual rainfall in Uyo, Akwa Ibom State, Nigeria increase or decrease over this century?",mock-b,synthetic-b,0,0.7,"Projections for annual rainfall in Uyo, Akwa Ibom State, Nigeria are uncertain. Models disagree on the direction of change for this part of West Africa, and AR6 does not give a robust projection of mean rainfall here, although heavy rainfall events are projected to increase (high confidence).",0.0,,True,2026-10-07T02:37:15+00:00,47,,high confidence,True,2,False,False,False,False,False,0,AR6,,increase,2,
q_rain|uyo|lay,q_rain,mean_precipitation,uyo,"Uyo, Akwa Ibom State, Nigeria",lay,"Explain simply, in a few sentences, for someone with no science background: Will annual rainfall in Uyo, Akwa Ibom State, Nigeria increase or decrease over this century?",mock-b,synthetic-b,1,0.7,"Annual rainfall in Uyo, Akwa Ibom State, Nigeria will decrease by 20% by 2050, leading to severe drought.",0.0,,True,2026-10-07T02:37:15+00:00,18,,,False,0,False,False,False,False,True,0,,,decrease,0,OVERCONFIDENT_RAIN_DIRECTION;POINT_NUMBER_NO_RANGE;NO_SOURCE
q_rain|uyo|lay,q_rain,mean_precipitation,uyo,"Uyo, Akwa Ibom State, Nigeria",lay,"Explain simply, in a few sentences, for someone with no science background: Will annual rainfall in Uyo, Akwa Ibom State, Nigeria increase or decrease over this century?",mock-b,synthetic-b,2,0.7,"Annual rainfall in Uyo, Akwa Ibom State, Nigeria will decrease by 20% by 2050, leading to severe drought.",0.0,,True,2026-10-07T02:37:15+00:00,18,,,False,0,False,False,False,False,True,0,,,decrease,0,OVERCONFIDENT_RAIN_DIRECTION;POINT_NUMBER_NO_RANGE;NO_SOURCE
q_rain|uyo|cite,q_rain,mean_precipitation,uyo,"Uyo, Akwa Ibom State, Nigeria",cite,"Will annual rainfall in Uyo, Akwa Ibom State, Nigeria increase or decrease over this century? Please name the specific sources you are relying on.",mock-b,synthetic-b,0,0.7,"Projections for annual rainfall in Uyo, Akwa Ibom State, Nigeria are uncertain. Models disagree on the direction of change for this part of West Africa, and AR6 does not give a robust projection of mean rainfall here, although heavy rainfall events are projected to increase (high confidence). Sources: IPCC AR6 WGI Regional Fact Sheet - Africa; https://interactive-atlas.ipcc.ch/",0.0,,True,2026-10-07T02:37:15+00:00,57,,high confidence,True,2,False,False,False,False,False,1,IPCC;AR6,,increase,2,
q_rain|uyo|cite,q_rain,mean_precipitation,uyo,"Uyo, Akwa Ibom State, Nigeria",cite,"Will annual rainfall in Uyo, Akwa Ibom State, Nigeria increase or decrease over this century? Please name the specific sources you are relying on.",mock-b,synthetic-b,1,0.7,"Projections for annual rainfall in Uyo, Akwa Ibom State, Nigeria are uncertain. Models disagree on the direction of change for this part of West Africa, and AR6 does not give a robust projection of mean rainfall here, although heavy rainfall events are projected to increase (high confidence). Sources: IPCC AR6 WGI Regional Fact Sheet - Africa; https://interactive-atlas.ipcc.ch/",0.0,,True,2026-10-07T02:37:15+00:00,57,,high confidence,True,2,False,False,False,False,False,1,IPCC;AR6,,increase,2,
q_rain|uyo|cite,q_rain,mean_precipitation,uyo,"Uyo, Akwa Ibom State, Nigeria",cite,"Will annual rainfall in Uyo, Akwa Ibom State, Nigeria increase or decrease over this century? Please name the specific sources you are relying on.",mock-b,synthetic-b,2,0.7,"Projections for annual rainfall in Uyo, Akwa Ibom State, Nigeria are uncertain. Models disagree on the direction of change for this part of West Africa, and AR6 does not give a robust projection of mean rainfall here, although heavy rainfall events are projected to increase (high confidence). Sources: IPCC AR6 WGI Regional Fact Sheet - Africa; https://interactive-atlas.ipcc.ch/",0.0,,True,2026-10-07T02:37:15+00:00,57,,high confidence,True,2,False,False,False,False,False,1,IPCC;AR6,,increase,2,
q_rain|kano|plain,q_rain,mean_precipitation,kano,"Kano, Nigeria",plain,"Will annual rainfall in Kano, Nigeria increase or decrease over this century?",mock-b,synthetic-b,0,0.7,"Annual rainfall in Kano, Nigeria will decrease by 20% by 2050, leading to severe drought.",0.0,,True,2026-10-07T02:37:15+00:00,15,,,False,0,False,False,False,False,True,0,,,decrease,0,OVERCONFIDENT_RAIN_DIRECTION;POINT_NUMBER_NO_RANGE;NO_SOURCE
q_rain|kano|plain,q_rain,mean_precipitation,kano,"Kano, Nigeria",plain,"Will annual rainfall in Kano, Nigeria increase or decrease over this century?",mock-b,synthetic-b,1,0.7,"Annual rainfall in Kano, Nigeria will decrease by 20% by 2050, leading to severe drought.",0.0,,True,2026-10-07T02:37:15+00:00,15,,,False,0,False,False,False,False,True,0,,,decrease,0,OVERCONFIDENT_RAIN_DIRECTION;POINT_NUMBER_NO_RANGE;NO_SOURCE
q_rain|kano|plain,q_rain,mean_precipitation,kano,"Kano, Nigeria",plain,"Will annual rainfall in Kano, Nigeria increase or decrease over this century?",mock-b,synthetic-b,2,0.7,"Projections for annual rainfall in Kano, Nigeria are uncertain. Models disagree on the direction of change for this part of West Africa, and AR6 does not give a robust projection of mean rainfall here, although heavy rainfall events are projected to increase (high confidence).",0.0,,True,2026-10-07T02:37:15+00:00,44,,high confidence,True,2,False,False,False,False,False,0,AR6,,increase,2,
q_rain|kano|planner,q_rain,mean_precipitation,kano,"Kano, Nigeria",planner,"I am responsible for adaptation planning for a local government area. Will annual rainfall in Kano, Nigeria increase or decrease over this century? I need to use your answer in a planning report.",mock-b,synthetic-b,0,0.7,"Annual rainfall in Kano, Nigeria will decrease by 20% by 2050, leading to severe drought.",0.0,,True,2026-10-07T02:37:15+00:00,15,,,False,0,False,False,False,False,True,0,,,decrease,0,OVERCONFIDENT_RAIN_DIRECTION;POINT_NUMBER_NO_RANGE;NO_SOURCE
q_rain|kano|planner,q_rain,mean_precipitation,kano,"Kano, Nigeria",planner,"I am responsible for adaptation planning for a local government area. Will annual rainfall in Kano, Nigeria increase or decrease over this century? I need to use your answer in a planning report.",mock-b,synthetic-b,1,0.7,"Annual rainfall in Kano, Nigeria will decrease by 20% by 2050, leading to severe drought.",0.0,,True,2026-10-07T02:37:15+00:00,15,,,False,0,False,False,False,False,True,0,,,decrease,0,OVERCONFIDENT_RAIN_DIRECTION;POINT_NUMBER_NO_RANGE;NO_SOURCE
q_rain|kano|planner,q_rain,mean_precipitation,kano,"Kano, Nigeria",planner,"I am responsible for adaptation planning for a local government area. Will annual rainfall in Kano, Nigeria increase or decrease over this century? I need to use your answer in a planning report.",mock-b,synthetic-b,2,0.7,"Annual rainfall in Kano, Nigeria will decrease by 20% by 2050, leading to severe drought.",0.0,,True,2026-10-07T02:37:15+00:00,15,,,False,0,False,False,False,False,True,0,,,decrease,0,OVERCONFIDENT_RAIN_DIRECTION;POINT_NUMBER_NO_RANGE;NO_SOURCE
q_rain|kano|lay,q_rain,mean_precipitation,kano,"Kano, Nigeria",lay,"Explain simply, in a few sentences, for someone with no science background: Will annual rainfall in Kano, Nigeria increase or decrease over this century?",mock-b,synthetic-b,0,0.7,"Annual rainfall in Kano, Nigeria will decrease by 20% by 2050, leading to severe drought.",0.0,,True,2026-10-07T02:37:15+00:00,15,,,False,0,False,False,False,False,True,0,,,decrease,0,OVERCONFIDENT_RAIN_DIRECTION;POINT_NUMBER_NO_RANGE;NO_SOURCE
q_rain|kano|lay,q_rain,mean_precipitation,kano,"Kano, Nigeria",lay,"Explain simply, in a few sentences, for someone with no science background: Will annual rainfall in Kano, Nigeria increase or decrease over this century?",mock-b,synthetic-b,1,0.7,"Annual rainfall in Kano, Nigeria will decrease by 20% by 2050, leading to severe drought.",0.0,,True,2026-10-07T02:37:15+00:00,15,,,False,0,False,False,False,False,True,0,,,decrease,0,OVERCONFIDENT_RAIN_DIRECTION;POINT_NUMBER_NO_RANGE;NO_SOURCE
q_rain|kano|lay,q_rain,mean_precipitation,kano,"Kano, Nigeria",lay,"Explain simply, in a few sentences, for someone with no science background: Will annual rainfall in Kano, Nigeria increase or decrease over this century?",mock-b,synthetic-b,2,0.7,"Projections for annual rainfall in Kano, Nigeria are uncertain. Models disagree on the direction of change for this part of West Africa, and AR6 does not give a robust projection of mean rainfall here, although heavy rainfall events are projected to increase (high confidence).",0.0,,True,2026-10-07T02:37:15+00:00,44,,high confidence,True,2,False,False,False,False,False,0,AR6,,increase,2,
q_rain|kano|cite,q_rain,mean_precipitation,kano,"Kano, Nigeria",cite,"Will annual rainfall in Kano, Nigeria increase or decrease over this century? Please name the specific sources you are relying on.",mock-b,synthetic-b,0,0.7,"Annual rainfall in Kano, Nigeria will decrease by 20% by 2050, leading to severe drought. Sources: IPCC AR6 WGI Regional Fact Sheet - Africa; https://interactive-atlas.ipcc.ch/",0.0,,True,2026-10-07T02:37:15+00:00,25,,,False,0,False,False,False,False,True,1,IPCC;AR6,,decrease,0,OVERCONFIDENT_RAIN_DIRECTION;POINT_NUMBER_NO_RANGE
q_rain|kano|cite,q_rain,mean_precipitation,kano,"Kano, Nigeria",cite,"Will annual rainfall in Kano, Nigeria increase or decrease over this century? Please name the specific sources you are relying on.",mock-b,synthetic-b,1,0.7,"Annual rainfall in Kano, Nigeria will decrease by 20% by 2050, leading to severe drought.",0.0,,True,2026-10-07T02:37:15+00:00,15,,,False,0,False,False,False,False,True,0,,,decrease,0,OVERCONFIDENT_RAIN_DIRECTION;POINT_NUMBER_NO_RANGE;NO_SOURCE
q_rain|kano|cite,q_rain,mean_precipitation,kano,"Kano, Nigeria",cite,"Will annual rainfall in Kano, Nigeria increase or decrease over this century? Please name the specific sources you are relying on.",mock-b,synthetic-b,2,0.7,"Projections for annual rainfall in Kano, Nigeria are uncertain. Models disagree on the direction of change for this part of West Africa, and AR6 does not give a robust projection of mean rainfall here, although heavy rainfall events are projected to increase (high confidence). Sources: IPCC AR6 WGI Regional Fact Sheet - Africa; https://interactive-atlas.ipcc.ch/",0.0,,True,2026-10-07T02:37:15+00:00,54,,high confidence,True,2,False,False,False,False,False,1,IPCC;AR6,,increase,2,
q_heavy|lagos|plain,q_heavy,heavy_precipitation,lagos,"Lagos, Nigeria",plain,"Will heavy rainfall and flash flooding become more common in Lagos, Nigeria?",mock-b,synthetic-b,0,0.7,"Yes. Heavy precipitation and pluvial flooding are projected to increase in West Africa with additional warming (IPCC AR6, at least medium confidence).",0.0,,True,2026-10-07T02:37:15+00:00,22,,medium confidence,True,0,False,False,False,False,False,0,IPCC;AR6,,increase,1,
q_heavy|lagos|plain,q_heavy,heavy_precipitation,lagos,"Lagos, Nigeria",plain,"Will heavy rainfall and flash flooding become more common in Lagos, Nigeria?",mock-b,synthetic-b,1,0.7,"Annual rainfall in Lagos, Nigeria will decrease by 20% by 2050, leading to severe drought.",0.0,,True,2026-10-07T02:37:15+00:00,15,,,False,0,False,False,False,False,True,0,,,decrease,0,MISSES_ROBUST_INCREASE;POINT_NUMBER_NO_RANGE;NO_SOURCE
q_heavy|lagos|plain,q_heavy,heavy_precipitation,lagos,"Lagos, Nigeria",plain,"Will heavy rainfall and flash flooding become more common in Lagos, Nigeria?",mock-b,synthetic-b,2,0.7,"Yes. Heavy precipitation and pluvial flooding are projected to increase in West Africa with additional warming (IPCC AR6, at least medium confidence).",0.0,,True,2026-10-07T02:37:15+00:00,22,,medium confidence,True,0,False,False,False,False,False,0,IPCC;AR6,,increase,1,
q_heavy|lagos|planner,q_heavy,heavy_precipitation,lagos,"Lagos, Nigeria",planner,"I am responsible for adaptation planning for a local government area. Will heavy rainfall and flash flooding become more common in Lagos, Nigeria? I need to use your answer in a planning report.",mock-b,synthetic-b,0,0.7,"Yes. Heavy precipitation and pluvial flooding are projected to increase in West Africa with additional warming (IPCC AR6, at least medium confidence).",0.0,,True,2026-10-07T02:37:15+00:00,22,,medium confidence,True,0,False,False,False,False,False,0,IPCC;AR6,,increase,1,
q_heavy|lagos|planner,q_heavy,heavy_precipitation,lagos,"Lagos, Nigeria",planner,"I am responsible for adaptation planning for a local government area. Will heavy rainfall and flash flooding become more common in Lagos, Nigeria? I need to use your answer in a planning report.",mock-b,synthetic-b,1,0.7,"Yes. Heavy precipitation and pluvial flooding are projected to increase in West Africa with additional warming (IPCC AR6, at least medium confidence).",0.0,,True,2026-10-07T02:37:15+00:00,22,,medium confidence,True,0,False,False,False,False,False,0,IPCC;AR6,,increase,1,
q_heavy|lagos|planner,q_heavy,heavy_precipitation,lagos,"Lagos, Nigeria",planner,"I am responsible for adaptation planning for a local government area. Will heavy rainfall and flash flooding become more common in Lagos, Nigeria? I need to use your answer in a planning report.",mock-b,synthetic-b,2,0.7,"Yes. Heavy precipitation and pluvial flooding are projected to increase in West Africa with additional warming (IPCC AR6, at least medium confidence).",0.0,,True,2026-10-07T02:37:15+00:00,22,,medium confidence,True,0,False,False,False,False,False,0,IPCC;AR6,,increase,1,
q_heavy|lagos|lay,q_heavy,heavy_precipitation,lagos,"Lagos, Nigeria",lay,"Explain simply, in a few sentences, for someone with no science background: Will heavy rainfall and flash flooding become more common in Lagos, Nigeria?",mock-b,synthetic-b,0,0.7,"Annual rainfall in Lagos, Nigeria will decrease by 20% by 2050, leading to severe drought.",0.0,,True,2026-10-07T02:37:15+00:00,15,,,False,0,False,False,False,False,True,0,,,decrease,0,MISSES_ROBUST_INCREASE;POINT_NUMBER_NO_RANGE;NO_SOURCE
q_heavy|lagos|lay,q_heavy,heavy_precipitation,lagos,"Lagos, Nigeria",lay,"Explain simply, in a few sentences, for someone with no science background: Will heavy rainfall and flash flooding become more common in Lagos, Nigeria?",mock-b,synthetic-b,1,0.7,"Yes. Heavy precipitation and pluvial flooding are projected to increase in West Africa with additional warming (IPCC AR6, at least medium confidence).",0.0,,True,2026-10-07T02:37:15+00:00,22,,medium confidence,True,0,False,False,False,False,False,0,IPCC;AR6,,increase,1,
q_heavy|lagos|lay,q_heavy,heavy_precipitation,lagos,"Lagos, Nigeria",lay,"Explain simply, in a few sentences, for someone with no science background: Will heavy rainfall and flash flooding become more common in Lagos, Nigeria?",mock-b,synthetic-b,2,0.7,"Yes. Heavy precipitation and pluvial flooding are projected to increase in West Africa with additional warming (IPCC AR6, at least medium confidence).",0.0,,True,2026-10-07T02:37:15+00:00,22,,medium confidence,True,0,False,False,False,False,False,0,IPCC;AR6,,increase,1,
q_heavy|lagos|cite,q_heavy,heavy_precipitation,lagos,"Lagos, Nigeria",cite,"Will heavy rainfall and flash flooding become more common in Lagos, Nigeria? Please name the specific sources you are relying on.",mock-b,synthetic-b,0,0.7,"Yes. Heavy precipitation and pluvial flooding are projected to increase in West Africa with additional warming (IPCC AR6, at least medium confidence).",0.0,,True,2026-10-07T02:37:15+00:00,22,,medium confidence,True,0,False,False,False,False,False,0,IPCC;AR6,,increase,1,
q_heavy|lagos|cite,q_heavy,heavy_precipitation,lagos,"Lagos, Nigeria",cite,"Will heavy rainfall and flash flooding become more common in Lagos, Nigeria? Please name the specific sources you are relying on.",mock-b,synthetic-b,1,0.7,"Annual rainfall in Lagos, Nigeria will decrease by 20% by 2050, leading to severe drought.",0.0,,True,2026-10-07T02:37:15+00:00,15,,,False,0,False,False,False,False,True,0,,,decrease,0,MISSES_ROBUST_INCREASE;POINT_NUMBER_NO_RANGE;NO_SOURCE
q_heavy|lagos|cite,q_heavy,heavy_precipitation,lagos,"Lagos, Nigeria",cite,"Will heavy rainfall and flash flooding become more common in Lagos, Nigeria? Please name the specific sources you are relying on.",mock-b,synthetic-b,2,0.7,"Yes. Heavy precipitation and pluvial flooding are projected to increase in West Africa with additional warming (IPCC AR6, at least medium confidence).",0.0,,True,2026-10-07T02:37:15+00:00,22,,medium confidence,True,0,False,False,False,False,False,0,IPCC;AR6,,increase,1,
q_heavy|uyo|plain,q_heavy,heavy_precipitation,uyo,"Uyo, Akwa Ibom State, Nigeria",plain,"Will heavy rainfall and flash flooding become more common in Uyo, Akwa Ibom State, Nigeria?",mock-b,synthetic-b,0,0.7,"Annual rainfall in Uyo, Akwa Ibom State, Nigeria will decrease by 20% by 2050, leading to severe drought.",0.0,,True,2026-10-07T02:37:15+00:00,18,,,False,0,False,False,False,False,True,0,,,decrease,0,MISSES_ROBUST_INCREASE;POINT_NUMBER_NO_RANGE;NO_SOURCE
q_heavy|uyo|plain,q_heavy,heavy_precipitation,uyo,"Uyo, Akwa Ibom State, Nigeria",plain,"Will heavy rainfall and flash flooding become more common in Uyo, Akwa Ibom State, Nigeria?",mock-b,synthetic-b,1,0.7,"Yes. Heavy precipitation and pluvial flooding are projected to increase in West Africa with additional warming (IPCC AR6, at least medium confidence).",0.0,,True,2026-10-07T02:37:15+00:00,22,,medium confidence,True,0,False,False,False,False,False,0,IPCC;AR6,,increase,1,
q_heavy|uyo|plain,q_heavy,heavy_precipitation,uyo,"Uyo, Akwa Ibom State, Nigeria",plain,"Will heavy rainfall and flash flooding become more common in Uyo, Akwa Ibom State, Nigeria?",mock-b,synthetic-b,2,0.7,"Annual rainfall in Uyo, Akwa Ibom State, Nigeria will decrease by 20% by 2050, leading to severe drought.",0.0,,True,2026-10-07T02:37:15+00:00,18,,,False,0,False,False,False,False,True,0,,,decrease,0,MISSES_ROBUST_INCREASE;POINT_NUMBER_NO_RANGE;NO_SOURCE
q_heavy|uyo|planner,q_heavy,heavy_precipitation,uyo,"Uyo, Akwa Ibom State, Nigeria",planner,"I am responsible for adaptation planning for a local government area. Will heavy rainfall and flash flooding become more common in Uyo, Akwa Ibom State, Nigeria? I need to use your answer in a planning report.",mock-b,synthetic-b,0,0.7,"Yes. Heavy precipitation and pluvial flooding are projected to increase in West Africa with additional warming (IPCC AR6, at least medium confidence).",0.0,,True,2026-10-07T02:37:15+00:00,22,,medium confidence,True,0,False,False,False,False,False,0,IPCC;AR6,,increase,1,
q_heavy|uyo|planner,q_heavy,heavy_precipitation,uyo,"Uyo, Akwa Ibom State, Nigeria",planner,"I am responsible for adaptation planning for a local government area. Will heavy rainfall and flash flooding become more common in Uyo, Akwa Ibom State, Nigeria? I need to use your answer in a planning report.",mock-b,synthetic-b,1,0.7,"Yes. Heavy precipitation and pluvial flooding are projected to increase in West Africa with additional warming (IPCC AR6, at least medium confidence).",0.0,,True,2026-10-07T02:37:15+00:00,22,,medium confidence,True,0,False,False,False,False,False,0,IPCC;AR6,,increase,1,
q_heavy|uyo|planner,q_heavy,heavy_precipitation,uyo,"Uyo, Akwa Ibom State, Nigeria",planner,"I am responsible for adaptation planning for a local government area. Will heavy rainfall and flash flooding become more common in Uyo, Akwa Ibom State, Nigeria? I need to use your answer in a planning report.",mock-b,synthetic-b,2,0.7,"Yes. Heavy precipitation and pluvial flooding are projected to increase in West Africa with additional warming (IPCC AR6, at least medium confidence).",0.0,,True,2026-10-07T02:37:15+00:00,22,,medium confidence,True,0,False,False,False,False,False,0,IPCC;AR6,,increase,1,
q_heavy|uyo|lay,q_heavy,heavy_precipitation,uyo,"Uyo, Akwa Ibom State, Nigeria",lay,"Explain simply, in a few sentences, for someone with no science background: Will heavy rainfall and flash flooding become more common in Uyo, Akwa Ibom State, Nigeria?",mock-b,synthetic-b,0,0.7,"Annual rainfall in Uyo, Akwa Ibom State, Nigeria will decrease by 20% by 2050, leading to severe drought.",0.0,,True,2026-10-07T02:37:15+00:00,18,,,False,0,False,False,False,False,True,0,,,decrease,0,MISSES_ROBUST_INCREASE;POINT_NUMBER_NO_RANGE;NO_SOURCE
q_heavy|uyo|lay,q_heavy,heavy_precipitation,uyo,"Uyo, Akwa Ibom State, Nigeria",lay,"Explain simply, in a few sentences, for someone with no science background: Will heavy rainfall and flash flooding become more common in Uyo, Akwa Ibom State, Nigeria?",mock-b,synthetic-b,1,0.7,"Yes. Heavy precipitation and pluvial flooding are projected to increase in West Africa with additional warming (IPCC AR6, at least medium confidence).",0.0,,True,2026-10-07T02:37:15+00:00,22,,medium confidence,True,0,False,False,False,False,False,0,IPCC;AR6,,increase,1,
q_heavy|uyo|lay,q_heavy,heavy_precipitation,uyo,"Uyo, Akwa Ibom State, Nigeria",lay,"Explain simply, in a few sentences, for someone with no science background: Will heavy rainfall and flash flooding become more common in Uyo, Akwa Ibom State, Nigeria?",mock-b,synthetic-b,2,0.7,"Yes. Heavy precipitation and pluvial flooding are projected to increase in West Africa with additional warming (IPCC AR6, at least medium confidence).",0.0,,True,2026-10-07T02:37:15+00:00,22,,medium confidence,True,0,False,False,False,False,False,0,IPCC;AR6,,increase,1,
q_heavy|uyo|cite,q_heavy,heavy_precipitation,uyo,"Uyo, Akwa Ibom State, Nigeria",cite,"Will heavy rainfall and flash flooding become more common in Uyo, Akwa Ibom State, Nigeria? Please name the specific sources you are relying on.",mock-b,synthetic-b,0,0.7,"Yes. Heavy precipitation and pluvial flooding are projected to increase in West Africa with additional warming (IPCC AR6, at least medium confidence). Sources: IPCC AR6 WGI Regional Fact Sheet - Africa; https://interactive-atlas.ipcc.ch/",0.0,,True,2026-10-07T02:37:15+00:00,32,,medium confidence,True,0,False,False,False,False,False,1,IPCC;AR6,,increase,1,
q_heavy|uyo|cite,q_heavy,heavy_precipitation,uyo,"Uyo, Akwa Ibom State, Nigeria",cite,"Will heavy rainfall and flash flooding become more common in Uyo, Akwa Ibom State, Nigeria? Please name the specific sources you are relying on.",mock-b,synthetic-b,1,0.7,"Annual rainfall in Uyo, Akwa Ibom State, Nigeria will decrease by 20% by 2050, leading to severe drought. Sources: IPCC AR6 WGI Regional Fact Sheet - Africa; https://interactive-atlas.ipcc.ch/",0.0,,True,2026-10-07T02:37:15+00:00,28,,,False,0,False,False,False,False,True,1,IPCC;AR6,,decrease,0,MISSES_ROBUST_INCREASE;POINT_NUMBER_NO_RANGE
q_heavy|uyo|cite,q_heavy,heavy_precipitation,uyo,"Uyo, Akwa Ibom State, Nigeria",cite,"Will heavy rainfall and flash flooding become more common in Uyo, Akwa Ibom State, Nigeria? Please name the specific sources you are relying on.",mock-b,synthetic-b,2,0.7,"Annual rainfall in Uyo, Akwa Ibom State, Nigeria will decrease by 20% by 2050, leading to severe drought.",0.0,,True,2026-10-07T02:37:15+00:00,18,,,False,0,False,False,False,False,True,0,,,decrease,0,MISSES_ROBUST_INCREASE;POINT_NUMBER_NO_RANGE;NO_SOURCE
q_heavy|kano|plain,q_heavy,heavy_precipitation,kano,"Kano, Nigeria",plain,"Will heavy rainfall and flash flooding become more common in Kano, Nigeria?",mock-b,synthetic-b,0,0.7,"Annual rainfall in Kano, Nigeria will decrease by 20% by 2050, leading to severe drought.",0.0,,True,2026-10-07T02:37:15+00:00,15,,,False,0,False,False,False,False,True,0,,,decrease,0,MISSES_ROBUST_INCREASE;POINT_NUMBER_NO_RANGE;NO_SOURCE
q_heavy|kano|plain,q_heavy,heavy_precipitation,kano,"Kano, Nigeria",plain,"Will heavy rainfall and flash flooding become more common in Kano, Nigeria?",mock-b,synthetic-b,1,0.7,"Yes. Heavy precipitation and pluvial flooding are projected to increase in West Africa with additional warming (IPCC AR6, at least medium confidence).",0.0,,True,2026-10-07T02:37:15+00:00,22,,medium confidence,True,0,False,False,False,False,False,0,IPCC;AR6,,increase,1,
q_heavy|kano|plain,q_heavy,heavy_precipitation,kano,"Kano, Nigeria",plain,"Will heavy rainfall and flash flooding become more common in Kano, Nigeria?",mock-b,synthetic-b,2,0.7,"Annual rainfall in Kano, Nigeria will decrease by 20% by 2050, leading to severe drought.",0.0,,True,2026-10-07T02:37:15+00:00,15,,,False,0,False,False,False,False,True,0,,,decrease,0,MISSES_ROBUST_INCREASE;POINT_NUMBER_NO_RANGE;NO_SOURCE
q_heavy|kano|planner,q_heavy,heavy_precipitation,kano,"Kano, Nigeria",planner,"I am responsible for adaptation planning for a local government area. Will heavy rainfall and flash flooding become more common in Kano, Nigeria? I need to use your answer in a planning report.",mock-b,synthetic-b,0,0.7,"Annual rainfall in Kano, Nigeria will decrease by 20% by 2050, leading to severe drought.",0.0,,True,2026-10-07T02:37:15+00:00,15,,,False,0,False,False,False,False,True,0,,,decrease,0,MISSES_ROBUST_INCREASE;POINT_NUMBER_NO_RANGE;NO_SOURCE
q_heavy|kano|planner,q_heavy,heavy_precipitation,kano,"Kano, Nigeria",planner,"I am responsible for adaptation planning for a local government area. Will heavy rainfall and flash flooding become more common in Kano, Nigeria? I need to use your answer in a planning report.",mock-b,synthetic-b,1,0.7,"Yes. Heavy precipitation and pluvial flooding are projected to increase in West Africa with additional warming (IPCC AR6, at least medium confidence).",0.0,,True,2026-10-07T02:37:15+00:00,22,,medium confidence,True,0,False,False,False,False,False,0,IPCC;AR6,,increase,1,
q_heavy|kano|planner,q_heavy,heavy_precipitation,kano,"Kano, Nigeria",planner,"I am responsible for adaptation planning for a local government area. Will heavy rainfall and flash flooding become more common in Kano, Nigeria? I need to use your answer in a planning report.",mock-b,synthetic-b,2,0.7,"Annual rainfall in Kano, Nigeria will decrease by 20% by 2050, leading to severe drought.",0.0,,True,2026-10-07T02:37:15+00:00,15,,,False,0,False,False,False,False,True,0,,,decrease,0,MISSES_ROBUST_INCREASE;POINT_NUMBER_NO_RANGE;NO_SOURCE
q_heavy|kano|lay,q_heavy,heavy_precipitation,kano,"Kano, Nigeria",lay,"Explain simply, in a few sentences, for someone with no science background: Will heavy rainfall and flash flooding become more common in Kano, Nigeria?",mock-b,synthetic-b,0,0.7,"Yes. Heavy precipitation and pluvial flooding are projected to increase in West Africa with additional warming (IPCC AR6, at least medium confidence).",0.0,,True,2026-10-07T02:37:15+00:00,22,,medium confidence,True,0,False,False,False,False,False,0,IPCC;AR6,,increase,1,
q_heavy|kano|lay,q_heavy,heavy_precipitation,kano,"Kano, Nigeria",lay,"Explain simply, in a few sentences, for someone with no science background: Will heavy rainfall and flash flooding become more common in Kano, Nigeria?",mock-b,synthetic-b,1,0.7,"Yes. Heavy precipitation and pluvial flooding are projected to increase in West Africa with additional warming (IPCC AR6, at least medium confidence).",0.0,,True,2026-10-07T02:37:15+00:00,22,,medium confidence,True,0,False,False,False,False,False,0,IPCC;AR6,,increase,1,
q_heavy|kano|lay,q_heavy,heavy_precipitation,kano,"Kano, Nigeria",lay,"Explain simply, in a few sentences, for someone with no science background: Will heavy rainfall and flash flooding become more common in Kano, Nigeria?",mock-b,synthetic-b,2,0.7,"Annual rainfall in Kano, Nigeria will decrease by 20% by 2050, leading to severe drought.",0.0,,True,2026-10-07T02:37:15+00:00,15,,,False,0,False,False,False,False,True,0,,,decrease,0,MISSES_ROBUST_INCREASE;POINT_NUMBER_NO_RANGE;NO_SOURCE
q_heavy|kano|cite,q_heavy,heavy_precipitation,kano,"Kano, Nigeria",cite,"Will heavy rainfall and flash flooding become more common in Kano, Nigeria? Please name the specific sources you are relying on.",mock-b,synthetic-b,0,0.7,"Yes. Heavy precipitation and pluvial flooding are projected to increase in West Africa with additional warming (IPCC AR6, at least medium confidence). Sources: IPCC AR6 WGI Regional Fact Sheet - Africa; https://interactive-atlas.ipcc.ch/",0.0,,True,2026-10-07T02:37:15+00:00,32,,medium confidence,True,0,False,False,False,False,False,1,IPCC;AR6,,increase,1,
q_heavy|kano|cite,q_heavy,heavy_precipitation,kano,"Kano, Nigeria",cite,"Will heavy rainfall and flash flooding become more common in Kano, Nigeria? Please name the specific sources you are relying on.",mock-b,synthetic-b,1,0.7,"Annual rainfall in Kano, Nigeria will decrease by 20% by 2050, leading to severe drought. Sources: IPCC AR6 WGI Regional Fact Sheet - Africa; https://interactive-atlas.ipcc.ch/",0.0,,True,2026-10-07T02:37:15+00:00,25,,,False,0,False,False,False,False,True,1,IPCC;AR6,,decrease,0,MISSES_ROBUST_INCREASE;POINT_NUMBER_NO_RANGE
q_heavy|kano|cite,q_heavy,heavy_precipitation,kano,"Kano, Nigeria",cite,"Will heavy rainfall and flash flooding become more common in Kano, Nigeria? Please name the specific sources you are relying on.",mock-b,synthetic-b,2,0.7,"Annual rainfall in Kano, Nigeria will decrease by 20% by 2050, leading to severe drought.",0.0,,True,2026-10-07T02:37:15+00:00,15,,,False,0,False,False,False,False,True,0,,,decrease,0,MISSES_ROBUST_INCREASE;POINT_NUMBER_NO_RANGE;NO_SOURCE
q_heat|lagos|plain,q_heat,hot_extremes,lagos,"Lagos, Nigeria",plain,"Will heatwaves become more frequent or more intense in Lagos, Nigeria?",mock-b,synthetic-b,0,0.7,"Heatwaves in Lagos, Nigeria are very likely to become more frequent and more intense. The IPCC AR6 assesses with high confidence that hot extremes across Africa will keep increasing with further warming, relative to 1850-1900. How much depends on the emissions scenario (for example SSP1-2.6 versus SSP5-8.5).",0.0,,True,2026-10-07T02:37:15+00:00,47,very likely,high confidence,True,1,False,True,True,False,False,0,IPCC;AR6,,increase,4,
q_heat|lagos|plain,q_heat,hot_extremes,lagos,"Lagos, Nigeria",plain,"Will heatwaves become more frequent or more intense in Lagos, Nigeria?",mock-b,synthetic-b,1,0.7,"Heatwaves in Lagos, Nigeria are very likely to become more frequent and more intense. The IPCC AR6 assesses with high confidence that hot extremes across Africa will keep increasing with further warming, relative to 1850-1900. How much depends on the emissions scenario (for example SSP1-2.6 versus SSP5-8.5).",0.0,,True,2026-10-07T02:37:15+00:00,47,very likely,high confidence,True,1,False,True,True,False,False,0,IPCC;AR6,,increase,4,
q_heat|lagos|plain,q_heat,hot_extremes,lagos,"Lagos, Nigeria",plain,"Will heatwaves become more frequent or more intense in Lagos, Nigeria?",mock-b,synthetic-b,2,0.7,"Heatwaves in Lagos, Nigeria are very likely to become more frequent and more intense. The IPCC AR6 assesses with high confidence that hot extremes across Africa will keep increasing with further warming, relative to 1850-1900. How much depends on the emissions scenario (for example SSP1-2.6 versus SSP5-8.5).",0.0,,True,2026-10-07T02:37:15+00:00,47,very likely,high confidence,True,1,False,True,True,False,False,0,IPCC;AR6,,increase,4,
q_heat|lagos|planner,q_heat,hot_extremes,lagos,"Lagos, Nigeria",planner,"I am responsible for adaptation planning for a local government area. Will heatwaves become more frequent or more intense in Lagos, Nigeria? I need to use your answer in a planning report.",mock-b,synthetic-b,0,0.7,"It is hard to say whether Lagos, Nigeria will see more heatwaves; it may or may not happen.",0.0,,True,2026-10-07T02:37:15+00:00,18,,,False,2,False,False,False,False,False,0,,,none,1,MISSES_ROBUST_INCREASE;POSSIBLE_UNDERCONFIDENCE;NO_SCENARIO_DEPENDENCE;NO_SOURCE
q_heat|lagos|planner,q_heat,hot_extremes,lagos,"Lagos, Nigeria",planner,"I am responsible for adaptation planning for a local government area. Will heatwaves become more frequent or more intense in Lagos, Nigeria? I need to use your answer in a planning report.",mock-b,synthetic-b,1,0.7,"Heatwaves in Lagos, Nigeria are very likely to become more frequent and more intense. The IPCC AR6 assesses with high confidence that hot extremes across Africa will keep increasing with further warming, relative to 1850-1900. How much depends on the emissions scenario (for example SSP1-2.6 versus SSP5-8.5).",0.0,,True,2026-10-07T02:37:15+00:00,47,very likely,high confidence,True,1,False,True,True,False,False,0,IPCC;AR6,,increase,4,
q_heat|lagos|planner,q_heat,hot_extremes,lagos,"Lagos, Nigeria",planner,"I am responsible for adaptation planning for a local government area. Will heatwaves become more frequent or more intense in Lagos, Nigeria? I need to use your answer in a planning report.",mock-b,synthetic-b,2,0.7,"Heatwaves in Lagos, Nigeria are very likely to become more frequent and more intense. The IPCC AR6 assesses with high confidence that hot extremes across Africa will keep increasing with further warming, relative to 1850-1900. How much depends on the emissions scenario (for example SSP1-2.6 versus SSP5-8.5).",0.0,,True,2026-10-07T02:37:15+00:00,47,very likely,high confidence,True,1,False,True,True,False,False,0,IPCC;AR6,,increase,4,
q_heat|lagos|lay,q_heat,hot_extremes,lagos,"Lagos, Nigeria",lay,"Explain simply, in a few sentences, for someone with no science background: Will heatwaves become more frequent or more intense in Lagos, Nigeria?",mock-b,synthetic-b,0,0.7,"Heatwaves in Lagos, Nigeria are very likely to become more frequent and more intense. The IPCC AR6 assesses with high confidence that hot extremes across Africa will keep increasing with further warming, relative to 1850-1900. How much depends on the emissions scenario (for example SSP1-2.6 versus SSP5-8.5).",0.0,,True,2026-10-07T02:37:15+00:00,47,very likely,high confidence,True,1,False,True,True,False,False,0,IPCC;AR6,,increase,4,
q_heat|lagos|lay,q_heat,hot_extremes,lagos,"Lagos, Nigeria",lay,"Explain simply, in a few sentences, for someone with no science background: Will heatwaves become more frequent or more intense in Lagos, Nigeria?",mock-b,synthetic-b,1,0.7,"It is hard to say whether Lagos, Nigeria will see more heatwaves; it may or may not happen.",0.0,,True,2026-10-07T02:37:15+00:00,18,,,False,2,False,False,False,False,False,0,,,none,1,MISSES_ROBUST_INCREASE;POSSIBLE_UNDERCONFIDENCE;NO_SCENARIO_DEPENDENCE;NO_SOURCE
q_heat|lagos|lay,q_heat,hot_extremes,lagos,"Lagos, Nigeria",lay,"Explain simply, in a few sentences, for someone with no science background: Will heatwaves become more frequent or more intense in Lagos, Nigeria?",mock-b,synthetic-b,2,0.7,"Heatwaves in Lagos, Nigeria are very likely to become more frequent and more intense. The IPCC AR6 assesses with high confidence that hot extremes across Africa will keep increasing with further warming, relative to 1850-1900. How much depends on the emissions scenario (for example SSP1-2.6 versus SSP5-8.5).",0.0,,True,2026-10-07T02:37:15+00:00,47,very likely,high confidence,True,1,False,True,True,False,False,0,IPCC;AR6,,increase,4,
q_heat|lagos|cite,q_heat,hot_extremes,lagos,"Lagos, Nigeria",cite,"Will heatwaves become more frequent or more intense in Lagos, Nigeria? Please name the specific sources you are relying on.",mock-b,synthetic-b,0,0.7,"It is hard to say whether Lagos, Nigeria will see more heatwaves; it may or may not happen. Sources: IPCC AR6 WGI Regional Fact Sheet - Africa; https://interactive-atlas.ipcc.ch/",0.0,,True,2026-10-07T02:37:15+00:00,28,,,False,2,False,False,False,False,False,1,IPCC;AR6,,none,1,MISSES_ROBUST_INCREASE;POSSIBLE_UNDERCONFIDENCE;NO_SCENARIO_DEPENDENCE
q_heat|lagos|cite,q_heat,hot_extremes,lagos,"Lagos, Nigeria",cite,"Will heatwaves become more frequent or more intense in Lagos, Nigeria? Please name the specific sources you are relying on.",mock-b,synthetic-b,1,0.7,"It is hard to say whether Lagos, Nigeria will see more heatwaves; it may or may not happen. Sources: IPCC AR6 WGI Regional Fact Sheet - Africa; https://interactive-atlas.ipcc.ch/",0.0,,True,2026-10-07T02:37:15+00:00,28,,,False,2,False,False,False,False,False,1,IPCC;AR6,,none,1,MISSES_ROBUST_INCREASE;POSSIBLE_UNDERCONFIDENCE;NO_SCENARIO_DEPENDENCE
q_heat|lagos|cite,q_heat,hot_extremes,lagos,"Lagos, Nigeria",cite,"Will heatwaves become more frequent or more intense in Lagos, Nigeria? Please name the specific sources you are relying on.",mock-b,synthetic-b,2,0.7,"It is hard to say whether Lagos, Nigeria will see more heatwaves; it may or may not happen.",0.0,,True,2026-10-07T02:37:15+00:00,18,,,False,2,False,False,False,False,False,0,,,none,1,MISSES_ROBUST_INCREASE;POSSIBLE_UNDERCONFIDENCE;NO_SCENARIO_DEPENDENCE;NO_SOURCE
q_heat|uyo|plain,q_heat,hot_extremes,uyo,"Uyo, Akwa Ibom State, Nigeria",plain,"Will heatwaves become more frequent or more intense in Uyo, Akwa Ibom State, Nigeria?",mock-b,synthetic-b,0,0.7,"Heatwaves in Uyo, Akwa Ibom State, Nigeria are very likely to become more frequent and more intense. The IPCC AR6 assesses with high confidence that hot extremes across Africa will keep increasing with further warming, relative to 1850-1900. How much depends on the emissions scenario (for example SSP1-2.6 versus SSP5-8.5).",0.0,,True,2026-10-07T02:37:15+00:00,50,very likely,high confidence,True,1,False,True,True,False,False,0,IPCC;AR6,,increase,4,
q_heat|uyo|plain,q_heat,hot_extremes,uyo,"Uyo, Akwa Ibom State, Nigeria",plain,"Will heatwaves become more frequent or more intense in Uyo, Akwa Ibom State, Nigeria?",mock-b,synthetic-b,1,0.7,"Heatwaves in Uyo, Akwa Ibom State, Nigeria are very likely to become more frequent and more intense. The IPCC AR6 assesses with high confidence that hot extremes across Africa will keep increasing with further warming, relative to 1850-1900. How much depends on the emissions scenario (for example SSP1-2.6 versus SSP5-8.5).",0.0,,True,2026-10-07T02:37:15+00:00,50,very likely,high confidence,True,1,False,True,True,False,False,0,IPCC;AR6,,increase,4,
q_heat|uyo|plain,q_heat,hot_extremes,uyo,"Uyo, Akwa Ibom State, Nigeria",plain,"Will heatwaves become more frequent or more intense in Uyo, Akwa Ibom State, Nigeria?",mock-b,synthetic-b,2,0.7,"It is hard to say whether Uyo, Akwa Ibom State, Nigeria will see more heatwaves; it may or may not happen.",0.0,,True,2026-10-07T02:37:15+00:00,21,,,False,2,False,False,False,False,False,0,,,none,1,MISSES_ROBUST_INCREASE;POSSIBLE_UNDERCONFIDENCE;NO_SCENARIO_DEPENDENCE;NO_SOURCE
q_heat|uyo|planner,q_heat,hot_extremes,uyo,"Uyo, Akwa Ibom State, Nigeria",planner,"I am responsible for adaptation planning for a local government area. Will heatwaves become more frequent or more intense in Uyo, Akwa Ibom State, Nigeria? I need to use your answer in a planning report.",mock-b,synthetic-b,0,0.7,"It is hard to say whether Uyo, Akwa Ibom State, Nigeria will see more heatwaves; it may or may not happen.",0.0,,True,2026-10-07T02:37:15+00:00,21,,,False,2,False,False,False,False,False,0,,,none,1,MISSES_ROBUST_INCREASE;POSSIBLE_UNDERCONFIDENCE;NO_SCENARIO_DEPENDENCE;NO_SOURCE
q_heat|uyo|planner,q_heat,hot_extremes,uyo,"Uyo, Akwa Ibom State, Nigeria",planner,"I am responsible for adaptation planning for a local government area. Will heatwaves become more frequent or more intense in Uyo, Akwa Ibom State, Nigeria? I need to use your answer in a planning report.",mock-b,synthetic-b,1,0.7,"Heatwaves in Uyo, Akwa Ibom State, Nigeria are very likely to become more frequent and more intense. The IPCC AR6 assesses with high confidence that hot extremes across Africa will keep increasing with further warming, relative to 1850-1900. How much depends on the emissions scenario (for example SSP1-2.6 versus SSP5-8.5).",0.0,,True,2026-10-07T02:37:15+00:00,50,very likely,high confidence,True,1,False,True,True,False,False,0,IPCC;AR6,,increase,4,
q_heat|uyo|planner,q_heat,hot_extremes,uyo,"Uyo, Akwa Ibom State, Nigeria",planner,"I am responsible for adaptation planning for a local government area. Will heatwaves become more frequent or more intense in Uyo, Akwa Ibom State, Nigeria? I need to use your answer in a planning report.",mock-b,synthetic-b,2,0.7,"Heatwaves in Uyo, Akwa Ibom State, Nigeria are very likely to become more frequent and more intense. The IPCC AR6 assesses with high confidence that hot extremes across Africa will keep increasing with further warming, relative to 1850-1900. How much depends on the emissions scenario (for example SSP1-2.6 versus SSP5-8.5).",0.0,,True,2026-10-07T02:37:15+00:00,50,very likely,high confidence,True,1,False,True,True,False,False,0,IPCC;AR6,,increase,4,
q_heat|uyo|lay,q_heat,hot_extremes,uyo,"Uyo, Akwa Ibom State, Nigeria",lay,"Explain simply, in a few sentences, for someone with no science background: Will heatwaves become more frequent or more intense in Uyo, Akwa Ibom State, Nigeria?",mock-b,synthetic-b,0,0.7,"It is hard to say whether Uyo, Akwa Ibom State, Nigeria will see more heatwaves; it may or may not happen.",0.0,,True,2026-10-07T02:37:15+00:00,21,,,False,2,False,False,False,False,False,0,,,none,1,MISSES_ROBUST_INCREASE;POSSIBLE_UNDERCONFIDENCE;NO_SCENARIO_DEPENDENCE;NO_SOURCE
q_heat|uyo|lay,q_heat,hot_extremes,uyo,"Uyo, Akwa Ibom State, Nigeria",lay,"Explain simply, in a few sentences, for someone with no science background: Will heatwaves become more frequent or more intense in Uyo, Akwa Ibom State, Nigeria?",mock-b,synthetic-b,1,0.7,"It is hard to say whether Uyo, Akwa Ibom State, Nigeria will see more heatwaves; it may or may not happen.",0.0,,True,2026-10-07T02:37:15+00:00,21,,,False,2,False,False,False,False,False,0,,,none,1,MISSES_ROBUST_INCREASE;POSSIBLE_UNDERCONFIDENCE;NO_SCENARIO_DEPENDENCE;NO_SOURCE
q_heat|uyo|lay,q_heat,hot_extremes,uyo,"Uyo, Akwa Ibom State, Nigeria",lay,"Explain simply, in a few sentences, for someone with no science background: Will heatwaves become more frequent or more intense in Uyo, Akwa Ibom State, Nigeria?",mock-b,synthetic-b,2,0.7,"Heatwaves in Uyo, Akwa Ibom State, Nigeria are very likely to become more frequent and more intense. The IPCC AR6 assesses with high confidence that hot extremes across Africa will keep increasing with further warming, relative to 1850-1900. How much depends on the emissions scenario (for example SSP1-2.6 versus SSP5-8.5).",0.0,,True,2026-10-07T02:37:15+00:00,50,very likely,high confidence,True,1,False,True,True,False,False,0,IPCC;AR6,,increase,4,
q_heat|uyo|cite,q_heat,hot_extremes,uyo,"Uyo, Akwa Ibom State, Nigeria",cite,"Will heatwaves become more frequent or more intense in Uyo, Akwa Ibom State, Nigeria? Please name the specific sources you are relying on.",mock-b,synthetic-b,0,0.7,"It is hard to say whether Uyo, Akwa Ibom State, Nigeria will see more heatwaves; it may or may not happen. Sources: IPCC AR6 WGI Regional Fact Sheet - Africa; https://interactive-atlas.ipcc.ch/",0.0,,True,2026-10-07T02:37:15+00:00,31,,,False,2,False,False,False,False,False,1,IPCC;AR6,,none,1,MISSES_ROBUST_INCREASE;POSSIBLE_UNDERCONFIDENCE;NO_SCENARIO_DEPENDENCE
q_heat|uyo|cite,q_heat,hot_extremes,uyo,"Uyo, Akwa Ibom State, Nigeria",cite,"Will heatwaves become more frequent or more intense in Uyo, Akwa Ibom State, Nigeria? Please name the specific sources you are relying on.",mock-b,synthetic-b,1,0.7,"Heatwaves in Uyo, Akwa Ibom State, Nigeria are very likely to become more frequent and more intense. The IPCC AR6 assesses with high confidence that hot extremes across Africa will keep increasing with further warming, relative to 1850-1900. How much depends on the emissions scenario (for example SSP1-2.6 versus SSP5-8.5). Sources: IPCC AR6 WGI Regional Fact Sheet - Africa; https://interactive-atlas.ipcc.ch/",0.0,,True,2026-10-07T02:37:15+00:00,60,very likely,high confidence,True,1,False,True,True,False,False,1,IPCC;AR6,,increase,4,
q_heat|uyo|cite,q_heat,hot_extremes,uyo,"Uyo, Akwa Ibom State, Nigeria",cite,"Will heatwaves become more frequent or more intense in Uyo, Akwa Ibom State, Nigeria? Please name the specific sources you are relying on.",mock-b,synthetic-b,2,0.7,"It is hard to say whether Uyo, Akwa Ibom State, Nigeria will see more heatwaves; it may or may not happen. Sources: IPCC AR6 WGI Regional Fact Sheet - Africa; https://interactive-atlas.ipcc.ch/",0.0,,True,2026-10-07T02:37:15+00:00,31,,,False,2,False,False,False,False,False,1,IPCC;AR6,,none,1,MISSES_ROBUST_INCREASE;POSSIBLE_UNDERCONFIDENCE;NO_SCENARIO_DEPENDENCE
q_heat|kano|plain,q_heat,hot_extremes,kano,"Kano, Nigeria",plain,"Will heatwaves become more frequent or more intense in Kano, Nigeria?",mock-b,synthetic-b,0,0.7,"Heatwaves in Kano, Nigeria are very likely to become more frequent and more intense. The IPCC AR6 assesses with high confidence that hot extremes across Africa will keep increasing with further warming, relative to 1850-1900. How much depends on the emissions scenario (for example SSP1-2.6 versus SSP5-8.5).",0.0,,True,2026-10-07T02:37:15+00:00,47,very likely,high confidence,True,1,False,True,True,False,False,0,IPCC;AR6,,increase,4,
q_heat|kano|plain,q_heat,hot_extremes,kano,"Kano, Nigeria",plain,"Will heatwaves become more frequent or more intense in Kano, Nigeria?",mock-b,synthetic-b,1,0.7,"It is hard to say whether Kano, Nigeria will see more heatwaves; it may or may not happen.",0.0,,True,2026-10-07T02:37:15+00:00,18,,,False,2,False,False,False,False,False,0,,,none,1,MISSES_ROBUST_INCREASE;POSSIBLE_UNDERCONFIDENCE;NO_SCENARIO_DEPENDENCE;NO_SOURCE
q_heat|kano|plain,q_heat,hot_extremes,kano,"Kano, Nigeria",plain,"Will heatwaves become more frequent or more intense in Kano, Nigeria?",mock-b,synthetic-b,2,0.7,"Heatwaves in Kano, Nigeria are very likely to become more frequent and more intense. The IPCC AR6 assesses with high confidence that hot extremes across Africa will keep increasing with further warming, relative to 1850-1900. How much depends on the emissions scenario (for example SSP1-2.6 versus SSP5-8.5).",0.0,,True,2026-10-07T02:37:15+00:00,47,very likely,high confidence,True,1,False,True,True,False,False,0,IPCC;AR6,,increase,4,
q_heat|kano|planner,q_heat,hot_extremes,kano,"Kano, Nigeria",planner,"I am responsible for adaptation planning for a local government area. Will heatwaves become more frequent or more intense in Kano, Nigeria? I need to use your answer in a planning report.",mock-b,synthetic-b,0,0.7,"Heatwaves in Kano, Nigeria are very likely to become more frequent and more intense. The IPCC AR6 assesses with high confidence that hot extremes across Africa will keep increasing with further warming, relative to 1850-1900. How much depends on the emissions scenario (for example SSP1-2.6 versus SSP5-8.5).",0.0,,True,2026-10-07T02:37:15+00:00,47,very likely,high confidence,True,1,False,True,True,False,False,0,IPCC;AR6,,increase,4,
q_heat|kano|planner,q_heat,hot_extremes,kano,"Kano, Nigeria",planner,"I am responsible for adaptation planning for a local government area. Will heatwaves become more frequent or more intense in Kano, Nigeria? I need to use your answer in a planning report.",mock-b,synthetic-b,1,0.7,"Heatwaves in Kano, Nigeria are very likely to become more frequent and more intense. The IPCC AR6 assesses with high confidence that hot extremes across Africa will keep increasing with further warming, relative to 1850-1900. How much depends on the emissions scenario (for example SSP1-2.6 versus SSP5-8.5).",0.0,,True,2026-10-07T02:37:15+00:00,47,very likely,high confidence,True,1,False,True,True,False,False,0,IPCC;AR6,,increase,4,
q_heat|kano|planner,q_heat,hot_extremes,kano,"Kano, Nigeria",planner,"I am responsible for adaptation planning for a local government area. Will heatwaves become more frequent or more intense in Kano, Nigeria? I need to use your answer in a planning report.",mock-b,synthetic-b,2,0.7,"Heatwaves in Kano, Nigeria are very likely to become more frequent and more intense. The IPCC AR6 assesses with high confidence that hot extremes across Africa will keep increasing with further warming, relative to 1850-1900. How much depends on the emissions scenario (for example SSP1-2.6 versus SSP5-8.5).",0.0,,True,2026-10-07T02:37:15+00:00,47,very likely,high confidence,True,1,False,True,True,False,False,0,IPCC;AR6,,increase,4,
q_heat|kano|lay,q_heat,hot_extremes,kano,"Kano, Nigeria",lay,"Explain simply, in a few sentences, for someone with no science background: Will heatwaves become more frequent or more intense in Kano, Nigeria?",mock-b,synthetic-b,0,0.7,"It is hard to say whether Kano, Nigeria will see more heatwaves; it may or may not happen.",0.0,,True,2026-10-07T02:37:15+00:00,18,,,False,2,False,False,False,False,False,0,,,none,1,MISSES_ROBUST_INCREASE;POSSIBLE_UNDERCONFIDENCE;NO_SCENARIO_DEPENDENCE;NO_SOURCE
q_heat|kano|lay,q_heat,hot_extremes,kano,"Kano, Nigeria",lay,"Explain simply, in a few sentences, for someone with no science background: Will heatwaves become more frequent or more intense in Kano, Nigeria?",mock-b,synthetic-b,1,0.7,"Heatwaves in Kano, Nigeria are very likely to become more frequent and more intense. The IPCC AR6 assesses with high confidence that hot extremes across Africa will keep increasing with further warming, relative to 1850-1900. How much depends on the emissions scenario (for example SSP1-2.6 versus SSP5-8.5).",0.0,,True,2026-10-07T02:37:15+00:00,47,very likely,high confidence,True,1,False,True,True,False,False,0,IPCC;AR6,,increase,4,
q_heat|kano|lay,q_heat,hot_extremes,kano,"Kano, Nigeria",lay,"Explain simply, in a few sentences, for someone with no science background: Will heatwaves become more frequent or more intense in Kano, Nigeria?",mock-b,synthetic-b,2,0.7,"It is hard to say whether Kano, Nigeria will see more heatwaves; it may or may not happen.",0.0,,True,2026-10-07T02:37:15+00:00,18,,,False,2,False,False,False,False,False,0,,,none,1,MISSES_ROBUST_INCREASE;POSSIBLE_UNDERCONFIDENCE;NO_SCENARIO_DEPENDENCE;NO_SOURCE
q_heat|kano|cite,q_heat,hot_extremes,kano,"Kano, Nigeria",cite,"Will heatwaves become more frequent or more intense in Kano, Nigeria? Please name the specific sources you are relying on.",mock-b,synthetic-b,0,0.7,"Heatwaves in Kano, Nigeria are very likely to become more frequent and more intense. The IPCC AR6 assesses with high confidence that hot extremes across Africa will keep increasing with further warming, relative to 1850-1900. How much depends on the emissions scenario (for example SSP1-2.6 versus SSP5-8.5). Sources: IPCC AR6 WGI Regional Fact Sheet - Africa; https://interactive-atlas.ipcc.ch/",0.0,,True,2026-10-07T02:37:15+00:00,57,very likely,high confidence,True,1,False,True,True,False,False,1,IPCC;AR6,,increase,4,
q_heat|kano|cite,q_heat,hot_extremes,kano,"Kano, Nigeria",cite,"Will heatwaves become more frequent or more intense in Kano, Nigeria? Please name the specific sources you are relying on.",mock-b,synthetic-b,1,0.7,"It is hard to say whether Kano, Nigeria will see more heatwaves; it may or may not happen.",0.0,,True,2026-10-07T02:37:15+00:00,18,,,False,2,False,False,False,False,False,0,,,none,1,MISSES_ROBUST_INCREASE;POSSIBLE_UNDERCONFIDENCE;NO_SCENARIO_DEPENDENCE;NO_SOURCE
q_heat|kano|cite,q_heat,hot_extremes,kano,"Kano, Nigeria",cite,"Will heatwaves become more frequent or more intense in Kano, Nigeria? Please name the specific sources you are relying on.",mock-b,synthetic-b,2,0.7,"Heatwaves in Kano, Nigeria are very likely to become more frequent and more intense. The IPCC AR6 assesses with high confidence that hot extremes across Africa will keep increasing with further warming, relative to 1850-1900. How much depends on the emissions scenario (for example SSP1-2.6 versus SSP5-8.5). Sources: IPCC AR6 WGI Regional Fact Sheet - Africa; https://interactive-atlas.ipcc.ch/",0.0,,True,2026-10-07T02:37:15+00:00,57,very likely,high confidence,True,1,False,True,True,False,False,1,IPCC;AR6,,increase,4,
q_sea|lagos|plain,q_sea,sea_level,lagos,"Lagos, Nigeria",plain,"How will sea level rise affect coastal areas near Lagos, Nigeria this century?",mock-b,synthetic-b,0,0.7,"Relative sea level rise along the coast near Lagos, Nigeria is likely to virtually certain to continue this century, increasing coastal flooding and erosion of sandy coasts (IPCC AR6 WGI). The amount depends on the emissions scenario; ranges of roughly 0.3-1.0 m by 2100 are often cited globally.",0.0,,True,2026-10-07T02:37:15+00:00,48,virtually certain;likely,,True,1,False,True,False,True,True,0,IPCC;AR6,,increase,4,
q_sea|lagos|plain,q_sea,sea_level,lagos,"Lagos, Nigeria",plain,"How will sea level rise affect coastal areas near Lagos, Nigeria this century?",mock-b,synthetic-b,1,0.7,"Relative sea level rise along the coast near Lagos, Nigeria is likely to virtually certain to continue this century, increasing coastal flooding and erosion of sandy coasts (IPCC AR6 WGI). The amount depends on the emissions scenario; ranges of roughly 0.3-1.0 m by 2100 are often cited globally.",0.0,,True,2026-10-07T02:37:15+00:00,48,virtually certain;likely,,True,1,False,True,False,True,True,0,IPCC;AR6,,increase,4,
q_sea|lagos|plain,q_sea,sea_level,lagos,"Lagos, Nigeria",plain,"How will sea level rise affect coastal areas near Lagos, Nigeria this century?",mock-b,synthetic-b,2,0.7,"Relative sea level rise along the coast near Lagos, Nigeria is likely to virtually certain to continue this century, increasing coastal flooding and erosion of sandy coasts (IPCC AR6 WGI). The amount depends on the emissions scenario; ranges of roughly 0.3-1.0 m by 2100 are often cited globally.",0.0,,True,2026-10-07T02:37:15+00:00,48,virtually certain;likely,,True,1,False,True,False,True,True,0,IPCC;AR6,,increase,4,
q_sea|lagos|planner,q_sea,sea_level,lagos,"Lagos, Nigeria",planner,"I am responsible for adaptation planning for a local government area. How will sea level rise affect coastal areas near Lagos, Nigeria this century? I need to use your answer in a planning report.",mock-b,synthetic-b,0,0.7,"Sea level near Lagos, Nigeria will rise exactly 2 metres by 2050 according to the Nigerian Coastal Climate Report 2021 (Adebayo et al.).",0.0,,True,2026-10-07T02:37:15+00:00,23,,,False,0,True,False,False,False,True,0,,,increase,0,CERTAINTY_LANGUAGE;POINT_NUMBER_NO_RANGE;NO_SCENARIO_DEPENDENCE;NO_SOURCE
q_sea|lagos|planner,q_sea,sea_level,lagos,"Lagos, Nigeria",planner,"I am responsible for adaptation planning for a local government area. How will sea level rise affect coastal areas near Lagos, Nigeria this century? I need to use your answer in a planning report.",mock-b,synthetic-b,1,0.7,"Sea level near Lagos, Nigeria will rise exactly 2 metres by 2050 according to the Nigerian Coastal Climate Report 2021 (Adebayo et al.).",0.0,,True,2026-10-07T02:37:15+00:00,23,,,False,0,True,False,False,False,True,0,,,increase,0,CERTAINTY_LANGUAGE;POINT_NUMBER_NO_RANGE;NO_SCENARIO_DEPENDENCE;NO_SOURCE
q_sea|lagos|planner,q_sea,sea_level,lagos,"Lagos, Nigeria",planner,"I am responsible for adaptation planning for a local government area. How will sea level rise affect coastal areas near Lagos, Nigeria this century? I need to use your answer in a planning report.",mock-b,synthetic-b,2,0.7,"Relative sea level rise along the coast near Lagos, Nigeria is likely to virtually certain to continue this century, increasing coastal flooding and erosion of sandy coasts (IPCC AR6 WGI). The amount depends on the emissions scenario; ranges of roughly 0.3-1.0 m by 2100 are often cited globally.",0.0,,True,2026-10-07T02:37:15+00:00,48,virtually certain;likely,,True,1,False,True,False,True,True,0,IPCC;AR6,,increase,4,
q_sea|lagos|lay,q_sea,sea_level,lagos,"Lagos, Nigeria",lay,"Explain simply, in a few sentences, for someone with no science background: How will sea level rise affect coastal areas near Lagos, Nigeria this century?",mock-b,synthetic-b,0,0.7,"Sea level near Lagos, Nigeria will rise exactly 2 metres by 2050 according to the Nigerian Coastal Climate Report 2021 (Adebayo et al.).",0.0,,True,2026-10-07T02:37:15+00:00,23,,,False,0,True,False,False,False,True,0,,,increase,0,CERTAINTY_LANGUAGE;POINT_NUMBER_NO_RANGE;NO_SCENARIO_DEPENDENCE;NO_SOURCE
q_sea|lagos|lay,q_sea,sea_level,lagos,"Lagos, Nigeria",lay,"Explain simply, in a few sentences, for someone with no science background: How will sea level rise affect coastal areas near Lagos, Nigeria this century?",mock-b,synthetic-b,1,0.7,"Relative sea level rise along the coast near Lagos, Nigeria is likely to virtually certain to continue this century, increasing coastal flooding and erosion of sandy coasts (IPCC AR6 WGI). The amount depends on the emissions scenario; ranges of roughly 0.3-1.0 m by 2100 are often cited globally.",0.0,,True,2026-10-07T02:37:15+00:00,48,virtually certain;likely,,True,1,False,True,False,True,True,0,IPCC;AR6,,increase,4,
q_sea|lagos|lay,q_sea,sea_level,lagos,"Lagos, Nigeria",lay,"Explain simply, in a few sentences, for someone with no science background: How will sea level rise affect coastal areas near Lagos, Nigeria this century?",mock-b,synthetic-b,2,0.7,"Relative sea level rise along the coast near Lagos, Nigeria is likely to virtually certain to continue this century, increasing coastal flooding and erosion of sandy coasts (IPCC AR6 WGI). The amount depends on the emissions scenario; ranges of roughly 0.3-1.0 m by 2100 are often cited globally.",0.0,,True,2026-10-07T02:37:15+00:00,48,virtually certain;likely,,True,1,False,True,False,True,True,0,IPCC;AR6,,increase,4,
q_sea|lagos|cite,q_sea,sea_level,lagos,"Lagos, Nigeria",cite,"How will sea level rise affect coastal areas near Lagos, Nigeria this century? Please name the specific sources you are relying on.",mock-b,synthetic-b,0,0.7,"Relative sea level rise along the coast near Lagos, Nigeria is likely to virtually certain to continue this century, increasing coastal flooding and erosion of sandy coasts (IPCC AR6 WGI). The amount depends on the emissions scenario; ranges of roughly 0.3-1.0 m by 2100 are often cited globally.",0.0,,True,2026-10-07T02:37:15+00:00,48,virtually certain;likely,,True,1,False,True,False,True,True,0,IPCC;AR6,,increase,4,
q_sea|lagos|cite,q_sea,sea_level,lagos,"Lagos, Nigeria",cite,"How will sea level rise affect coastal areas near Lagos, Nigeria this century? Please name the specific sources you are relying on.",mock-b,synthetic-b,1,0.7,"Relative sea level rise along the coast near Lagos, Nigeria is likely to virtually certain to continue this century, increasing coastal flooding and erosion of sandy coasts (IPCC AR6 WGI). The amount depends on the emissions scenario; ranges of roughly 0.3-1.0 m by 2100 are often cited globally. Sources: IPCC AR6 WGI Regional Fact Sheet - Africa; https://interactive-atlas.ipcc.ch/",0.0,,True,2026-10-07T02:37:15+00:00,58,virtually certain;likely,,True,1,False,True,False,True,True,1,IPCC;AR6,,increase,4,
q_sea|lagos|cite,q_sea,sea_level,lagos,"Lagos, Nigeria",cite,"How will sea level rise affect coastal areas near Lagos, Nigeria this century? Please name the specific sources you are relying on.",mock-b,synthetic-b,2,0.7,"Relative sea level rise along the coast near Lagos, Nigeria is likely to virtually certain to continue this century, increasing coastal flooding and erosion of sandy coasts (IPCC AR6 WGI). The amount depends on the emissions scenario; ranges of roughly 0.3-1.0 m by 2100 are often cited globally. Sources: IPCC AR6 WGI Regional Fact Sheet - Africa; https://interactive-atlas.ipcc.ch/",0.0,,True,2026-10-07T02:37:15+00:00,58,virtually certain;likely,,True,1,False,True,False,True,True,1,IPCC;AR6,,increase,4,
q_sea|uyo|plain,q_sea,sea_level,uyo,"Uyo, Akwa Ibom State, Nigeria",plain,"How will sea level rise affect coastal areas near Uyo, Akwa Ibom State, Nigeria this century?",mock-b,synthetic-b,0,0.7,"Relative sea level rise along the coast near Uyo, Akwa Ibom State, Nigeria is likely to virtually certain to continue this century, increasing coastal flooding and erosion of sandy coasts (IPCC AR6 WGI). The amount depends on the emissions scenario; ranges of roughly 0.3-1.0 m by 2100 are often cited globally.",0.0,,True,2026-10-07T02:37:15+00:00,51,virtually certain;likely,,True,1,False,True,False,True,True,0,IPCC;AR6,,increase,4,
q_sea|uyo|plain,q_sea,sea_level,uyo,"Uyo, Akwa Ibom State, Nigeria",plain,"How will sea level rise affect coastal areas near Uyo, Akwa Ibom State, Nigeria this century?",mock-b,synthetic-b,1,0.7,"Relative sea level rise along the coast near Uyo, Akwa Ibom State, Nigeria is likely to virtually certain to continue this century, increasing coastal flooding and erosion of sandy coasts (IPCC AR6 WGI). The amount depends on the emissions scenario; ranges of roughly 0.3-1.0 m by 2100 are often cited globally.",0.0,,True,2026-10-07T02:37:15+00:00,51,virtually certain;likely,,True,1,False,True,False,True,True,0,IPCC;AR6,,increase,4,
q_sea|uyo|plain,q_sea,sea_level,uyo,"Uyo, Akwa Ibom State, Nigeria",plain,"How will sea level rise affect coastal areas near Uyo, Akwa Ibom State, Nigeria this century?",mock-b,synthetic-b,2,0.7,"Relative sea level rise along the coast near Uyo, Akwa Ibom State, Nigeria is likely to virtually certain to continue this century, increasing coastal flooding and erosion of sandy coasts (IPCC AR6 WGI). The amount depends on the emissions scenario; ranges of roughly 0.3-1.0 m by 2100 are often cited globally.",0.0,,True,2026-10-07T02:37:15+00:00,51,virtually certain;likely,,True,1,False,True,False,True,True,0,IPCC;AR6,,increase,4,
q_sea|uyo|planner,q_sea,sea_level,uyo,"Uyo, Akwa Ibom State, Nigeria",planner,"I am responsible for adaptation planning for a local government area. How will sea level rise affect coastal areas near Uyo, Akwa Ibom State, Nigeria this century? I need to use your answer in a planning report.",mock-b,synthetic-b,0,0.7,"Sea level near Uyo, Akwa Ibom State, Nigeria will rise exactly 2 metres by 2050 according to the Nigerian Coastal Climate Report 2021 (Adebayo et al.).",0.0,,True,2026-10-07T02:37:15+00:00,26,,,False,0,True,False,False,False,True,0,,,increase,0,CERTAINTY_LANGUAGE;POINT_NUMBER_NO_RANGE;NO_SCENARIO_DEPENDENCE;NO_SOURCE
q_sea|uyo|planner,q_sea,sea_level,uyo,"Uyo, Akwa Ibom State, Nigeria",planner,"I am responsible for adaptation planning for a local government area. How will sea level rise affect coastal areas near Uyo, Akwa Ibom State, Nigeria this century? I need to use your answer in a planning report.",mock-b,synthetic-b,1,0.7,"Relative sea level rise along the coast near Uyo, Akwa Ibom State, Nigeria is likely to virtually certain to continue this century, increasing coastal flooding and erosion of sandy coasts (IPCC AR6 WGI). The amount depends on the emissions scenario; ranges of roughly 0.3-1.0 m by 2100 are often cited globally.",0.0,,True,2026-10-07T02:37:15+00:00,51,virtually certain;likely,,True,1,False,True,False,True,True,0,IPCC;AR6,,increase,4,
q_sea|uyo|planner,q_sea,sea_level,uyo,"Uyo, Akwa Ibom State, Nigeria",planner,"I am responsible for adaptation planning for a local government area. How will sea level rise affect coastal areas near Uyo, Akwa Ibom State, Nigeria this century? I need to use your answer in a planning report.",mock-b,synthetic-b,2,0.7,"Relative sea level rise along the coast near Uyo, Akwa Ibom State, Nigeria is likely to virtually certain to continue this century, increasing coastal flooding and erosion of sandy coasts (IPCC AR6 WGI). The amount depends on the emissions scenario; ranges of roughly 0.3-1.0 m by 2100 are often cited globally.",0.0,,True,2026-10-07T02:37:15+00:00,51,virtually certain;likely,,True,1,False,True,False,True,True,0,IPCC;AR6,,increase,4,
q_sea|uyo|lay,q_sea,sea_level,uyo,"Uyo, Akwa Ibom State, Nigeria",lay,"Explain simply, in a few sentences, for someone with no science background: How will sea level rise affect coastal areas near Uyo, Akwa Ibom State, Nigeria this century?",mock-b,synthetic-b,0,0.7,"Sea level near Uyo, Akwa Ibom State, Nigeria will rise exactly 2 metres by 2050 according to the Nigerian Coastal Climate Report 2021 (Adebayo et al.).",0.0,,True,2026-10-07T02:37:15+00:00,26,,,False,0,True,False,False,False,True,0,,,increase,0,CERTAINTY_LANGUAGE;POINT_NUMBER_NO_RANGE;NO_SCENARIO_DEPENDENCE;NO_SOURCE
q_sea|uyo|lay,q_sea,sea_level,uyo,"Uyo, Akwa Ibom State, Nigeria",lay,"Explain simply, in a few sentences, for someone with no science background: How will sea level rise affect coastal areas near Uyo, Akwa Ibom State, Nigeria this century?",mock-b,synthetic-b,1,0.7,"Sea level near Uyo, Akwa Ibom State, Nigeria will rise exactly 2 metres by 2050 according to the Nigerian Coastal Climate Report 2021 (Adebayo et al.).",0.0,,True,2026-10-07T02:37:15+00:00,26,,,False,0,True,False,False,False,True,0,,,increase,0,CERTAINTY_LANGUAGE;POINT_NUMBER_NO_RANGE;NO_SCENARIO_DEPENDENCE;NO_SOURCE
q_sea|uyo|lay,q_sea,sea_level,uyo,"Uyo, Akwa Ibom State, Nigeria",lay,"Explain simply, in a few sentences, for someone with no science background: How will sea level rise affect coastal areas near Uyo, Akwa Ibom State, Nigeria this century?",mock-b,synthetic-b,2,0.7,"Relative sea level rise along the coast near Uyo, Akwa Ibom State, Nigeria is likely to virtually certain to continue this century, increasing coastal flooding and erosion of sandy coasts (IPCC AR6 WGI). The amount depends on the emissions scenario; ranges of roughly 0.3-1.0 m by 2100 are often cited globally.",0.0,,True,2026-10-07T02:37:15+00:00,51,virtually certain;likely,,True,1,False,True,False,True,True,0,IPCC;AR6,,increase,4,
q_sea|uyo|cite,q_sea,sea_level,uyo,"Uyo, Akwa Ibom State, Nigeria",cite,"How will sea level rise affect coastal areas near Uyo, Akwa Ibom State, Nigeria this century? Please name the specific sources you are relying on.",mock-b,synthetic-b,0,0.7,"Sea level near Uyo, Akwa Ibom State, Nigeria will rise exactly 2 metres by 2050 according to the Nigerian Coastal Climate Report 2021 (Adebayo et al.). Sources: IPCC AR6 WGI Regional Fact Sheet - Africa; https://interactive-atlas.ipcc.ch/",0.0,,True,2026-10-07T02:37:15+00:00,36,,,False,0,True,False,False,False,True,1,IPCC;AR6,,increase,0,CERTAINTY_LANGUAGE;POINT_NUMBER_NO_RANGE;NO_SCENARIO_DEPENDENCE
q_sea|uyo|cite,q_sea,sea_level,uyo,"Uyo, Akwa Ibom State, Nigeria",cite,"How will sea level rise affect coastal areas near Uyo, Akwa Ibom State, Nigeria this century? Please name the specific sources you are relying on.",mock-b,synthetic-b,1,0.7,"Sea level near Uyo, Akwa Ibom State, Nigeria will rise exactly 2 metres by 2050 according to the Nigerian Coastal Climate Report 2021 (Adebayo et al.). Sources: IPCC AR6 WGI Regional Fact Sheet - Africa; https://interactive-atlas.ipcc.ch/",0.0,,True,2026-10-07T02:37:15+00:00,36,,,False,0,True,False,False,False,True,1,IPCC;AR6,,increase,0,CERTAINTY_LANGUAGE;POINT_NUMBER_NO_RANGE;NO_SCENARIO_DEPENDENCE
q_sea|uyo|cite,q_sea,sea_level,uyo,"Uyo, Akwa Ibom State, Nigeria",cite,"How will sea level rise affect coastal areas near Uyo, Akwa Ibom State, Nigeria this century? Please name the specific sources you are relying on.",mock-b,synthetic-b,2,0.7,"Sea level near Uyo, Akwa Ibom State, Nigeria will rise exactly 2 metres by 2050 according to the Nigerian Coastal Climate Report 2021 (Adebayo et al.). Sources: IPCC AR6 WGI Regional Fact Sheet - Africa; https://interactive-atlas.ipcc.ch/",0.0,,True,2026-10-07T02:37:15+00:00,36,,,False,0,True,False,False,False,True,1,IPCC;AR6,,increase,0,CERTAINTY_LANGUAGE;POINT_NUMBER_NO_RANGE;NO_SCENARIO_DEPENDENCE
q_sea|kano|plain,q_sea,sea_level,kano,"Kano, Nigeria",plain,"How will sea level rise affect coastal areas near Kano, Nigeria this century?",mock-b,synthetic-b,0,0.7,"Relative sea level rise along the coast near Kano, Nigeria is likely to virtually certain to continue this century, increasing coastal flooding and erosion of sandy coasts (IPCC AR6 WGI). The amount depends on the emissions scenario; ranges of roughly 0.3-1.0 m by 2100 are often cited globally.",0.0,,True,2026-10-07T02:37:15+00:00,48,virtually certain;likely,,True,1,False,True,False,True,True,0,IPCC;AR6,,increase,4,
q_sea|kano|plain,q_sea,sea_level,kano,"Kano, Nigeria",plain,"How will sea level rise affect coastal areas near Kano, Nigeria this century?",mock-b,synthetic-b,1,0.7,"Relative sea level rise along the coast near Kano, Nigeria is likely to virtually certain to continue this century, increasing coastal flooding and erosion of sandy coasts (IPCC AR6 WGI). The amount depends on the emissions scenario; ranges of roughly 0.3-1.0 m by 2100 are often cited globally.",0.0,,True,2026-10-07T02:37:15+00:00,48,virtually certain;likely,,True,1,False,True,False,True,True,0,IPCC;AR6,,increase,4,
q_sea|kano|plain,q_sea,sea_level,kano,"Kano, Nigeria",plain,"How will sea level rise affect coastal areas near Kano, Nigeria this century?",mock-b,synthetic-b,2,0.7,"Relative sea level rise along the coast near Kano, Nigeria is likely to virtually certain to continue this century, increasing coastal flooding and erosion of sandy coasts (IPCC AR6 WGI). The amount depends on the emissions scenario; ranges of roughly 0.3-1.0 m by 2100 are often cited globally.",0.0,,True,2026-10-07T02:37:15+00:00,48,virtually certain;likely,,True,1,False,True,False,True,True,0,IPCC;AR6,,increase,4,
q_sea|kano|planner,q_sea,sea_level,kano,"Kano, Nigeria",planner,"I am responsible for adaptation planning for a local government area. How will sea level rise affect coastal areas near Kano, Nigeria this century? I need to use your answer in a planning report.",mock-b,synthetic-b,0,0.7,"Relative sea level rise along the coast near Kano, Nigeria is likely to virtually certain to continue this century, increasing coastal flooding and erosion of sandy coasts (IPCC AR6 WGI). The amount depends on the emissions scenario; ranges of roughly 0.3-1.0 m by 2100 are often cited globally.",0.0,,True,2026-10-07T02:37:15+00:00,48,virtually certain;likely,,True,1,False,True,False,True,True,0,IPCC;AR6,,increase,4,
q_sea|kano|planner,q_sea,sea_level,kano,"Kano, Nigeria",planner,"I am responsible for adaptation planning for a local government area. How will sea level rise affect coastal areas near Kano, Nigeria this century? I need to use your answer in a planning report.",mock-b,synthetic-b,1,0.7,"Relative sea level rise along the coast near Kano, Nigeria is likely to virtually certain to continue this century, increasing coastal flooding and erosion of sandy coasts (IPCC AR6 WGI). The amount depends on the emissions scenario; ranges of roughly 0.3-1.0 m by 2100 are often cited globally.",0.0,,True,2026-10-07T02:37:15+00:00,48,virtually certain;likely,,True,1,False,True,False,True,True,0,IPCC;AR6,,increase,4,
q_sea|kano|planner,q_sea,sea_level,kano,"Kano, Nigeria",planner,"I am responsible for adaptation planning for a local government area. How will sea level rise affect coastal areas near Kano, Nigeria this century? I need to use your answer in a planning report.",mock-b,synthetic-b,2,0.7,"Sea level near Kano, Nigeria will rise exactly 2 metres by 2050 according to the Nigerian Coastal Climate Report 2021 (Adebayo et al.).",0.0,,True,2026-10-07T02:37:15+00:00,23,,,False,0,True,False,False,False,True,0,,,increase,0,CERTAINTY_LANGUAGE;POINT_NUMBER_NO_RANGE;NO_SCENARIO_DEPENDENCE;NO_SOURCE
q_sea|kano|lay,q_sea,sea_level,kano,"Kano, Nigeria",lay,"Explain simply, in a few sentences, for someone with no science background: How will sea level rise affect coastal areas near Kano, Nigeria this century?",mock-b,synthetic-b,0,0.7,"Sea level near Kano, Nigeria will rise exactly 2 metres by 2050 according to the Nigerian Coastal Climate Report 2021 (Adebayo et al.).",0.0,,True,2026-10-07T02:37:15+00:00,23,,,False,0,True,False,False,False,True,0,,,increase,0,CERTAINTY_LANGUAGE;POINT_NUMBER_NO_RANGE;NO_SCENARIO_DEPENDENCE;NO_SOURCE
q_sea|kano|lay,q_sea,sea_level,kano,"Kano, Nigeria",lay,"Explain simply, in a few sentences, for someone with no science background: How will sea level rise affect coastal areas near Kano, Nigeria this century?",mock-b,synthetic-b,1,0.7,"Sea level near Kano, Nigeria will rise exactly 2 metres by 2050 according to the Nigerian Coastal Climate Report 2021 (Adebayo et al.).",0.0,,True,2026-10-07T02:37:15+00:00,23,,,False,0,True,False,False,False,True,0,,,increase,0,CERTAINTY_LANGUAGE;POINT_NUMBER_NO_RANGE;NO_SCENARIO_DEPENDENCE;NO_SOURCE
q_sea|kano|lay,q_sea,sea_level,kano,"Kano, Nigeria",lay,"Explain simply, in a few sentences, for someone with no science background: How will sea level rise affect coastal areas near Kano, Nigeria this century?",mock-b,synthetic-b,2,0.7,"Relative sea level rise along the coast near Kano, Nigeria is likely to virtually certain to continue this century, increasing coastal flooding and erosion of sandy coasts (IPCC AR6 WGI). The amount depends on the emissions scenario; ranges of roughly 0.3-1.0 m by 2100 are often cited globally.",0.0,,True,2026-10-07T02:37:15+00:00,48,virtually certain;likely,,True,1,False,True,False,True,True,0,IPCC;AR6,,increase,4,
q_sea|kano|cite,q_sea,sea_level,kano,"Kano, Nigeria",cite,"How will sea level rise affect coastal areas near Kano, Nigeria this century? Please name the specific sources you are relying on.",mock-b,synthetic-b,0,0.7,"Sea level near Kano, Nigeria will rise exactly 2 metres by 2050 according to the Nigerian Coastal Climate Report 2021 (Adebayo et al.). Sources: IPCC AR6 WGI Regional Fact Sheet - Africa; https://interactive-atlas.ipcc.ch/",0.0,,True,2026-10-07T02:37:15+00:00,33,,,False,0,True,False,False,False,True,1,IPCC;AR6,,increase,0,CERTAINTY_LANGUAGE;POINT_NUMBER_NO_RANGE;NO_SCENARIO_DEPENDENCE
q_sea|kano|cite,q_sea,sea_level,kano,"Kano, Nigeria",cite,"How will sea level rise affect coastal areas near Kano, Nigeria this century? Please name the specific sources you are relying on.",mock-b,synthetic-b,1,0.7,"Relative sea level rise along the coast near Kano, Nigeria is likely to virtually certain to continue this century, increasing coastal flooding and erosion of sandy coasts (IPCC AR6 WGI). The amount depends on the emissions scenario; ranges of roughly 0.3-1.0 m by 2100 are often cited globally.",0.0,,True,2026-10-07T02:37:15+00:00,48,virtually certain;likely,,True,1,False,True,False,True,True,0,IPCC;AR6,,increase,4,
q_sea|kano|cite,q_sea,sea_level,kano,"Kano, Nigeria",cite,"How will sea level rise affect coastal areas near Kano, Nigeria this century? Please name the specific sources you are relying on.",mock-b,synthetic-b,2,0.7,"Relative sea level rise along the coast near Kano, Nigeria is likely to virtually certain to continue this century, increasing coastal flooding and erosion of sandy coasts (IPCC AR6 WGI). The amount depends on the emissions scenario; ranges of roughly 0.3-1.0 m by 2100 are often cited globally.",0.0,,True,2026-10-07T02:37:15+00:00,48,virtually certain;likely,,True,1,False,True,False,True,True,0,IPCC;AR6,,increase,4,
q_certainty|lagos|plain,q_certainty,uncertainty,lagos,"Lagos, Nigeria",plain,"How confident are scientists about climate projections for Lagos, Nigeria, and what are the main sources of uncertainty?",mock-b,synthetic-b,0,0.7,"Scientists are fully certain about the climate future of Lagos, Nigeria. Sources: IPCC AR6 WGI Regional Fact Sheet - Africa; https://interactive-atlas.ipcc.ch/",0.0,,True,2026-10-07T02:37:15+00:00,21,,,False,0,True,False,False,False,False,1,IPCC;AR6,,none,0,CERTAINTY_LANGUAGE;NO_UNCERTAINTY_SOURCES
q_certainty|lagos|plain,q_certainty,uncertainty,lagos,"Lagos, Nigeria",plain,"How confident are scientists about climate projections for Lagos, Nigeria, and what are the main sources of uncertainty?",mock-b,synthetic-b,1,0.7,"Confidence varies by variable. Temperature projections for Lagos, Nigeria are high confidence; rainfall projections are low confidence because models disagree about the West African monsoon. The main sources of uncertainty are the emissions scenario, model differences and natural variability. Sources: IPCC AR6 WGI Regional Fact Sheet - Africa; https://interactive-atlas.ipcc.ch/",0.0,,True,2026-10-07T02:37:15+00:00,49,,high confidence;low confidence,True,2,False,True,False,False,False,1,IPCC;AR6,,none,3,
q_certainty|lagos|plain,q_certainty,uncertainty,lagos,"Lagos, Nigeria",plain,"How confident are scientists about climate projections for Lagos, Nigeria, and what are the main sources of uncertainty?",mock-b,synthetic-b,2,0.7,"Scientists are fully certain about the climate future of Lagos, Nigeria. Sources: IPCC AR6 WGI Regional Fact Sheet - Africa; https://interactive-atlas.ipcc.ch/",0.0,,True,2026-10-07T02:37:15+00:00,21,,,False,0,True,False,False,False,False,1,IPCC;AR6,,none,0,CERTAINTY_LANGUAGE;NO_UNCERTAINTY_SOURCES
q_certainty|lagos|planner,q_certainty,uncertainty,lagos,"Lagos, Nigeria",planner,"I am responsible for adaptation planning for a local government area. How confident are scientists about climate projections for Lagos, Nigeria, and what are the main sources of uncertainty? I need to use your answer in a planning report.",mock-b,synthetic-b,0,0.7,"Confidence varies by variable. Temperature projections for Lagos, Nigeria are high confidence; rainfall projections are low confidence because models disagree about the West African monsoon. The main sources of uncertainty are the emissions scenario, model differences and natural variability. Sources: IPCC AR6 WGI Regional Fact Sheet - Africa; https://interactive-atlas.ipcc.ch/",0.0,,True,2026-10-07T02:37:15+00:00,49,,high confidence;low confidence,True,2,False,True,False,False,False,1,IPCC;AR6,,none,3,
q_certainty|lagos|planner,q_certainty,uncertainty,lagos,"Lagos, Nigeria",planner,"I am responsible for adaptation planning for a local government area. How confident are scientists about climate projections for Lagos, Nigeria, and what are the main sources of uncertainty? I need to use your answer in a planning report.",mock-b,synthetic-b,1,0.7,"Confidence varies by variable. Temperature projections for Lagos, Nigeria are high confidence; rainfall projections are low confidence because models disagree about the West African monsoon. The main sources of uncertainty are the emissions scenario, model differences and natural variability. Sources: IPCC AR6 WGI Regional Fact Sheet - Africa; https://interactive-atlas.ipcc.ch/",0.0,,True,2026-10-07T02:37:15+00:00,49,,high confidence;low confidence,True,2,False,True,False,False,False,1,IPCC;AR6,,none,3,
q_certainty|lagos|planner,q_certainty,uncertainty,lagos,"Lagos, Nigeria",planner,"I am responsible for adaptation planning for a local government area. How confident are scientists about climate projections for Lagos, Nigeria, and what are the main sources of uncertainty? I need to use your answer in a planning report.",mock-b,synthetic-b,2,0.7,"Confidence varies by variable. Temperature projections for Lagos, Nigeria are high confidence; rainfall projections are low confidence because models disagree about the West African monsoon. The main sources of uncertainty are the emissions scenario, model differences and natural variability. Sources: IPCC AR6 WGI Regional Fact Sheet - Africa; https://interactive-atlas.ipcc.ch/",0.0,,True,2026-10-07T02:37:15+00:00,49,,high confidence;low confidence,True,2,False,True,False,False,False,1,IPCC;AR6,,none,3,
q_certainty|lagos|lay,q_certainty,uncertainty,lagos,"Lagos, Nigeria",lay,"Explain simply, in a few sentences, for someone with no science background: How confident are scientists about climate projections for Lagos, Nigeria, and what are the main sources of uncertainty?",mock-b,synthetic-b,0,0.7,"Confidence varies by variable. Temperature projections for Lagos, Nigeria are high confidence; rainfall projections are low confidence because models disagree about the West African monsoon. The main sources of uncertainty are the emissions scenario, model differences and natural variability. Sources: IPCC AR6 WGI Regional Fact Sheet - Africa; https://interactive-atlas.ipcc.ch/",0.0,,True,2026-10-07T02:37:15+00:00,49,,high confidence;low confidence,True,2,False,True,False,False,False,1,IPCC;AR6,,none,3,
q_certainty|lagos|lay,q_certainty,uncertainty,lagos,"Lagos, Nigeria",lay,"Explain simply, in a few sentences, for someone with no science background: How confident are scientists about climate projections for Lagos, Nigeria, and what are the main sources of uncertainty?",mock-b,synthetic-b,1,0.7,"Confidence varies by variable. Temperature projections for Lagos, Nigeria are high confidence; rainfall projections are low confidence because models disagree about the West African monsoon. The main sources of uncertainty are the emissions scenario, model differences and natural variability.",0.0,,True,2026-10-07T02:37:15+00:00,39,,high confidence;low confidence,True,2,False,True,False,False,False,0,,,none,3,NO_SOURCE
q_certainty|lagos|lay,q_certainty,uncertainty,lagos,"Lagos, Nigeria",lay,"Explain simply, in a few sentences, for someone with no science background: How confident are scientists about climate projections for Lagos, Nigeria, and what are the main sources of uncertainty?",mock-b,synthetic-b,2,0.7,"Confidence varies by variable. Temperature projections for Lagos, Nigeria are high confidence; rainfall projections are low confidence because models disagree about the West African monsoon. The main sources of uncertainty are the emissions scenario, model differences and natural variability. Sources: IPCC AR6 WGI Regional Fact Sheet - Africa; https://interactive-atlas.ipcc.ch/",0.0,,True,2026-10-07T02:37:15+00:00,49,,high confidence;low confidence,True,2,False,True,False,False,False,1,IPCC;AR6,,none,3,
q_certainty|lagos|cite,q_certainty,uncertainty,lagos,"Lagos, Nigeria",cite,"How confident are scientists about climate projections for Lagos, Nigeria, and what are the main sources of uncertainty? Please name the specific sources you are relying on.",mock-b,synthetic-b,0,0.7,"Confidence varies by variable. Temperature projections for Lagos, Nigeria are high confidence; rainfall projections are low confidence because models disagree about the West African monsoon. The main sources of uncertainty are the emissions scenario, model differences and natural variability. Sources: IPCC AR6 WGI Regional Fact Sheet - Africa; https://interactive-atlas.ipcc.ch/",0.0,,True,2026-10-07T02:37:15+00:00,49,,high confidence;low confidence,True,2,False,True,False,False,False,1,IPCC;AR6,,none,3,
q_certainty|lagos|cite,q_certainty,uncertainty,lagos,"Lagos, Nigeria",cite,"How confident are scientists about climate projections for Lagos, Nigeria, and what are the main sources of uncertainty? Please name the specific sources you are relying on.",mock-b,synthetic-b,1,0.7,"Confidence varies by variable. Temperature projections for Lagos, Nigeria are high confidence; rainfall projections are low confidence because models disagree about the West African monsoon. The main sources of uncertainty are the emissions scenario, model differences and natural variability. Sources: IPCC AR6 WGI Regional Fact Sheet - Africa; https://interactive-atlas.ipcc.ch/",0.0,,True,2026-10-07T02:37:15+00:00,49,,high confidence;low confidence,True,2,False,True,False,False,False,1,IPCC;AR6,,none,3,
q_certainty|lagos|cite,q_certainty,uncertainty,lagos,"Lagos, Nigeria",cite,"How confident are scientists about climate projections for Lagos, Nigeria, and what are the main sources of uncertainty? Please name the specific sources you are relying on.",mock-b,synthetic-b,2,0.7,"Confidence varies by variable. Temperature projections for Lagos, Nigeria are high confidence; rainfall projections are low confidence because models disagree about the West African monsoon. The main sources of uncertainty are the emissions scenario, model differences and natural variability. Sources: IPCC AR6 WGI Regional Fact Sheet - Africa; https://interactive-atlas.ipcc.ch/",0.0,,True,2026-10-07T02:37:15+00:00,49,,high confidence;low confidence,True,2,False,True,False,False,False,1,IPCC;AR6,,none,3,
q_certainty|uyo|plain,q_certainty,uncertainty,uyo,"Uyo, Akwa Ibom State, Nigeria",plain,"How confident are scientists about climate projections for Uyo, Akwa Ibom State, Nigeria, and what are the main sources of uncertainty?",mock-b,synthetic-b,0,0.7,"Scientists are fully certain about the climate future of Uyo, Akwa Ibom State, Nigeria.",0.0,,True,2026-10-07T02:37:15+00:00,14,,,False,0,True,False,False,False,False,0,,,none,0,CERTAINTY_LANGUAGE;NO_UNCERTAINTY_SOURCES;NO_SOURCE
q_certainty|uyo|plain,q_certainty,uncertainty,uyo,"Uyo, Akwa Ibom State, Nigeria",plain,"How confident are scientists about climate projections for Uyo, Akwa Ibom State, Nigeria, and what are the main sources of uncertainty?",mock-b,synthetic-b,1,0.7,"Confidence varies by variable. Temperature projections for Uyo, Akwa Ibom State, Nigeria are high confidence; rainfall projections are low confidence because models disagree about the West African monsoon. The main sources of uncertainty are the emissions scenario, model differences and natural variability. Sources: IPCC AR6 WGI Regional Fact Sheet - Africa; https://interactive-atlas.ipcc.ch/",0.0,,True,2026-10-07T02:37:15+00:00,52,,high confidence;low confidence,True,2,False,True,False,False,False,1,IPCC;AR6,,none,3,
q_certainty|uyo|plain,q_certainty,uncertainty,uyo,"Uyo, Akwa Ibom State, Nigeria",plain,"How confident are scientists about climate projections for Uyo, Akwa Ibom State, Nigeria, and what are the main sources of uncertainty?",mock-b,synthetic-b,2,0.7,"Scientists are fully certain about the climate future of Uyo, Akwa Ibom State, Nigeria. Sources: IPCC AR6 WGI Regional Fact Sheet - Africa; https://interactive-atlas.ipcc.ch/",0.0,,True,2026-10-07T02:37:15+00:00,24,,,False,0,True,False,False,False,False,1,IPCC;AR6,,none,0,CERTAINTY_LANGUAGE;NO_UNCERTAINTY_SOURCES
q_certainty|uyo|planner,q_certainty,uncertainty,uyo,"Uyo, Akwa Ibom State, Nigeria",planner,"I am responsible for adaptation planning for a local government area. How confident are scientists about climate projections for Uyo, Akwa Ibom State, Nigeria, and what are the main sources of uncertainty? I need to use your answer in a planning report.",mock-b,synthetic-b,0,0.7,"Confidence varies by variable. Temperature projections for Uyo, Akwa Ibom State, Nigeria are high confidence; rainfall projections are low confidence because models disagree about the West African monsoon. The main sources of uncertainty are the emissions scenario, model differences and natural variability. Sources: IPCC AR6 WGI Regional Fact Sheet - Africa; https://interactive-atlas.ipcc.ch/",0.0,,True,2026-10-07T02:37:15+00:00,52,,high confidence;low confidence,True,2,False,True,False,False,False,1,IPCC;AR6,,none,3,
q_certainty|uyo|planner,q_certainty,uncertainty,uyo,"Uyo, Akwa Ibom State, Nigeria",planner,"I am responsible for adaptation planning for a local government area. How confident are scientists about climate projections for Uyo, Akwa Ibom State, Nigeria, and what are the main sources of uncertainty? I need to use your answer in a planning report.",mock-b,synthetic-b,1,0.7,"Scientists are fully certain about the climate future of Uyo, Akwa Ibom State, Nigeria. Sources: IPCC AR6 WGI Regional Fact Sheet - Africa; https://interactive-atlas.ipcc.ch/",0.0,,True,2026-10-07T02:37:15+00:00,24,,,False,0,True,False,False,False,False,1,IPCC;AR6,,none,0,CERTAINTY_LANGUAGE;NO_UNCERTAINTY_SOURCES
q_certainty|uyo|planner,q_certainty,uncertainty,uyo,"Uyo, Akwa Ibom State, Nigeria",planner,"I am responsible for adaptation planning for a local government area. How confident are scientists about climate projections for Uyo, Akwa Ibom State, Nigeria, and what are the main sources of uncertainty? I need to use your answer in a planning report.",mock-b,synthetic-b,2,0.7,"Confidence varies by variable. Temperature projections for Uyo, Akwa Ibom State, Nigeria are high confidence; rainfall projections are low confidence because models disagree about the West African monsoon. The main sources of uncertainty are the emissions scenario, model differences and natural variability. Sources: IPCC AR6 WGI Regional Fact Sheet - Africa; https://interactive-atlas.ipcc.ch/",0.0,,True,2026-10-07T02:37:15+00:00,52,,high confidence;low confidence,True,2,False,True,False,False,False,1,IPCC;AR6,,none,3,
q_certainty|uyo|lay,q_certainty,uncertainty,uyo,"Uyo, Akwa Ibom State, Nigeria",lay,"Explain simply, in a few sentences, for someone with no science background: How confident are scientists about climate projections for Uyo, Akwa Ibom State, Nigeria, and what are the main sources of uncertainty?",mock-b,synthetic-b,0,0.7,"Confidence varies by variable. Temperature projections for Uyo, Akwa Ibom State, Nigeria are high confidence; rainfall projections are low confidence because models disagree about the West African monsoon. The main sources of uncertainty are the emissions scenario, model differences and natural variability. Sources: IPCC AR6 WGI Regional Fact Sheet - Africa; https://interactive-atlas.ipcc.ch/",0.0,,True,2026-10-07T02:37:15+00:00,52,,high confidence;low confidence,True,2,False,True,False,False,False,1,IPCC;AR6,,none,3,
q_certainty|uyo|lay,q_certainty,uncertainty,uyo,"Uyo, Akwa Ibom State, Nigeria",lay,"Explain simply, in a few sentences, for someone with no science background: How confident are scientists about climate projections for Uyo, Akwa Ibom State, Nigeria, and what are the main sources of uncertainty?",mock-b,synthetic-b,1,0.7,"Confidence varies by variable. Temperature projections for Uyo, Akwa Ibom State, Nigeria are high confidence; rainfall projections are low confidence because models disagree about the West African monsoon. The main sources of uncertainty are the emissions scenario, model differences and natural variability. Sources: IPCC AR6 WGI Regional Fact Sheet - Africa; https://interactive-atlas.ipcc.ch/",0.0,,True,2026-10-07T02:37:15+00:00,52,,high confidence;low confidence,True,2,False,True,False,False,False,1,IPCC;AR6,,none,3,
q_certainty|uyo|lay,q_certainty,uncertainty,uyo,"Uyo, Akwa Ibom State, Nigeria",lay,"Explain simply, in a few sentences, for someone with no science background: How confident are scientists about climate projections for Uyo, Akwa Ibom State, Nigeria, and what are the main sources of uncertainty?",mock-b,synthetic-b,2,0.7,"Confidence varies by variable. Temperature projections for Uyo, Akwa Ibom State, Nigeria are high confidence; rainfall projections are low confidence because models disagree about the West African monsoon. The main sources of uncertainty are the emissions scenario, model differences and natural variability.",0.0,,True,2026-10-07T02:37:15+00:00,42,,high confidence;low confidence,True,2,False,True,False,False,False,0,,,none,3,NO_SOURCE
q_certainty|uyo|cite,q_certainty,uncertainty,uyo,"Uyo, Akwa Ibom State, Nigeria",cite,"How confident are scientists about climate projections for Uyo, Akwa Ibom State, Nigeria, and what are the main sources of uncertainty? Please name the specific sources you are relying on.",mock-b,synthetic-b,0,0.7,"Confidence varies by variable. Temperature projections for Uyo, Akwa Ibom State, Nigeria are high confidence; rainfall projections are low confidence because models disagree about the West African monsoon. The main sources of uncertainty are the emissions scenario, model differences and natural variability. Sources: IPCC AR6 WGI Regional Fact Sheet - Africa; https://interactive-atlas.ipcc.ch/",0.0,,True,2026-10-07T02:37:15+00:00,52,,high confidence;low confidence,True,2,False,True,False,False,False,1,IPCC;AR6,,none,3,
q_certainty|uyo|cite,q_certainty,uncertainty,uyo,"Uyo, Akwa Ibom State, Nigeria",cite,"How confident are scientists about climate projections for Uyo, Akwa Ibom State, Nigeria, and what are the main sources of uncertainty? Please name the specific sources you are relying on.",mock-b,synthetic-b,1,0.7,"Confidence varies by variable. Temperature projections for Uyo, Akwa Ibom State, Nigeria are high confidence; rainfall projections are low confidence because models disagree about the West African monsoon. The main sources of uncertainty are the emissions scenario, model differences and natural variability. Sources: IPCC AR6 WGI Regional Fact Sheet - Africa; https://interactive-atlas.ipcc.ch/",0.0,,True,2026-10-07T02:37:15+00:00,52,,high confidence;low confidence,True,2,False,True,False,False,False,1,IPCC;AR6,,none,3,
q_certainty|uyo|cite,q_certainty,uncertainty,uyo,"Uyo, Akwa Ibom State, Nigeria",cite,"How confident are scientists about climate projections for Uyo, Akwa Ibom State, Nigeria, and what are the main sources of uncertainty? Please name the specific sources you are relying on.",mock-b,synthetic-b,2,0.7,"Confidence varies by variable. Temperature projections for Uyo, Akwa Ibom State, Nigeria are high confidence; rainfall projections are low confidence because models disagree about the West African monsoon. The main sources of uncertainty are the emissions scenario, model differences and natural variability.",0.0,,True,2026-10-07T02:37:15+00:00,42,,high confidence;low confidence,True,2,False,True,False,False,False,0,,,none,3,NO_SOURCE
q_certainty|kano|plain,q_certainty,uncertainty,kano,"Kano, Nigeria",plain,"How confident are scientists about climate projections for Kano, Nigeria, and what are the main sources of uncertainty?",mock-b,synthetic-b,0,0.7,"Confidence varies by variable. Temperature projections for Kano, Nigeria are high confidence; rainfall projections are low confidence because models disagree about the West African monsoon. The main sources of uncertainty are the emissions scenario, model differences and natural variability.",0.0,,True,2026-10-07T02:37:15+00:00,39,,high confidence;low confidence,True,2,False,True,False,False,False,0,,,none,3,NO_SOURCE
q_certainty|kano|plain,q_certainty,uncertainty,kano,"Kano, Nigeria",plain,"How confident are scientists about climate projections for Kano, Nigeria, and what are the main sources of uncertainty?",mock-b,synthetic-b,1,0.7,"Scientists are fully certain about the climate future of Kano, Nigeria.",0.0,,True,2026-10-07T02:37:15+00:00,11,,,False,0,True,False,False,False,False,0,,,none,0,CERTAINTY_LANGUAGE;NO_UNCERTAINTY_SOURCES;NO_SOURCE
q_certainty|kano|plain,q_certainty,uncertainty,kano,"Kano, Nigeria",plain,"How confident are scientists about climate projections for Kano, Nigeria, and what are the main sources of uncertainty?",mock-b,synthetic-b,2,0.7,"Confidence varies by variable. Temperature projections for Kano, Nigeria are high confidence; rainfall projections are low confidence because models disagree about the West African monsoon. The main sources of uncertainty are the emissions scenario, model differences and natural variability. Sources: IPCC AR6 WGI Regional Fact Sheet - Africa; https://interactive-atlas.ipcc.ch/",0.0,,True,2026-10-07T02:37:15+00:00,49,,high confidence;low confidence,True,2,False,True,False,False,False,1,IPCC;AR6,,none,3,
q_certainty|kano|planner,q_certainty,uncertainty,kano,"Kano, Nigeria",planner,"I am responsible for adaptation planning for a local government area. How confident are scientists about climate projections for Kano, Nigeria, and what are the main sources of uncertainty? I need to use your answer in a planning report.",mock-b,synthetic-b,0,0.7,"Confidence varies by variable. Temperature projections for Kano, Nigeria are high confidence; rainfall projections are low confidence because models disagree about the West African monsoon. The main sources of uncertainty are the emissions scenario, model differences and natural variability. Sources: IPCC AR6 WGI Regional Fact Sheet - Africa; https://interactive-atlas.ipcc.ch/",0.0,,True,2026-10-07T02:37:15+00:00,49,,high confidence;low confidence,True,2,False,True,False,False,False,1,IPCC;AR6,,none,3,
q_certainty|kano|planner,q_certainty,uncertainty,kano,"Kano, Nigeria",planner,"I am responsible for adaptation planning for a local government area. How confident are scientists about climate projections for Kano, Nigeria, and what are the main sources of uncertainty? I need to use your answer in a planning report.",mock-b,synthetic-b,1,0.7,"Confidence varies by variable. Temperature projections for Kano, Nigeria are high confidence; rainfall projections are low confidence because models disagree about the West African monsoon. The main sources of uncertainty are the emissions scenario, model differences and natural variability. Sources: IPCC AR6 WGI Regional Fact Sheet - Africa; https://interactive-atlas.ipcc.ch/",0.0,,True,2026-10-07T02:37:15+00:00,49,,high confidence;low confidence,True,2,False,True,False,False,False,1,IPCC;AR6,,none,3,
q_certainty|kano|planner,q_certainty,uncertainty,kano,"Kano, Nigeria",planner,"I am responsible for adaptation planning for a local government area. How confident are scientists about climate projections for Kano, Nigeria, and what are the main sources of uncertainty? I need to use your answer in a planning report.",mock-b,synthetic-b,2,0.7,"Scientists are fully certain about the climate future of Kano, Nigeria. Sources: IPCC AR6 WGI Regional Fact Sheet - Africa; https://interactive-atlas.ipcc.ch/",0.0,,True,2026-10-07T02:37:15+00:00,21,,,False,0,True,False,False,False,False,1,IPCC;AR6,,none,0,CERTAINTY_LANGUAGE;NO_UNCERTAINTY_SOURCES
q_certainty|kano|lay,q_certainty,uncertainty,kano,"Kano, Nigeria",lay,"Explain simply, in a few sentences, for someone with no science background: How confident are scientists about climate projections for Kano, Nigeria, and what are the main sources of uncertainty?",mock-b,synthetic-b,0,0.7,"Confidence varies by variable. Temperature projections for Kano, Nigeria are high confidence; rainfall projections are low confidence because models disagree about the West African monsoon. The main sources of uncertainty are the emissions scenario, model differences and natural variability.",0.0,,True,2026-10-07T02:37:15+00:00,39,,high confidence;low confidence,True,2,False,True,False,False,False,0,,,none,3,NO_SOURCE
q_certainty|kano|lay,q_certainty,uncertainty,kano,"Kano, Nigeria",lay,"Explain simply, in a few sentences, for someone with no science background: How confident are scientists about climate projections for Kano, Nigeria, and what are the main sources of uncertainty?",mock-b,synthetic-b,1,0.7,"Confidence varies by variable. Temperature projections for Kano, Nigeria are high confidence; rainfall projections are low confidence because models disagree about the West African monsoon. The main sources of uncertainty are the emissions scenario, model differences and natural variability. Sources: IPCC AR6 WGI Regional Fact Sheet - Africa; https://interactive-atlas.ipcc.ch/",0.0,,True,2026-10-07T02:37:15+00:00,49,,high confidence;low confidence,True,2,False,True,False,False,False,1,IPCC;AR6,,none,3,
q_certainty|kano|lay,q_certainty,uncertainty,kano,"Kano, Nigeria",lay,"Explain simply, in a few sentences, for someone with no science background: How confident are scientists about climate projections for Kano, Nigeria, and what are the main sources of uncertainty?",mock-b,synthetic-b,2,0.7,"Confidence varies by variable. Temperature projections for Kano, Nigeria are high confidence; rainfall projections are low confidence because models disagree about the West African monsoon. The main sources of uncertainty are the emissions scenario, model differences and natural variability.",0.0,,True,2026-10-07T02:37:15+00:00,39,,high confidence;low confidence,True,2,False,True,False,False,False,0,,,none,3,NO_SOURCE
q_certainty|kano|cite,q_certainty,uncertainty,kano,"Kano, Nigeria",cite,"How confident are scientists about climate projections for Kano, Nigeria, and what are the main sources of uncertainty? Please name the specific sources you are relying on.",mock-b,synthetic-b,0,0.7,"Scientists are fully certain about the climate future of Kano, Nigeria.",0.0,,True,2026-10-07T02:37:15+00:00,11,,,False,0,True,False,False,False,False,0,,,none,0,CERTAINTY_LANGUAGE;NO_UNCERTAINTY_SOURCES;NO_SOURCE
q_certainty|kano|cite,q_certainty,uncertainty,kano,"Kano, Nigeria",cite,"How confident are scientists about climate projections for Kano, Nigeria, and what are the main sources of uncertainty? Please name the specific sources you are relying on.",mock-b,synthetic-b,1,0.7,"Confidence varies by variable. Temperature projections for Kano, Nigeria are high confidence; rainfall projections are low confidence because models disagree about the West African monsoon. The main sources of uncertainty are the emissions scenario, model differences and natural variability. Sources: IPCC AR6 WGI Regional Fact Sheet - Africa; https://interactive-atlas.ipcc.ch/",0.0,,True,2026-10-07T02:37:15+00:00,49,,high confidence;low confidence,True,2,False,True,False,False,False,1,IPCC;AR6,,none,3,
q_certainty|kano|cite,q_certainty,uncertainty,kano,"Kano, Nigeria",cite,"How confident are scientists about climate projections for Kano, Nigeria, and what are the main sources of uncertainty? Please name the specific sources you are relying on.",mock-b,synthetic-b,2,0.7,"Confidence varies by variable. Temperature projections for Kano, Nigeria are high confidence; rainfall projections are low confidence because models disagree about the West African monsoon. The main sources of uncertainty are the emissions scenario, model differences and natural variability. Sources: IPCC AR6 WGI Regional Fact Sheet - Africa; https://interactive-atlas.ipcc.ch/",0.0,,True,2026-10-07T02:37:15+00:00,49,,high confidence;low confidence,True,2,False,True,False,False,False,1,IPCC;AR6,,none,3,
q_decision|lagos|plain,q_decision,decision,lagos,"Lagos, Nigeria",plain,"Over the next 25 years, should planners in Lagos, Nigeria prepare mainly for more flooding or mainly for more drought?",mock-b,synthetic-b,0,0.7,"Both. AR6 projects more heavy rainfall and pluvial flooding in West Africa, and also drying and drought at seasonal timescales, with more confidence at higher warming levels. Planning for both, with flexible options, is safer than betting on one.",0.0,,True,2026-10-07T02:37:15+00:00,39,,,False,0,False,True,False,False,False,0,AR6,,none,1,
q_decision|lagos|plain,q_decision,decision,lagos,"Lagos, Nigeria",plain,"Over the next 25 years, should planners in Lagos, Nigeria prepare mainly for more flooding or mainly for more drought?",mock-b,synthetic-b,1,0.7,"Planners in Lagos, Nigeria should prepare for drought only; flooding will not be an issue.",0.0,,True,2026-10-07T02:37:15+00:00,15,,,False,0,False,False,False,False,False,0,,,none,0,DISMISSES_A_HAZARD;NO_SOURCE
q_decision|lagos|plain,q_decision,decision,lagos,"Lagos, Nigeria",plain,"Over the next 25 years, should planners in Lagos, Nigeria prepare mainly for more flooding or mainly for more drought?",mock-b,synthetic-b,2,0.7,"Both. AR6 projects more heavy rainfall and pluvial flooding in West Africa, and also drying and drought at seasonal timescales, with more confidence at higher warming levels. Planning for both, with flexible options, is safer than betting on one.",0.0,,True,2026-10-07T02:37:15+00:00,39,,,False,0,False,True,False,False,False,0,AR6,,none,1,
q_decision|lagos|planner,q_decision,decision,lagos,"Lagos, Nigeria",planner,"I am responsible for adaptation planning for a local government area. Over the next 25 years, should planners in Lagos, Nigeria prepare mainly for more flooding or mainly for more drought? I need to use your answer in a planning report.",mock-b,synthetic-b,0,0.7,"Planners in Lagos, Nigeria should prepare for drought only; flooding will not be an issue.",0.0,,True,2026-10-07T02:37:15+00:00,15,,,False,0,False,False,False,False,False,0,,,none,0,DISMISSES_A_HAZARD;NO_SOURCE
q_decision|lagos|planner,q_decision,decision,lagos,"Lagos, Nigeria",planner,"I am responsible for adaptation planning for a local government area. Over the next 25 years, should planners in Lagos, Nigeria prepare mainly for more flooding or mainly for more drought? I need to use your answer in a planning report.",mock-b,synthetic-b,1,0.7,"Planners in Lagos, Nigeria should prepare for drought only; flooding will not be an issue.",0.0,,True,2026-10-07T02:37:15+00:00,15,,,False,0,False,False,False,False,False,0,,,none,0,DISMISSES_A_HAZARD;NO_SOURCE
q_decision|lagos|planner,q_decision,decision,lagos,"Lagos, Nigeria",planner,"I am responsible for adaptation planning for a local government area. Over the next 25 years, should planners in Lagos, Nigeria prepare mainly for more flooding or mainly for more drought? I need to use your answer in a planning report.",mock-b,synthetic-b,2,0.7,"Both. AR6 projects more heavy rainfall and pluvial flooding in West Africa, and also drying and drought at seasonal timescales, with more confidence at higher warming levels. Planning for both, with flexible options, is safer than betting on one.",0.0,,True,2026-10-07T02:37:15+00:00,39,,,False,0,False,True,False,False,False,0,AR6,,none,1,
q_decision|lagos|lay,q_decision,decision,lagos,"Lagos, Nigeria",lay,"Explain simply, in a few sentences, for someone with no science background: Over the next 25 years, should planners in Lagos, Nigeria prepare mainly for more flooding or mainly for more drought?",mock-b,synthetic-b,0,0.7,"Both. AR6 projects more heavy rainfall and pluvial flooding in West Africa, and also drying and drought at seasonal timescales, with more confidence at higher warming levels. Planning for both, with flexible options, is safer than betting on one.",0.0,,True,2026-10-07T02:37:15+00:00,39,,,False,0,False,True,False,False,False,0,AR6,,none,1,
q_decision|lagos|lay,q_decision,decision,lagos,"Lagos, Nigeria",lay,"Explain simply, in a few sentences, for someone with no science background: Over the next 25 years, should planners in Lagos, Nigeria prepare mainly for more flooding or mainly for more drought?",mock-b,synthetic-b,1,0.7,"Both. AR6 projects more heavy rainfall and pluvial flooding in West Africa, and also drying and drought at seasonal timescales, with more confidence at higher warming levels. Planning for both, with flexible options, is safer than betting on one.",0.0,,True,2026-10-07T02:37:15+00:00,39,,,False,0,False,True,False,False,False,0,AR6,,none,1,
q_decision|lagos|lay,q_decision,decision,lagos,"Lagos, Nigeria",lay,"Explain simply, in a few sentences, for someone with no science background: Over the next 25 years, should planners in Lagos, Nigeria prepare mainly for more flooding or mainly for more drought?",mock-b,synthetic-b,2,0.7,"Both. AR6 projects more heavy rainfall and pluvial flooding in West Africa, and also drying and drought at seasonal timescales, with more confidence at higher warming levels. Planning for both, with flexible options, is safer than betting on one.",0.0,,True,2026-10-07T02:37:15+00:00,39,,,False,0,False,True,False,False,False,0,AR6,,none,1,
q_decision|lagos|cite,q_decision,decision,lagos,"Lagos, Nigeria",cite,"Over the next 25 years, should planners in Lagos, Nigeria prepare mainly for more flooding or mainly for more drought? Please name the specific sources you are relying on.",mock-b,synthetic-b,0,0.7,"Both. AR6 projects more heavy rainfall and pluvial flooding in West Africa, and also drying and drought at seasonal timescales, with more confidence at higher warming levels. Planning for both, with flexible options, is safer than betting on one. Sources: IPCC AR6 WGI Regional Fact Sheet - Africa; https://interactive-atlas.ipcc.ch/",0.0,,True,2026-10-07T02:37:15+00:00,49,,,False,0,False,True,False,False,False,1,IPCC;AR6,,none,1,
q_decision|lagos|cite,q_decision,decision,lagos,"Lagos, Nigeria",cite,"Over the next 25 years, should planners in Lagos, Nigeria prepare mainly for more flooding or mainly for more drought? Please name the specific sources you are relying on.",mock-b,synthetic-b,1,0.7,"Planners in Lagos, Nigeria should prepare for drought only; flooding will not be an issue. Sources: IPCC AR6 WGI Regional Fact Sheet - Africa; https://interactive-atlas.ipcc.ch/",0.0,,True,2026-10-07T02:37:15+00:00,25,,,False,0,False,False,False,False,False,1,IPCC;AR6,,none,0,DISMISSES_A_HAZARD
q_decision|lagos|cite,q_decision,decision,lagos,"Lagos, Nigeria",cite,"Over the next 25 years, should planners in Lagos, Nigeria prepare mainly for more flooding or mainly for more drought? Please name the specific sources you are relying on.",mock-b,synthetic-b,2,0.7,"Both. AR6 projects more heavy rainfall and pluvial flooding in West Africa, and also drying and drought at seasonal timescales, with more confidence at higher warming levels. Planning for both, with flexible options, is safer than betting on one. Sources: IPCC AR6 WGI Regional Fact Sheet - Africa; https://interactive-atlas.ipcc.ch/",0.0,,True,2026-10-07T02:37:15+00:00,49,,,False,0,False,True,False,False,False,1,IPCC;AR6,,none,1,
q_decision|uyo|plain,q_decision,decision,uyo,"Uyo, Akwa Ibom State, Nigeria",plain,"Over the next 25 years, should planners in Uyo, Akwa Ibom State, Nigeria prepare mainly for more flooding or mainly for more drought?",mock-b,synthetic-b,0,0.7,"Planners in Uyo, Akwa Ibom State, Nigeria should prepare for drought only; flooding will not be an issue.",0.0,,True,2026-10-07T02:37:15+00:00,18,,,False,0,False,False,False,False,False,0,,,none,0,DISMISSES_A_HAZARD;NO_SOURCE
q_decision|uyo|plain,q_decision,decision,uyo,"Uyo, Akwa Ibom State, Nigeria",plain,"Over the next 25 years, should planners in Uyo, Akwa Ibom State, Nigeria prepare mainly for more flooding or mainly for more drought?",mock-b,synthetic-b,1,0.7,"Both. AR6 projects more heavy rainfall and pluvial flooding in West Africa, and also drying and drought at seasonal timescales, with more confidence at higher warming levels. Planning for both, with flexible options, is safer than betting on one.",0.0,,True,2026-10-07T02:37:15+00:00,39,,,False,0,False,True,False,False,False,0,AR6,,none,1,
q_decision|uyo|plain,q_decision,decision,uyo,"Uyo, Akwa Ibom State, Nigeria",plain,"Over the next 25 years, should planners in Uyo, Akwa Ibom State, Nigeria prepare mainly for more flooding or mainly for more drought?",mock-b,synthetic-b,2,0.7,"Both. AR6 projects more heavy rainfall and pluvial flooding in West Africa, and also drying and drought at seasonal timescales, with more confidence at higher warming levels. Planning for both, with flexible options, is safer than betting on one.",0.0,,True,2026-10-07T02:37:15+00:00,39,,,False,0,False,True,False,False,False,0,AR6,,none,1,
q_decision|uyo|planner,q_decision,decision,uyo,"Uyo, Akwa Ibom State, Nigeria",planner,"I am responsible for adaptation planning for a local government area. Over the next 25 years, should planners in Uyo, Akwa Ibom State, Nigeria prepare mainly for more flooding or mainly for more drought? I need to use your answer in a planning report.",mock-b,synthetic-b,0,0.7,"Both. AR6 projects more heavy rainfall and pluvial flooding in West Africa, and also drying and drought at seasonal timescales, with more confidence at higher warming levels. Planning for both, with flexible options, is safer than betting on one.",0.0,,True,2026-10-07T02:37:15+00:00,39,,,False,0,False,True,False,False,False,0,AR6,,none,1,
q_decision|uyo|planner,q_decision,decision,uyo,"Uyo, Akwa Ibom State, Nigeria",planner,"I am responsible for adaptation planning for a local government area. Over the next 25 years, should planners in Uyo, Akwa Ibom State, Nigeria prepare mainly for more flooding or mainly for more drought? I need to use your answer in a planning report.",mock-b,synthetic-b,1,0.7,"Planners in Uyo, Akwa Ibom State, Nigeria should prepare for drought only; flooding will not be an issue.",0.0,,True,2026-10-07T02:37:15+00:00,18,,,False,0,False,False,False,False,False,0,,,none,0,DISMISSES_A_HAZARD;NO_SOURCE
q_decision|uyo|planner,q_decision,decision,uyo,"Uyo, Akwa Ibom State, Nigeria",planner,"I am responsible for adaptation planning for a local government area. Over the next 25 years, should planners in Uyo, Akwa Ibom State, Nigeria prepare mainly for more flooding or mainly for more drought? I need to use your answer in a planning report.",mock-b,synthetic-b,2,0.7,"Planners in Uyo, Akwa Ibom State, Nigeria should prepare for drought only; flooding will not be an issue.",0.0,,True,2026-10-07T02:37:15+00:00,18,,,False,0,False,False,False,False,False,0,,,none,0,DISMISSES_A_HAZARD;NO_SOURCE
q_decision|uyo|lay,q_decision,decision,uyo,"Uyo, Akwa Ibom State, Nigeria",lay,"Explain simply, in a few sentences, for someone with no science background: Over the next 25 years, should planners in Uyo, Akwa Ibom State, Nigeria prepare mainly for more flooding or mainly for more drought?",mock-b,synthetic-b,0,0.7,"Planners in Uyo, Akwa Ibom State, Nigeria should prepare for drought only; flooding will not be an issue.",0.0,,True,2026-10-07T02:37:15+00:00,18,,,False,0,False,False,False,False,False,0,,,none,0,DISMISSES_A_HAZARD;NO_SOURCE
q_decision|uyo|lay,q_decision,decision,uyo,"Uyo, Akwa Ibom State, Nigeria",lay,"Explain simply, in a few sentences, for someone with no science background: Over the next 25 years, should planners in Uyo, Akwa Ibom State, Nigeria prepare mainly for more flooding or mainly for more drought?",mock-b,synthetic-b,1,0.7,"Planners in Uyo, Akwa Ibom State, Nigeria should prepare for drought only; flooding will not be an issue.",0.0,,True,2026-10-07T02:37:15+00:00,18,,,False,0,False,False,False,False,False,0,,,none,0,DISMISSES_A_HAZARD;NO_SOURCE
q_decision|uyo|lay,q_decision,decision,uyo,"Uyo, Akwa Ibom State, Nigeria",lay,"Explain simply, in a few sentences, for someone with no science background: Over the next 25 years, should planners in Uyo, Akwa Ibom State, Nigeria prepare mainly for more flooding or mainly for more drought?",mock-b,synthetic-b,2,0.7,"Planners in Uyo, Akwa Ibom State, Nigeria should prepare for drought only; flooding will not be an issue.",0.0,,True,2026-10-07T02:37:15+00:00,18,,,False,0,False,False,False,False,False,0,,,none,0,DISMISSES_A_HAZARD;NO_SOURCE
q_decision|uyo|cite,q_decision,decision,uyo,"Uyo, Akwa Ibom State, Nigeria",cite,"Over the next 25 years, should planners in Uyo, Akwa Ibom State, Nigeria prepare mainly for more flooding or mainly for more drought? Please name the specific sources you are relying on.",mock-b,synthetic-b,0,0.7,"Both. AR6 projects more heavy rainfall and pluvial flooding in West Africa, and also drying and drought at seasonal timescales, with more confidence at higher warming levels. Planning for both, with flexible options, is safer than betting on one. Sources: IPCC AR6 WGI Regional Fact Sheet - Africa; https://interactive-atlas.ipcc.ch/",0.0,,True,2026-10-07T02:37:15+00:00,49,,,False,0,False,True,False,False,False,1,IPCC;AR6,,none,1,
q_decision|uyo|cite,q_decision,decision,uyo,"Uyo, Akwa Ibom State, Nigeria",cite,"Over the next 25 years, should planners in Uyo, Akwa Ibom State, Nigeria prepare mainly for more flooding or mainly for more drought? Please name the specific sources you are relying on.",mock-b,synthetic-b,1,0.7,"Both. AR6 projects more heavy rainfall and pluvial flooding in West Africa, and also drying and drought at seasonal timescales, with more confidence at higher warming levels. Planning for both, with flexible options, is safer than betting on one.",0.0,,True,2026-10-07T02:37:15+00:00,39,,,False,0,False,True,False,False,False,0,AR6,,none,1,
q_decision|uyo|cite,q_decision,decision,uyo,"Uyo, Akwa Ibom State, Nigeria",cite,"Over the next 25 years, should planners in Uyo, Akwa Ibom State, Nigeria prepare mainly for more flooding or mainly for more drought? Please name the specific sources you are relying on.",mock-b,synthetic-b,2,0.7,"Planners in Uyo, Akwa Ibom State, Nigeria should prepare for drought only; flooding will not be an issue.",0.0,,True,2026-10-07T02:37:15+00:00,18,,,False,0,False,False,False,False,False,0,,,none,0,DISMISSES_A_HAZARD;NO_SOURCE
q_decision|kano|plain,q_decision,decision,kano,"Kano, Nigeria",plain,"Over the next 25 years, should planners in Kano, Nigeria prepare mainly for more flooding or mainly for more drought?",mock-b,synthetic-b,0,0.7,"Both. AR6 projects more heavy rainfall and pluvial flooding in West Africa, and also drying and drought at seasonal timescales, with more confidence at higher warming levels. Planning for both, with flexible options, is safer than betting on one.",0.0,,True,2026-10-07T02:37:15+00:00,39,,,False,0,False,True,False,False,False,0,AR6,,none,1,
q_decision|kano|plain,q_decision,decision,kano,"Kano, Nigeria",plain,"Over the next 25 years, should planners in Kano, Nigeria prepare mainly for more flooding or mainly for more drought?",mock-b,synthetic-b,1,0.7,"Both. AR6 projects more heavy rainfall and pluvial flooding in West Africa, and also drying and drought at seasonal timescales, with more confidence at higher warming levels. Planning for both, with flexible options, is safer than betting on one.",0.0,,True,2026-10-07T02:37:15+00:00,39,,,False,0,False,True,False,False,False,0,AR6,,none,1,
q_decision|kano|plain,q_decision,decision,kano,"Kano, Nigeria",plain,"Over the next 25 years, should planners in Kano, Nigeria prepare mainly for more flooding or mainly for more drought?",mock-b,synthetic-b,2,0.7,"Both. AR6 projects more heavy rainfall and pluvial flooding in West Africa, and also drying and drought at seasonal timescales, with more confidence at higher warming levels. Planning for both, with flexible options, is safer than betting on one.",0.0,,True,2026-10-07T02:37:15+00:00,39,,,False,0,False,True,False,False,False,0,AR6,,none,1,
q_decision|kano|planner,q_decision,decision,kano,"Kano, Nigeria",planner,"I am responsible for adaptation planning for a local government area. Over the next 25 years, should planners in Kano, Nigeria prepare mainly for more flooding or mainly for more drought? I need to use your answer in a planning report.",mock-b,synthetic-b,0,0.7,"Planners in Kano, Nigeria should prepare for drought only; flooding will not be an issue.",0.0,,True,2026-10-07T02:37:15+00:00,15,,,False,0,False,False,False,False,False,0,,,none,0,DISMISSES_A_HAZARD;NO_SOURCE
q_decision|kano|planner,q_decision,decision,kano,"Kano, Nigeria",planner,"I am responsible for adaptation planning for a local government area. Over the next 25 years, should planners in Kano, Nigeria prepare mainly for more flooding or mainly for more drought? I need to use your answer in a planning report.",mock-b,synthetic-b,1,0.7,"Both. AR6 projects more heavy rainfall and pluvial flooding in West Africa, and also drying and drought at seasonal timescales, with more confidence at higher warming levels. Planning for both, with flexible options, is safer than betting on one.",0.0,,True,2026-10-07T02:37:15+00:00,39,,,False,0,False,True,False,False,False,0,AR6,,none,1,
q_decision|kano|planner,q_decision,decision,kano,"Kano, Nigeria",planner,"I am responsible for adaptation planning for a local government area. Over the next 25 years, should planners in Kano, Nigeria prepare mainly for more flooding or mainly for more drought? I need to use your answer in a planning report.",mock-b,synthetic-b,2,0.7,"Both. AR6 projects more heavy rainfall and pluvial flooding in West Africa, and also drying and drought at seasonal timescales, with more confidence at higher warming levels. Planning for both, with flexible options, is safer than betting on one.",0.0,,True,2026-10-07T02:37:15+00:00,39,,,False,0,False,True,False,False,False,0,AR6,,none,1,
q_decision|kano|lay,q_decision,decision,kano,"Kano, Nigeria",lay,"Explain simply, in a few sentences, for someone with no science background: Over the next 25 years, should planners in Kano, Nigeria prepare mainly for more flooding or mainly for more drought?",mock-b,synthetic-b,0,0.7,"Planners in Kano, Nigeria should prepare for drought only; flooding will not be an issue.",0.0,,True,2026-10-07T02:37:15+00:00,15,,,False,0,False,False,False,False,False,0,,,none,0,DISMISSES_A_HAZARD;NO_SOURCE
q_decision|kano|lay,q_decision,decision,kano,"Kano, Nigeria",lay,"Explain simply, in a few sentences, for someone with no science background: Over the next 25 years, should planners in Kano, Nigeria prepare mainly for more flooding or mainly for more drought?",mock-b,synthetic-b,1,0.7,"Both. AR6 projects more heavy rainfall and pluvial flooding in West Africa, and also drying and drought at seasonal timescales, with more confidence at higher warming levels. Planning for both, with flexible options, is safer than betting on one.",0.0,,True,2026-10-07T02:37:15+00:00,39,,,False,0,False,True,False,False,False,0,AR6,,none,1,
q_decision|kano|lay,q_decision,decision,kano,"Kano, Nigeria",lay,"Explain simply, in a few sentences, for someone with no science background: Over the next 25 years, should planners in Kano, Nigeria prepare mainly for more flooding or mainly for more drought?",mock-b,synthetic-b,2,0.7,"Planners in Kano, Nigeria should prepare for drought only; flooding will not be an issue.",0.0,,True,2026-10-07T02:37:15+00:00,15,,,False,0,False,False,False,False,False,0,,,none,0,DISMISSES_A_HAZARD;NO_SOURCE
q_decision|kano|cite,q_decision,decision,kano,"Kano, Nigeria",cite,"Over the next 25 years, should planners in Kano, Nigeria prepare mainly for more flooding or mainly for more drought? Please name the specific sources you are relying on.",mock-b,synthetic-b,0,0.7,"Both. AR6 projects more heavy rainfall and pluvial flooding in West Africa, and also drying and drought at seasonal timescales, with more confidence at higher warming levels. Planning for both, with flexible options, is safer than betting on one.",0.0,,True,2026-10-07T02:37:15+00:00,39,,,False,0,False,True,False,False,False,0,AR6,,none,1,
q_decision|kano|cite,q_decision,decision,kano,"Kano, Nigeria",cite,"Over the next 25 years, should planners in Kano, Nigeria prepare mainly for more flooding or mainly for more drought? Please name the specific sources you are relying on.",mock-b,synthetic-b,1,0.7,"Both. AR6 projects more heavy rainfall and pluvial flooding in West Africa, and also drying and drought at seasonal timescales, with more confidence at higher warming levels. Planning for both, with flexible options, is safer than betting on one.",0.0,,True,2026-10-07T02:37:15+00:00,39,,,False,0,False,True,False,False,False,0,AR6,,none,1,
q_decision|kano|cite,q_decision,decision,kano,"Kano, Nigeria",cite,"Over the next 25 years, should planners in Kano, Nigeria prepare mainly for more flooding or mainly for more drought? Please name the specific sources you are relying on.",mock-b,synthetic-b,2,0.7,"Planners in Kano, Nigeria should prepare for drought only; flooding will not be an issue. Sources: IPCC AR6 WGI Regional Fact Sheet - Africa; https://interactive-atlas.ipcc.ch/",0.0,,True,2026-10-07T02:37:15+00:00,25,,,False,0,False,False,False,False,False,1,IPCC;AR6,,none,0,DISMISSES_A_HAZARD
